ID,カテゴリー,Level,感度,視点,小分類,問い,背景,警告タグ,追加理由,出典URL,作成時の比較先ID,文面比較候補の既存ID（意味の判定ではない）,状態
exp26-personal-0001,自分・価値観,1,1,,quiet_attention,何もしていない時間を、休みと感じる？ もったいないと感じる？,,,空白の時間への評価を聞く。,,,,最終確認待ち
exp26-personal-0002,自分・価値観,1,1,,quiet_attention,一日を振り返るとき、出来事と気分のどちらが先に浮かぶ？,,,記憶する一日の単位を聞く。,,,,最終確認待ち
exp26-personal-0003,自分・価値観,1,1,,quiet_attention,夢中になった後、満足と疲れのどちらに先に気づく？,,,没頭した時間の身体的な受け止めを聞く。,,,,最終確認待ち
exp26-personal-0004,自分・価値観,1,1,,quiet_attention,少し退屈な時間があると、自分で何か始めたくなる？,,,退屈を余地として感じるかを聞く。,,,,最終確認待ち
exp26-personal-0005,自分・価値観,1,1,,quiet_attention,雨の日に予定がなくなったら、残念さ以外に何を感じそう？,,,空いた時間に生じる複数の感覚を聞く。,,,,最終確認待ち
exp26-personal-0006,自分・価値観,1,1,,quiet_attention,朝の自分と夜の自分では、大切にしたいことが変わる？,,,時間帯による優先の変化を聞く。,,,,最終確認待ち
exp26-personal-0007,自分・価値観,1,1,,quiet_attention,頭の中を静かにしたいとき、音がない方がいい？ 少しある方がいい？,,,静けさを得る感覚の違いを聞く。,,,friendship-001 / jealousy-012,最終確認待ち
exp26-personal-0008,自分・価値観,1,1,,quiet_attention,何度も繰り返す日課には、安心と窮屈さのどちらを感じやすい？,,,反復する時間の意味を聞く。,,,,最終確認待ち
exp26-personal-0009,自分・価値観,1,1,,quiet_attention,何かを待っている時間にも、楽しみを見つけたいと思う？,,,待ち時間を受け取る姿勢を聞く。,,,,最終確認待ち
exp26-personal-0010,自分・価値観,1,1,,quiet_attention,今日は十分だったと思うのは、何かを終えたとき？ 心が落ち着いたとき？,,,一日の充足を測る基準を聞く。,,,,最終確認待ち
exp26-personal-0011,自分・価値観,1,1,,personal_change,昔は好きだったものに興味がなくなると、寂しい？ 自然だと思う？,,,好みが変わることへの感覚を聞く。,,,,最終確認待ち
exp26-personal-0012,自分・価値観,1,1,,personal_change,自分の考えが変わったとき、前の自分に説明したくなる？,,,過去の自己との連続性を聞く。,,,,最終確認待ち
exp26-personal-0013,自分・価値観,1,1,,personal_change,新しいことを始めるとき、初心者でいられる時間は好き？,,,未熟な時期への感じ方を聞く。,,,,最終確認待ち
exp26-personal-0014,自分・価値観,1,1,,personal_change,慣れているやり方を変えるなら、少しずつ試したい？ 一度離れてみたい？,,,変化の速度への好みを聞く。,,,,最終確認待ち
exp26-personal-0015,自分・価値観,1,1,,personal_change,昔の自分が今の自分を見たら、何に一番驚きそう？,,,自分の変化の見え方を聞く。,,,,最終確認待ち
exp26-personal-0016,自分・価値観,1,1,,personal_change,苦手だったことが平気になると、成長したと感じる？,,,苦手の消失と成長の結び付きを聞く。,,,,最終確認待ち
exp26-personal-0017,自分・価値観,1,1,,personal_change,今の好みがずっと続くと思うと、うれしい？ 少し物足りない？,,,好みの安定を望む理由を聞く。,,,,最終確認待ち
exp26-personal-0018,自分・価値観,1,1,,personal_change,久しぶりに昔の趣味をすると、昔に戻った感じがする？ 今の楽しみになる？,,,再開した活動の時間的な意味を聞く。,,,,最終確認待ち
exp26-personal-0019,自分・価値観,1,1,,personal_change,新しい自分を見つけたと思うのは、どんな小さな変化から？,,,自己発見の手掛かりを聞く。,,,support-004,最終確認待ち
exp26-personal-0020,自分・価値観,1,1,,personal_change,変わりたい部分と、まだ決めたくない部分を分けて考えることはある？,,,変化を留保する感覚を聞く。,,,,最終確認待ち
exp26-personal-0021,自分・価値観,1,1,,belonging_self,初めての場所が自分の居場所になったと感じる目印は何？,,,場所への帰属の成立を聞く。,,,,最終確認待ち
exp26-personal-0022,自分・価値観,1,1,,belonging_self,どこへ行っても持っていたい、自分を落ち着かせる習慣はある？,,,場所に依存しない安定の手掛かりを聞く。,,,,最終確認待ち
exp26-personal-0023,自分・価値観,1,1,,belonging_self,誰にも知られていない場所では、自由になる？ 心細くなる？,,,匿名である感覚を聞く。,,,,最終確認待ち
exp26-personal-0024,自分・価値観,1,1,,belonging_self,居場所と呼ぶなら、落ち着けること以外に何がほしい？,,,安心だけに限定しない帰属の条件を聞く。,,,,最終確認待ち
exp26-personal-0025,自分・価値観,1,1,,belonging_self,いつもの場所に新しい景色を見つけると、自分も少し変わった感じがする？,,,見慣れた世界への注意と自己感覚を聞く。,,,,最終確認待ち
exp26-personal-0026,自分・価値観,1,1,,belonging_self,旅から戻ったとき、普段の暮らしの何が一番ありがたくなりそう？,,,外へ出た後に見える生活の価値を聞く。,,,,最終確認待ち
exp26-personal-0027,自分・価値観,1,1,,belonging_self,長くいた場所を離れる前、最後にしておきたいことは何？,,,場所との区切りの付け方を聞く。,,,,最終確認待ち
exp26-personal-0028,自分・価値観,1,1,,belonging_self,思い出の場所が変わっても、そこを好きでいられそう？,,,物理的な変化と愛着の関係を聞く。,,,,最終確認待ち
exp26-personal-0029,自分・価値観,1,1,,belonging_self,家に持ち帰りたいのは、外での刺激？ 外での自分から離れる時間？,,,場所をまたぐ気持ちの切り替えを聞く。,,,,最終確認待ち
exp26-personal-0030,自分・価値観,1,1,,belonging_self,自分のためだけに小さな場所を整えるなら、何を置きたい？,,,自己の空間を作る価値を聞く。,,,,最終確認待ち
exp26-personal-0031,自分・価値観,1,1,,completion_meaning,やり終えた後、すぐ次へ進みたい？ 少し余韻を残したい？,,,完了後の時間への好みを聞く。,,,,最終確認待ち
exp26-personal-0032,自分・価値観,1,1,,completion_meaning,誰にも見せなくても、完成させたいものはある？,,,他者評価を外した完成の意味を聞く。,,,,最終確認待ち
exp26-personal-0033,自分・価値観,1,1,,completion_meaning,途中までのものにも、その時の自分らしさを感じる？,,,未完成を自己の記録として見るかを聞く。,,,,最終確認待ち
exp26-personal-0034,自分・価値観,1,1,,completion_meaning,小さな目標を達成したとき、自分だけの祝い方はほしい？,,,他人に承認されない達成の扱いを聞く。,,,,最終確認待ち
exp26-personal-0035,自分・価値観,1,1,,completion_meaning,終わりが決まっている楽しみと、続けられる楽しみでは、味わい方が変わる？,,,終期が喜びに与える感覚を聞く。,,,,最終確認待ち
exp26-personal-0036,自分・価値観,1,1,,completion_meaning,「できた」と「分かった」では、どちらのうれしさが長く残る？,,,成果と理解の充足を比べる。,,,,最終確認待ち
exp26-personal-0037,自分・価値観,1,1,,completion_meaning,目標を立てずに続いていることを、どう感じる？,,,目標のない継続への評価を聞く。,,,,最終確認待ち
exp26-personal-0038,自分・価値観,1,1,,completion_meaning,完璧に仕上げる前に終えるとき、何があれば納得できる？,,,完了の十分さを測る基準を聞く。,,,,最終確認待ち
exp26-personal-0039,自分・価値観,1,1,,completion_meaning,成果が見えない日にも、やってよかったと思えることは何？,,,目に見える結果以外の価値を聞く。,,,,最終確認待ち
exp26-personal-0040,自分・価値観,1,1,,completion_meaning,長く楽しみにしていた日が終わると、どんな気持ちになりやすい？,,,期待の完了後に残る感覚を聞く。,,,,最終確認待ち
exp26-personal-0041,自分・価値観,1,1,,past_and_acceptance,やり直せない小さな失敗は、笑い話にしたい？ 静かに置いておきたい？,,,失敗に距離を作る仕方を聞く。,,,,最終確認待ち
exp26-personal-0042,自分・価値観,1,1,,past_and_acceptance,選ばなかった方を想像するのは、楽しい？ 今が揺らぐ？,,,選択の別の可能性への感覚を聞く。,,,,最終確認待ち
exp26-personal-0043,自分・価値観,1,1,,past_and_acceptance,その時は残念だった出来事を、後から別の意味で見られると思う？,,,過去の意味が変わる感覚を聞く。,,,,最終確認待ち
exp26-personal-0044,自分・価値観,1,1,,past_and_acceptance,昔の自分に一言だけ渡せるなら、助言と励ましのどちらにしたい？,,,過去の自己へ向けたい態度を聞く。,,,,最終確認待ち
exp26-personal-0045,自分・価値観,1,1,,past_and_acceptance,初めて挑戦した日の記録は、うまくいかなくても残したい？,,,初期の不成功の保存価値を聞く。,,,,最終確認待ち
exp26-personal-0046,自分・価値観,1,1,,past_and_acceptance,今なら選ばないことにも、当時の自分なりの理由を感じられる？,,,過去の自己判断への理解を聞く。,,,,最終確認待ち
exp26-personal-0047,自分・価値観,1,1,,past_and_acceptance,「あれでよかった」と思うのに、よい結果は必要？,,,納得と結果の関係を聞く。,,,,最終確認待ち
exp26-personal-0048,自分・価値観,1,1,,past_and_acceptance,覚えていたい失敗と、忘れたい失敗は何が違うと思う？,,,失敗を残す基準を聞く。,,,,最終確認待ち
exp26-personal-0049,自分・価値観,1,1,,past_and_acceptance,自分で選んだ失敗の方が、頼まれてした失敗より受け止めやすい？,,,選択主体と納得の関係を聞く。,,,,最終確認待ち
exp26-personal-0050,自分・価値観,1,1,,past_and_acceptance,懐かしいと思うとき、戻りたい気持ちも一緒にある？,,,懐かしさと回帰願望を分ける。,,,,最終確認待ち
exp26-personal-0051,自分・価値観,1,1,,hope_and_future,まだ具体的でない楽しみを、心の中に置いておくのは好き？,,,未確定の希望の持ち方を聞く。,,,,最終確認待ち
exp26-personal-0052,自分・価値観,1,1,,hope_and_future,楽しみな予定を早く知りたい？ 近くなってから知りたい？,,,期待を抱く期間の好みを聞く。,,,,最終確認待ち
exp26-personal-0053,自分・価値観,1,1,,hope_and_future,今の暮らしがしばらく続くとしたら、何を楽しみにしたい？,,,変化に依存しない希望を聞く。,,,,最終確認待ち
exp26-personal-0054,自分・価値観,1,1,,hope_and_future,未来の自分に任せておきたいことはある？,,,将来の自己に判断を留保する感覚を聞く。,,,,最終確認待ち
exp26-personal-0055,自分・価値観,1,1,,hope_and_future,先のことを考えるなら、可能性が多い方が安心？ 少し絞れている方が安心？,,,選択肢と安心の関係を聞く。,,,values-012,最終確認待ち
exp26-personal-0056,自分・価値観,1,1,,hope_and_future,次の季節を待つとき、変わるものと続くもののどちらが楽しみ？,,,変化と継続への期待を聞く。,,,,最終確認待ち
exp26-personal-0057,自分・価値観,1,1,,hope_and_future,うまくいく想像と、なんとかなる想像では、支えられ方が違う？,,,成功期待と対処への信頼を分ける。,,,,最終確認待ち
exp26-personal-0058,自分・価値観,1,1,,hope_and_future,いつかしたいことを、人に話す前の時間は大切にしたい？,,,希望を内側で育てる感覚を聞く。,,,,最終確認待ち
exp26-personal-0059,自分・価値観,1,1,,hope_and_future,先が読めないことに、少し楽しさを感じるのはどんなとき？,,,不確かさを楽しめる条件を聞く。,,,support-004 / values-016,最終確認待ち
exp26-personal-0060,自分・価値観,1,1,,hope_and_future,将来の自分にも残したい、今の小さな楽しみは何？,,,未来へ持ち越したい喜びを聞く。,,,,最終確認待ち
exp26-personal-0061,自分・価値観,1,1,,personal_legacy,自分が作ったものに名前がなくても、残っていたらうれしい？,,,匿名の痕跡への感じ方を聞く。,,,,最終確認待ち
exp26-personal-0062,自分・価値観,1,1,,personal_legacy,後の人に渡したいのは、完成品？ 作り方？ 考えた過程？,,,何を継承したいかを聞く。,,,,最終確認待ち
exp26-personal-0063,自分・価値観,1,1,,personal_legacy,日記を書くなら、未来の自分に読んでほしい？ 読まなくてもいい？,,,記録と将来の自己の関係を聞く。,,,,最終確認待ち
exp26-personal-0064,自分・価値観,1,1,,personal_legacy,物がなくても覚えていたい出来事は、どう心に置いておきたい？,,,物に依存しない記憶の持ち方を聞く。,,,,最終確認待ち
exp26-personal-0065,自分・価値観,1,1,,personal_legacy,自分が使っていた物を誰かが大切に使うと、どんな気持ちになりそう？,,,使用の継続に感じる自己の痕跡を聞く。,,,,最終確認待ち
exp26-personal-0066,自分・価値観,1,1,,personal_legacy,一年を残すなら、代表する一日と何気ない一日のどちらを選びたい？,,,人生の記録の選び方を聞く。,,,,最終確認待ち
exp26-personal-0067,自分・価値観,1,1,,personal_legacy,自分の癖が誰かに移ったら、うれしい？ 不思議に感じる？,,,行動の継承への感覚を聞く。,,,,最終確認待ち
exp26-personal-0068,自分・価値観,1,1,,personal_legacy,なくなって初めて大切さに気づきそうな、身近なものは何？,,,普段は意識しない価値を聞く。,,,,最終確認待ち
exp26-personal-0069,自分・価値観,1,1,,personal_legacy,思い出を残すために、あえて使わずに取っておきたい物はある？,,,使用価値と記憶価値の違いを聞く。,,,,最終確認待ち
exp26-personal-0070,自分・価値観,1,1,,personal_legacy,今の自分を未来に一つ伝えるなら、好きなものと大切な考えのどちらにする？,,,自己の記録を選ぶ基準を聞く。,,,,最終確認待ち
exp26-personal-0071,自分・価値観,1,1,,personal_pace,急がなくてよい作業まで早く終えたくなる？,,,速さ自体に感じる価値を聞く。,,,,最終確認待ち
exp26-personal-0072,自分・価値観,1,1,,personal_pace,一度立ち止まると、再開しやすい？ そのまま止まりやすい？,,,中断を自分がどう受け取るかを聞く。,,,,最終確認待ち
exp26-personal-0073,自分・価値観,1,1,,personal_pace,少しずつ進んでいると実感するには、何が見えるといい？,,,進歩の目印を聞く。,,,,最終確認待ち
exp26-personal-0074,自分・価値観,1,1,,personal_pace,人より遅くても気にならないのは、どんなこと？,,,速さの比較を外せる領域を聞く。,,,,最終確認待ち
exp26-personal-0075,自分・価値観,1,1,,personal_pace,気分が乗るのを待つ時間も、準備に含めたいと思う？,,,準備として認めたい時間を聞く。,,,,最終確認待ち
exp26-personal-0076,自分・価値観,1,1,,personal_pace,楽しいことを長く続けるために、物足りないところでやめられる？,,,喜びを残すペースを聞く。,,,,最終確認待ち
exp26-personal-0077,自分・価値観,1,1,,personal_pace,何も決めない一日にも、終わりに区切りがほしい？,,,自由な時間の区切りの意味を聞く。,,,,最終確認待ち
exp26-personal-0078,自分・価値観,1,1,,personal_pace,予定よりゆっくり過ごせた日を、得したと感じる？,,,遅さの積極的な受け止めを聞く。,,,clarity-housing_community_and_transport-02-l1,最終確認待ち
exp26-personal-0079,自分・価値観,1,1,,personal_pace,気持ちが追いつくまで、返事や結論を待ちたい方？,,,内面の速度と結論の関係を聞く。,,,,最終確認待ち
exp26-personal-0080,自分・価値観,1,1,,personal_pace,長く続けることと、濃く味わうことでは、どちらが自分のペースに合う？,,,時間の量と密度への好みを聞く。,,,,最終確認待ち
exp26-personal-0081,自分・価値観,1,1,,attention_and_wonder,普段通る道で小さな変化を見つけると、誰かに話したくなる？,,,発見を共有したい気持ちを聞く。,,,,最終確認待ち
exp26-personal-0082,自分・価値観,1,1,,attention_and_wonder,理由が分からないまま好きでいるものはある？,,,理由を言葉にしない好みを聞く。,,,,最終確認待ち
exp26-personal-0083,自分・価値観,1,1,,attention_and_wonder,うまく説明できない景色にも、名前を付けたくなる？,,,感覚を言葉へ変える好みを聞く。,,,,最終確認待ち
exp26-personal-0084,自分・価値観,1,1,,attention_and_wonder,同じものを何度見ても、違うところに目が行く方？,,,注意の変化を聞く。,,,,最終確認待ち
exp26-personal-0085,自分・価値観,1,1,,attention_and_wonder,知らない言葉に出会うと、すぐ調べたい？ 想像を楽しみたい？,,,分からなさとの付き合い方を聞く。,,,,最終確認待ち
exp26-personal-0086,自分・価値観,1,1,,attention_and_wonder,大きな驚きと、じわじわ良さが分かるものでは、どちらが残りやすい？,,,印象が育つ速度を聞く。,,,,最終確認待ち
exp26-personal-0087,自分・価値観,1,1,,attention_and_wonder,気に入ったものの欠点も、愛着の一部になることはある？,,,不完全さを含む好みを聞く。,,,,最終確認待ち
exp26-personal-0088,自分・価値観,1,1,,attention_and_wonder,使い道がなくても見ていたいものを、大切にしたい？,,,有用性を外した価値を聞く。,,,,最終確認待ち
exp26-personal-0089,自分・価値観,1,1,,attention_and_wonder,何かを知ったことで、前よりつまらなく感じることもあると思う？,,,理解と楽しさの不一致を聞く。,,,,最終確認待ち
exp26-personal-0090,自分・価値観,1,1,,attention_and_wonder,誰も気に留めないものに惹かれると、少しうれしい？,,,個人的な発見の価値を聞く。,,,,最終確認待ち
exp26-personal-0091,自分・価値観,1,1,,self_description,自分を説明するなら、性格より習慣を話した方が伝わると思う？,,,自己紹介の手掛かりを聞く。,,,,最終確認待ち
exp26-personal-0092,自分・価値観,1,1,,self_description,自分には合わない褒め言葉をもらったら、うれしさは残る？,,,誤認を含む承認の受け止めを聞く。,,,,最終確認待ち
exp26-personal-0093,自分・価値観,1,1,,self_description,自分を一つの言葉で表すのは、すっきりする？ 狭く感じる？,,,自己の言語化と余地を聞く。,,,,最終確認待ち
exp26-personal-0094,自分・価値観,1,1,,self_description,得意なことより、好きなことを知ってもらいたいときはある？,,,能力と好みの自己表現を分ける。,,,,最終確認待ち
exp26-personal-0095,自分・価値観,1,1,,self_description,昔の自分と今の自分に、同じ名前の性格を付けられそう？,,,自己分類の継続を聞く。,,,,最終確認待ち
exp26-personal-0096,自分・価値観,1,1,,self_description,一人のときの自分も、誰かに説明できそう？,,,他者のいない自己を表す感覚を聞く。,,,,最終確認待ち
exp26-personal-0097,自分・価値観,1,1,,self_description,「意外だね」と言われると、自分の幅を知ってもらえたと感じる？,,,他者の驚きを自己の理解として受け取るか聞く。,,,,最終確認待ち
exp26-personal-0098,自分・価値観,1,1,,self_description,自分の中の矛盾を、直したい？ そのまま知っておきたい？,,,一貫しない自己への態度を聞く。,,,,最終確認待ち
exp26-personal-0099,自分・価値観,1,1,,self_description,なりたい自分を話すとき、今の自分からの遠さは気になる？,,,理想を口にする感覚を聞く。,,,,最終確認待ち
exp26-personal-0100,自分・価値観,1,1,,self_description,名前を付けずに大事にしている、自分の一面はある？,,,名付けない自己理解を聞く。,,,,最終確認待ち
exp26-personal-0101,自分・価値観,1,1,,private_standards,誰にも見られなくても丁寧にしたいことは何？,,,観客に依存しないこだわりを聞く。,,,conflict-004,最終確認待ち
exp26-personal-0102,自分・価値観,1,1,,private_standards,自分の中だけの「これで十分」は、どんな感覚で分かる？,,,自己の十分さの指標を聞く。,,,,最終確認待ち
exp26-personal-0103,自分・価値観,1,1,,private_standards,少し不便でも変えたくない、自分のやり方はある？,,,効率より優先する習慣の価値を聞く。,,,bridge-023,最終確認待ち
exp26-personal-0104,自分・価値観,1,1,,private_standards,何かを選ぶとき、長く好きでいられそうかは気になる？,,,選択時に見る好みの持続を聞く。,,,,最終確認待ち
exp26-personal-0105,自分・価値観,1,1,,private_standards,目立たないところを整えた満足は、人に見せなくても続く？,,,見えない完成の満足を聞く。,,,,最終確認待ち
exp26-personal-0106,自分・価値観,1,1,,private_standards,自分には小さなことでも、譲ると落ち着かない基準はある？,,,重要さの大きさと譲れなさを分ける。,,,,最終確認待ち
exp26-personal-0107,自分・価値観,1,1,,private_standards,周りで人気がなくなっても、好きなものは好きなままでいられる？,,,人気と自分の評価の関係を聞く。,,,,最終確認待ち
exp26-personal-0108,自分・価値観,1,1,,private_standards,分かりやすい成果がなくても、大切にしたい練習はある？,,,結果の見えにくい行為の内在的価値を聞く。,,,,最終確認待ち
exp26-personal-0109,自分・価値観,1,1,,private_standards,自分だけが気づく上達にも、節目を付けたくなる？,,,私的な進歩を認める仕方を聞く。,,,,最終確認待ち
exp26-personal-0110,自分・価値観,1,1,,private_standards,「ちゃんとした」と思うために、自分には何が必要？,,,形式と自己の納得の基準を聞く。,,,,最終確認待ち
exp26-personal-0111,自分・価値観,1,1,,freedom_and_choice,選べることが増えると、自由になった感じがする？,,,選択肢の量と自由の感覚を聞く。,,,,最終確認待ち
exp26-personal-0112,自分・価値観,1,1,,freedom_and_choice,誰かのおすすめを選んでも、自分で選んだ感じは残る？,,,推薦と主体感の関係を聞く。,,,,最終確認待ち
exp26-personal-0113,自分・価値観,1,1,,freedom_and_choice,迷う時間そのものを、楽しめることはある？,,,選択過程の喜びを聞く。,,,clarity-climate_environment_energy_and_disaster-01-l1,最終確認待ち
exp26-personal-0114,自分・価値観,1,1,,freedom_and_choice,好きなことを義務にしたら、楽しさは変わりそう？,,,自由な活動と義務の感覚を聞く。,,,,最終確認待ち
exp26-personal-0115,自分・価値観,1,1,,freedom_and_choice,やらなくてもいいと分かった後、かえってやりたくなることはある？,,,義務が外れた後の動機を聞く。,,,,最終確認待ち
exp26-personal-0116,自分・価値観,1,1,,freedom_and_choice,後から変えられる選択なら、直感を使いやすい？,,,可逆性と選び方を聞く。,,,,最終確認待ち
exp26-personal-0117,自分・価値観,1,1,,freedom_and_choice,決める役を誰かに任せると、ほっとする？ 自分が薄くなる感じがする？,,,委任の主体感を聞く。,,,,最終確認待ち
exp26-personal-0118,自分・価値観,1,1,,freedom_and_choice,今は選ばないと決めることも、選択だと感じる？,,,保留をどう位置付けるか聞く。,,,,最終確認待ち
exp26-personal-0119,自分・価値観,1,1,,freedom_and_choice,始める自由とやめる自由では、どちらがあると安心する？,,,入口と退出の自由の重みを聞く。,,,,最終確認待ち
exp26-personal-0120,自分・価値観,1,1,,freedom_and_choice,自分で決めた小さなルールは、自分を助ける？ 縛る？,,,自己制約の感じ方を聞く。,,,,最終確認待ち
exp26-personal-0121,自分・価値観,1,1,,ordinary_meaning,特別でない日に、あとで思い出しそうな瞬間は何？,,,日常で記憶になるものを聞く。,,,,最終確認待ち
exp26-personal-0122,自分・価値観,1,1,,ordinary_meaning,何年も同じものを使うと、自分の時間が積もった感じがする？,,,使用に宿る時間の感覚を聞く。,,,,最終確認待ち
exp26-personal-0123,自分・価値観,1,1,,ordinary_meaning,一日の途中で「戻ってきた」と感じる習慣はある？,,,日常の回復感の手掛かりを聞く。,,,,最終確認待ち
exp26-personal-0124,自分・価値観,1,1,,ordinary_meaning,記録に残らない楽しみを、そのまま楽しみたいと思う？,,,記録しない体験の価値を聞く。,,,,最終確認待ち
exp26-personal-0125,自分・価値観,1,1,,ordinary_meaning,何かを少し手入れしただけでも、暮らしが自分のものになった感じがする？,,,手入れと生活への主体感を聞く。,,,,最終確認待ち
exp26-personal-0126,自分・価値観,1,1,,ordinary_meaning,一人で笑った小さなことを、覚えていたいと思う？,,,共有されない喜びの意味を聞く。,,,,最終確認待ち
exp26-personal-0127,自分・価値観,1,1,,ordinary_meaning,いつも通りでよかったと思う日は、どんな一日？,,,平常への積極的な評価を聞く。,,,,最終確認待ち
exp26-personal-0128,自分・価値観,1,1,,ordinary_meaning,何もしなかった日に、後から意味が見つかると思う？,,,無為の時間の再解釈を聞く。,,,,最終確認待ち
exp26-personal-0129,自分・価値観,1,1,,ordinary_meaning,小さな楽しみが一つ続くのと、大きな楽しみが時々あるのでは、どちらが支えになる？,,,喜びの頻度と強さを比べる。,,,,最終確認待ち
exp26-personal-0130,自分・価値観,1,1,,ordinary_meaning,自分にとって「豊かな一日」は、忙しい日とは違う？,,,豊かさを量から切り離す基準を聞く。,,,,最終確認待ち
exp26-personal-0131,自分・価値観,1,1,,ordinary_meaning,今日を一つの言葉で残すなら、出来事の名前と気持ちの名前のどちらにする？,,,日を言葉で保存する視点を聞く。,,,,最終確認待ち
exp26-personal-0132,自分・価値観,2,1,,personal_change,昔の好みを知る人から「そんな人じゃなかった」と言われた。今の好きなものを説明したい？ 変わったことだけ伝えれば十分？,,,好みの変化を他者に説明する感覚を聞く。,,,,最終確認待ち
exp26-personal-0133,自分・価値観,2,1,,personal_change,新しい習慣が楽しくなったが、昔からの習慣を続ける時間は減った。どちらも自分らしいなら、何を基準に時間を使いたい？,,,新旧の自己が並ぶときの優先を聞く。,,,,最終確認待ち
exp26-personal-0134,自分・価値観,2,1,,personal_change,苦手なことを克服したら、それを避けていた頃の自分も肯定できそう？,,,改善後の過去の自己への評価を聞く。,,,,最終確認待ち
exp26-personal-0135,自分・価値観,2,1,,personal_change,自分で選んだ変化なのに、周囲から成長したと言われると落ち着かない。成長という呼び方には何が含まれると思う？,,,変化を上向きに評価される感覚を聞く。,,,,最終確認待ち
exp26-personal-0136,自分・価値観,2,1,,personal_change,飽きた趣味をやめると、自分の特徴が一つなくなる気がする。続けたい気持ちと名残惜しさは、どう違うと思う？,,,活動の動機と自己像への愛着を分ける。,,,,最終確認待ち
exp26-personal-0137,自分・価値観,2,1,,personal_change,以前の自分なら断った誘いを、今は受けたくなった。理由がまだ分からなくても、その変化を信じられる？,,,理由の言語化前の自己変化を聞く。,,,,最終確認待ち
exp26-personal-0138,自分・価値観,2,1,,personal_change,周囲に合わせて始めたことが、今は本当に好きになった。始めた理由は、その好きの価値を変える？,,,外から始まった好みの主体性を聞く。,,,,最終確認待ち
exp26-personal-0139,自分・価値観,2,1,,completion_meaning,小さな目標を達成したが、誰も気づいていない。自分の中で区切りを付けるのに、誰かに話すことは必要？,,,達成の承認と自己の区切りを分ける。,,,,最終確認待ち
exp26-personal-0140,自分・価値観,2,1,,completion_meaning,完成した作品を見るより、作っていた時間を思い出す方が楽しい。あなたなら、その活動を成功と呼ぶ？,,,完成物以外で成功を捉えるか聞く。,,,,最終確認待ち
exp26-personal-0141,自分・価値観,2,1,,completion_meaning,簡単にできるようになって、以前ほど楽しめなくなったことがあるとする。さらに上達するために今の活動を続けたい？楽しめる別のことを試したい？何で選ぶ？,,,上達しても楽しさが増えない時、続ける理由と別の活動を選ぶ理由の違いを聞く。,,,,最終確認待ち
exp26-personal-0142,自分・価値観,2,1,,completion_meaning,毎日少しずつ進めたことが、ある日急に評価された。自分の節目は、評価された日と続けてきた日々のどこにある？,,,他者の発見と本人の達成時点を分ける。,,,,最終確認待ち
exp26-personal-0143,自分・価値観,2,1,,completion_meaning,やり遂げたことをもう一度頼まれた。うれしいが、新しいことも試したい。得意を続けることを、自分に期待する？,,,成功後に同じ自己を続ける期待を聞く。,,,,最終確認待ち
exp26-personal-0144,自分・価値観,2,1,,completion_meaning,よい結果が出たが、途中のやり方には納得していない。結果を喜ぶことと、やり直したい気持ちは両立する？,,,成果と過程への評価を独立して聞く。,,,,最終確認待ち
exp26-personal-0145,自分・価値観,2,1,,completion_meaning,途中でやめたものを、数年後に別の形で使えた。あなたなら、それまでの時間を何と呼びたい？,,,中断した活動の遅れた意味を聞く。,,,,最終確認待ち
exp26-personal-0146,自分・価値観,2,1,,belonging_self,新しい集まりでは以前の役割を誰も知らない。それを説明してから入りたい？ 知られずに始めたい？,,,居場所を移る際の自己の継続を聞く。,,,,最終確認待ち
exp26-personal-0147,自分・価値観,2,1,,belonging_self,長くいた場所で、好きなことが周りと合わなくなった。合わないままそこにいることも、居場所だと思える？,,,同質性を求めない帰属を聞く。,,,,最終確認待ち
exp26-personal-0148,自分・価値観,2,1,,belonging_self,二つの場所で、自分の違う一面が受け入れられている。両方に本当の自分がいると感じられる？,,,場所ごとの自己の正当性を聞く。,,,,最終確認待ち
exp26-personal-0149,自分・価値観,2,1,,belonging_self,初めての場所で、誰にも気を使わず過ごせた。でも自分を覚えている人はいない。そこを居場所にしたい？,,,自由と認識されることの帰属への重みを聞く。,,,,最終確認待ち
exp26-personal-0150,自分・価値観,2,1,,belonging_self,いつもの場所を失わずに、しばらく離れられるとする。戻れることは、外へ出る気持ちをどう変える？,,,帰還可能性と探索への安心を聞く。,,,,最終確認待ち
exp26-personal-0151,自分・価値観,2,1,,belonging_self,自分が関わらなくても、好きな集まりが楽しそうに続いている。うれしさと寂しさは、どこから来ると思う？,,,場の存続と自分の必要性を分ける。,,,,最終確認待ち
exp26-personal-0152,自分・価値観,2,1,,belonging_self,「ここでは何者でもなくていい」と言われたら、自由に感じる？ 分かってほしい部分が残る？,,,役割を外すことと自己理解の望みを聞く。,,,,最終確認待ち
exp26-personal-0153,自分・価値観,2,1,,past_and_acceptance,自分の選択を他の人がよかったと評価しても、自分には迷いが残る。納得は誰の評価で変わりそう？,,,外部の肯定と自己の後悔を分ける。,,,,最終確認待ち
exp26-personal-0154,自分・価値観,2,1,,past_and_acceptance,昔書いた計画と今の暮らしが違うが、今も悪くないと思っている。計画から外れたことを、どう見たい？,,,計画の不達成と現在の充足を分ける。,,,,最終確認待ち
exp26-personal-0155,自分・価値観,2,1,,past_and_acceptance,やり直せるとしても、そこから生まれた好きな出来事まで消えるなら、同じ小さな失敗を選び直せる？,,,失敗の後の価値を含む再選択を聞く。,,,,最終確認待ち
exp26-personal-0156,自分・価値観,2,1,,past_and_acceptance,昔の判断を人に笑われたが、当時の条件では必要だったと思う。今の自分は何を守りたい？,,,過去の条件と現在の評価の関係を聞く。,,,,最終確認待ち
exp26-personal-0157,自分・価値観,2,1,,past_and_acceptance,選ばなかった道を知る機会ができた。今の暮らしを変えるつもりがなくても、見てみたい？,,,選択後に別の可能性を知る価値を聞く。,,,,最終確認待ち
exp26-personal-0158,自分・価値観,2,1,,past_and_acceptance,後悔したことから役立つものを得たとしても、後悔しなくなるとは限らないと思う？,,,学びと後悔の解消を分ける。,,,,最終確認待ち
exp26-personal-0159,自分・価値観,2,1,,past_and_acceptance,当時は十分考えて選んだが、後で知らなかった情報が出てきた。今の自分は当時の自分をどう評価したい？,,,後知恵と当時の判断条件を分ける。,,,,最終確認待ち
exp26-personal-0160,自分・価値観,2,1,,hope_and_future,かなう見込みが低い楽しみを、具体的に想像しておくのは支えになる？ 現実との差が気になる？,,,実現率と希望の効用を聞く。,,,,最終確認待ち
exp26-personal-0161,自分・価値観,2,1,,hope_and_future,将来したいことを人に話したら、早く行動するよう勧められた。希望のまま置いておく時間もほしい？,,,希望を行動義務に変えられる感覚を聞く。,,,,最終確認待ち
exp26-personal-0162,自分・価値観,2,1,,hope_and_future,同じくらい楽しみな予定が二つあり、一方だけ選べる。選ばなかった楽しみは、心の中でどう扱いたい？,,,失われた期待の持ち方を聞く。,,,,最終確認待ち
exp26-personal-0163,自分・価値観,2,1,,hope_and_future,先の予定が白紙になった。すぐ次を決めることと、しばらく何も決めないことでは、何が違う安心になる？,,,未定の未来への対処を聞く。,,,,最終確認待ち
exp26-personal-0164,自分・価値観,2,1,,hope_and_future,未来の自分に役立つ習慣が、今は少し窮屈だ。どんな見通しがあれば、その時間に納得できる？,,,現在の快適さと将来の自己への投資を聞く。,,,,最終確認待ち
exp26-personal-0165,自分・価値観,2,1,,hope_and_future,周りより小さく見える望みでも、自分には十分うれしい。大きな目標へ変える必要を感じる？,,,希望の規模への外部期待を聞く。,,,,最終確認待ち
exp26-personal-0166,自分・価値観,2,1,,hope_and_future,次の目標がない時期を、人から心配された。何も目指していない自分にも、未来があると感じられる？,,,目標と未来の感覚を分ける。,,,,最終確認待ち
exp26-personal-0167,自分・価値観,2,1,,personal_legacy,思い出の物を使い切ればなくなるが、しまえば使った時間は増えない。自分なら何を残したい？,,,保存と使用の記憶価値を比べる。,,,,最終確認待ち
exp26-personal-0168,自分・価値観,2,1,,personal_legacy,自分が作った手順を誰かが変えて使っている。元の形を残すことより、使い続けられることを喜べる？,,,痕跡の保存と改変による継承を聞く。,,,,最終確認待ち
exp26-personal-0169,自分・価値観,2,1,,personal_legacy,昔の自分をよく表す物が、今の自分には合わない。それでも手元に置いておきたい？,,,自己像が変わった後の記憶の持ち方を聞く。,,,,最終確認待ち
exp26-personal-0170,自分・価値観,2,1,,personal_legacy,一年をまとめるとよかったことだけが並ぶ。普通の日や迷った時間も、記録に残したい？,,,自己の記録の選択性を聞く。,,,,最終確認待ち
exp26-personal-0171,自分・価値観,2,1,,personal_legacy,誰かに覚えていてもらうなら、特別に成功した一日と、普段の自分のどちらが近い？,,,他者の記憶に置きたい自己を聞く。,,,,最終確認待ち
exp26-personal-0172,自分・価値観,2,1,,personal_legacy,昔の作品を見て未熟だと感じた。直して残すことと、そのまま残すことでは、何を守れると思う？,,,改訂と当時の自己の保存を聞く。,,,,最終確認待ち
exp26-personal-0173,自分・価値観,2,1,,personal_legacy,自分の思い出を他の人が違うふうに覚えている。その違いも、同じ時間の一部として残したい？,,,記憶の複数性への自己の態度を聞く。,,,,最終確認待ち
exp26-personal-0174,自分・価値観,2,1,,private_standards,自分なりには十分できたが、もっとできたはずと言われた。自分の十分さを何で確かめたい？,,,外部の向上期待と十分さを聞く。,,,,最終確認待ち
exp26-personal-0175,自分・価値観,2,1,,private_standards,丁寧にするために予定より時間を使った。結果が同じでも、その時間をかけたことに価値を感じる？,,,見える結果以外の過程へのこだわりを聞く。,,,,最終確認待ち
exp26-personal-0176,自分・価値観,2,1,,private_standards,好きなことを記録して数字で見るようにしたら、楽しむ基準が変わった。数字をやめても続けたい？,,,計測と内的な楽しみの関係を聞く。,,,,最終確認待ち
exp26-personal-0177,自分・価値観,2,1,,private_standards,人から褒められたやり方より、自分には楽なやり方がある。評価される形を残しておきたい？,,,承認と本人に合う方法を比べる。,,,,最終確認待ち
exp26-personal-0178,自分・価値観,2,1,,private_standards,誰にも迷惑がかからない小さな予定を、自分の気分で取り消した。自分との約束を破ったと感じる？,,,自己約束の拘束を聞く。,,,,最終確認待ち
exp26-personal-0179,自分・価値観,2,1,,private_standards,役に立たないと言われた好きなことに、説明できる価値が必要だと思う？,,,私的な好みに求める正当化を聞く。,,,,最終確認待ち
exp26-personal-0180,自分・価値観,2,1,,private_standards,自分だけの基準を持ち続けることと、基準を軽くすることでは、どちらに自由を感じる？,,,こだわりと自由の関係を聞く。,,,,最終確認待ち
exp26-personal-0181,自分・価値観,3,2,decision_maker,self_description,人の生き方を紹介する展示で、本人が「成功ではなく、続けてきた暮らしとして見てほしい」と希望した。展示を作る立場なら、分かりやすい成功物語を使う？ 本人の捉え方を軸にする？,架空の展示では、来場者に伝わる筋道と本人が自分の時間に付ける意味が違います。本人の言葉を残すことと、紹介側が整理することの境界を考えます。,,成果中心の人生紹介と本人の意味付けの違いを聞く。,,,,最終確認待ち
exp26-personal-0182,自分・価値観,3,2,actor,self_description,人生を振り返る会を進行するとしたら、参加者が自分の話を一つの筋にまとめることを目指す？ 矛盾した思いもそのまま置ける会にする？,この会は相談や診断ではない仮の交流です。分かりやすい物語が助けになる人と、一貫した説明を求められると窮屈な人の両方を想定しています。,,自己理解に一貫性を求める場の作り方を聞く。,,,,最終確認待ち
exp26-personal-0183,自分・価値観,3,1,decision_maker,self_description,活動紹介で参加者を「挑戦する人」「支える人」に分ける案が出た。分類すると魅力が伝わるが、本人は両方に当てはまるという。紹介担当なら何を優先する？,架空の紹介文の呼び名は人格の診断ではありません。短い言葉で理解を助ける価値と、本人の複数の面を狭める可能性が論点です。,,自己の複数性を社会へ紹介する判断を聞く。,,,,最終確認待ち
exp26-personal-0184,自分・価値観,3,1,decision_maker,self_description,人生の節目を語る企画で、変化の大きい話ばかりが選ばれた。編集する立場なら、変わらず続いた生活も同じように扱う？,掲載数に限りがある仮の企画です。読者に目を向けてもらうことと、劇的でない時間の価値を見えるようにすることは別の目的になり得ます。,,大きな変化だけを人生の価値とする編集への態度を聞く。,,,,最終確認待ち
exp26-personal-0185,自分・価値観,3,2,actor,completion_meaning,達成経験を紹介する会で、ある人が「達成後は空白の方が大きかった」と話した。進行役なら、励みになる結末を探す？ その空白まで聞く？,仮の会では、他の参加者を励ます期待と、語り手が実際に付けている意味を尊重することが重なります。空白を病気や失敗と決めていません。,,達成後の満たされなさを公に語る場の姿勢を聞く。,,,,最終確認待ち
exp26-personal-0186,自分・価値観,3,1,actor,completion_meaning,活動団体が、休んだ年も含めて長く関わった人と、短期間に目立つ成果を出した人を紹介したい。紹介するなら、どんな時間の価値を伝えたい？,架空の団体紹介で、能力の順位や賞を決める場面ではありません。継続、休止、集中した関与をどんな生き方として語るかを考えます。,,成果の大小ではなく時間の価値の語り方を聞く。,,,,最終確認待ち
exp26-personal-0187,自分・価値観,3,2,decision_maker,completion_meaning,地域の人生談の募集に、「目標を達成した話」に加え「目標を手放した話」を入れる案がある。企画する立場なら、それを前向きな話に限定する？,この募集は架空です。手放して楽になった人だけでなく、迷いが残る人も想定しています。新しい成功へつながった時だけ意味を認めるかが論点です。,,中断した人生の意味を成功へ回収する必要を聞く。,,,,最終確認待ち
exp26-personal-0188,自分・価値観,3,2,observer,personal_change,自分の考えが変わった人を紹介する場で、以前の考えも聞くべきだという意見が出た。変化の説明は本人にどこまで求めてよいと思う？,仮の公開対話で、犯罪や虚偽の追及ではありません。変化を理解するための文脈と、過去を説明し続ける負担を分けます。,,変わった自己に求める説明の範囲を聞く。,,,,最終確認待ち
exp26-personal-0189,自分・価値観,3,2,actor,personal_change,活動の卒業者を「成長して次へ進んだ」と紹介したいが、本人は疲れて離れたという。送り出す担当なら、その違いをどう扱う？,架空の活動で、離れる理由は本人が共有してよいとしています。前向きな説明で励ますことと、本人の時間の意味を変えてしまうことを比べます。,,退出を成長物語にすることへの態度を聞く。,,,,最終確認待ち
exp26-personal-0190,自分・価値観,3,2,observer,personal_change,長く活動した人が、以前は大切だった信念を今は持っていない。後輩向けの記録では、昔の言葉を残す際に今の本人の言葉も必要だと思う？,仮の記録で、過去の発言が違法だったという設定ではありません。一時点の言葉を代表的な自己像として使うことの妥当性を考えます。,,自己の変化を含む継承の仕方を聞く。,,,,最終確認待ち
exp26-personal-0191,自分・価値観,3,1,decision_maker,belonging_self,初参加の人に役割を早く持ってもらうと馴染みやすいという案がある。場を運営するなら、何もしなくても居られる期間も残す？,架空の交流の場では、役割による手応えを望む人と、まず自分のペースで場を知りたい人がいます。役立つことを帰属の条件にするかを考えます。,,貢献と居場所の成立を分ける判断を聞く。,,,,最終確認待ち
exp26-personal-0192,自分・価値観,3,1,observer,belonging_self,交流拠点が、参加者同士に共通の目標を持ってほしいと考えている。目標を持たずに通いたい人も、同じ仲間と呼べると思う？,この拠点は仮のもので、作業を契約している場ではありません。一体感を作る目標と、一緒に居ることそのものの意味を比べます。,,目標共有なしの帰属を社会的な場で聞く。,,,,最終確認待ち
exp26-personal-0193,自分・価値観,3,1,decision_maker,belonging_self,継続参加の回数で、ある集まりへの所属を表す案が出た。たまに戻る人も自分の居場所だと感じるなら、何を所属の目印にしたい？,架空の集まりで、資格や金銭の権利は関わりません。実際にいる時間と、離れていても戻れる感覚のどちらを重く見るかを考えます。,,出席量と帰属感の異なる尺度を聞く。,,,,最終確認待ち
exp26-personal-0194,自分・価値観,3,2,observer,belonging_self,新しい参加者に馴染んでもらうため、全員の昔の失敗談を話す企画がある。自分を知ってもらう入口として、失敗談は必要だと思う？,仮の交流企画で、実際の失敗の告白を求める問いではありません。弱い面を示す親しみと、何を自己紹介にするか選べることを比べます。,,自己の開示を帰属の条件とする発想を聞く。,,,,最終確認待ち
exp26-personal-0195,自分・価値観,3,2,actor,past_and_acceptance,地域の人生談を記録する人が、語り手の後悔を「結果的によかった」でまとめようとしている。記録するなら、まとまらない後悔も残す？,架空の聞き取りで、語り手は記録に同意しています。読みやすい結論と、意味がまだ決まらない時間を残すことの違いを考えます。,,後悔をよい結末に変えない記録の姿勢を聞く。,,,,最終確認待ち
exp26-personal-0196,自分・価値観,3,1,actor,past_and_acceptance,人生の変化を紹介する企画で、紹介者は本人の性格を理由に説明したいが、本人は出会った人や環境から理解してほしいという。紹介をまとめる役なら、その人が変わった理由をどう伝えたい？,架空の人生紹介です。性格が選択へ及ぼす影響と、環境や関係が変わる中で生き方を選ぶことを比べます。本人と紹介者のどちらかだけが正しいとは決めません。,,人生の変化を性格から説明することと、環境や関係から説明することの違いを、紹介する立場から聞く。,,,,最終確認待ち
exp26-personal-0197,自分・価値観,3,2,observer,past_and_acceptance,自分の経験を後輩へ伝える人が、後悔した道を「選ぶべきでない道」として紹介したい。経験談と他人への基準は、どこで分けたい？,架空の経験共有で、一人の後悔が他の人にも同じ結果を生むとは置いていません。経験を役立てたい思いと、他者の可能性を残すことを考えます。,,個人の後悔を一般的な基準へ広げる態度を聞く。,,,,最終確認待ち
exp26-personal-0198,自分・価値観,3,1,decision_maker,hope_and_future,将来の希望を話す会で、実行計画まで書くことが求められた。会を作るなら、まだ形のない望みだけを話す参加も認める？,この会は仮の交流で、支援金の審査ではありません。希望を行動へつなぐ意図と、実現方法が決まらない希望を持つ余地を比べます。,,希望を計画として示す義務を聞く。,,,,最終確認待ち
exp26-personal-0199,自分・価値観,3,1,observer,hope_and_future,生き方を紹介する企画で「大きな夢」のある人が注目される。聞き手として、今の暮らしが続いてほしいという望みにも同じ関心を向けられる？,仮の紹介企画で、夢の規模を能力の差にしていません。変化を求める希望と、現在を守る希望をどう価値付けるかが論点です。,,維持を望む希望の社会的な受け止めを聞く。,,,,最終確認待ち
exp26-personal-0200,自分・価値観,3,1,actor,hope_and_future,活動を再開する人に、今度は続ける目標を示してほしいという声がある。迎える側なら、先が決まらないまま戻ることをどう考える？,架空の活動では、今回の参加だけで必要な作業は成り立ちます。長期の見通しを示す安心と、その時点の意思を尊重することを比べます。,,再出発に継続の約束を求める基準を聞く。,,,,最終確認待ち
exp26-personal-0201,自分・価値観,3,1,decision_maker,personal_legacy,人生の記録集を作るなら、実績に残ることと、本人しか意味を知らない日々をどう並べたい？,仮の記録集で、個人情報の公開範囲は本人が選べます。公に見える成果と、語って初めて分かる私的な充足の位置付けを考えます。,,人生を残す際の公的実績と私的意味を聞く。,,,,最終確認待ち
exp26-personal-0202,自分・価値観,3,1,actor,personal_legacy,ある人が始めた習慣が、本人の名前を忘れられた後も続いている。その人の人生を紹介するなら、名前の継承と行為の継承のどちらを中心にする？,架空の習慣の継承です。著作権や所有権の判定ではなく、自分の痕跡が何として続くかという意味を考えます。,,名前が残ることと作用が残ることを分ける。,,,,最終確認待ち
exp26-personal-0203,自分・価値観,3,1,observer,private_standards,自分の成長を振り返る企画で、数字に表せる変化だけを一覧にする案がある。本人の「楽になった」という感覚も変化として残したい？,仮の振り返りで、正式な成績や診断を測定する場ではありません。他者へ比較しやすく示すことと、本人の生活感覚を残すことを考えます。,,成長の客観的指標と主観的充足を聞く。,,,,最終確認待ち
exp26-personal-0204,自分・価値観,3,1,decision_maker,private_standards,共同の活動で「全員が毎回向上する」を合言葉にする案が出た。安定して続けたい人の価値も表すなら、どんな基準を大切にしたい？,架空の活動の方針です。能力が向上することと、十分な状態を保つことを同じ目標とせずに考えます。契約上必要な改善とは区別しています。,,向上し続ける自己像への社会的期待を聞く。,,,,最終確認待ち
exp26-personal-0205,自分・価値観,3,1,actor,ordinary_meaning,暮らしを紹介する会で、本人は「私は幸せ」と語るが、観客はその生活をつらそうだと受け取った。進行役なら、本人の実感と観客の受け止め方を、どのように問い返したい？,架空の対話の場です。生活条件から分かることと、本人がその暮らしに感じる意味は、同じ評価になるとは限りません。本人に幸福を説明しきる義務を負わせず、観客の疑問にも目を向けます。,,生活条件からの評価と暮らす本人の幸福の実感が違う時、何を聞けばその人を知れるかを聞く。,,,,最終確認待ち
exp26-personal-0206,自分・価値観,4,3,affected,completion_meaning,何年も目指した目標を達成したが、思っていたほど満たされなかったとする。そのために、自分の時間や人との付き合いも後回しにしてきた。手に入れたものと、費やした時間を、今の自分ならどう受け止める？,これは達成した本人を置く仮の場面です。誇り、空白、惜しさは同時にあってもよく、費やした時間を無駄か成功かの一言で決める必要はありません。,,他者への嫉妬ではなく自分の達成後の意味を聞く。,,relationship-144 / bridge-035,,最終確認待ち
exp26-personal-0207,自分・価値観,4,3,affected,completion_meaning,長年続けた挑戦を、今なら完成できる機会が来た。でも完成させると、そこに向かう暮らしが終わる。完成を望む自分と、続いてほしい自分をどう考える？,架空の挑戦には、過程そのものが生活の支えになっていた条件があります。完成する能力がない場面ではなく、終わりを自分で選ぶ意味を考えます。,,未達の苦悩ではなく達成による終わりへの態度を聞く。,,,,最終確認待ち
exp26-personal-0208,自分・価値観,4,3,affected,completion_meaning,自分が最も誇っていた成果が、偶然の好条件に大きく助けられていたと分かった。努力した時間は変わらない。それでも、その成果を自分の誇りとして持ち続けられる？,仮の条件で、成果が虚偽だったわけではありません。努力、運、結果を自分の人生にどう位置付けるかを分けて考えます。,,達成後に原因を知った時の自己の誇りを聞く。,,,,最終確認待ち
exp26-personal-0209,自分・価値観,4,3,affected,completion_meaning,自分の目標のために人に支えてもらい、ついに達成した。今は次の目標を望んでいないが、支えた人は続けてほしいという。感謝と自分の区切りをどう結び付ける？,架空の支援には継続を約束した契約はありません。受け取った支えへの感謝が、次の人生を選ぶ義務まで含むかを考えます。,,達成後に支援者が抱く継続期待への自己の立場を聞く。,,,,最終確認待ち
exp26-personal-0210,自分・価値観,4,3,actor,completion_meaning,誰にも見せないまま長い時間を使って作ったものがある。公開すれば認められる可能性はあるが、今の自分だけの意味が変わりそうだ。見せることをどう選ぶ？,架空の作品に権利上の問題はない設定です。承認を得る可能性と、私的に完結した時間の意味を保つことを比べます。,,自己の達成を私的なまま持つ価値を聞く。,,,,最終確認待ち
exp26-personal-0211,自分・価値観,4,3,affected,personal_change,大切にしてきた信念が今の自分には合わなくなった。その信念を持っていたからこそ選んだ人生の道もある。変えた自分と、過去に選んだ自分をどうつなげたい？,仮の変化は、不正が明らかになったという設定ではありません。今の判断を変えることと、以前の人生の意味を全て否定することを分けます。,,信念の変化と人生の連続性を聞く。,,bridge-035,,最終確認待ち
exp26-personal-0212,自分・価値観,4,3,affected,personal_change,周りが憧れる自分の特徴を、今は手放したい。それがなくなると自分を何者と感じるか分からない。人の期待ではなく、自分の何を頼りに決めたい？,架空の特徴は、能力や役割など本人が変えられるものです。期待される自己像と、まだ名前のない新しい自己のどちらを選ぶかを考えます。,,認められた自己像を失う変化の意味を聞く。,,,,最終確認待ち
exp26-personal-0213,自分・価値観,4,3,actor,personal_change,昔の自分をよく知る人に会うと、もう合わない振る舞いへ戻ってしまう。相手を嫌っていないなら、その時間を懐かしさとして残す？ 今の自分を出し直す？,仮の再会では相手から強制されていません。以前の自己を演じる安心と、現在の自己を生きる感覚の違いを考えます。,,関係を通して戻る過去の自己への態度を聞く。,,,,最終確認待ち
exp26-personal-0214,自分・価値観,4,3,affected,personal_change,自分が変わるきっかけになった人との関係が終わった。今の自分の好きな部分にも、その人の影響がある。関係の終わりと、自分に残るものをどう受け止める？,仮の関係の終わりは裏切りを前提にしていません。人と離れることが、その人と育った自己まで失うことになるかを考えます。,,人との別れの後に残る自己の形成を聞く。,,,,最終確認待ち
exp26-personal-0215,自分・価値観,4,3,actor,personal_change,新しい自分として始める機会があるが、これまでの歩みを誰にも説明しなくてよい。その自由を選ぶことを、自分の過去から逃げると感じる？,架空の機会で、責任を隠したり経歴を偽ったりする必要はありません。過去を伝えないことと、過去を認めないことを分けます。,,過去を説明しない再出発への自己評価を聞く。,,,,最終確認待ち
exp26-personal-0216,自分・価値観,4,3,affected,belonging_self,長くいた集まりから離れ、自分には合う場所を見つけた。以前の仲間は戻ってきてほしいという。そこで過ごした自分を大切にするために、戻る必要を感じる？,仮の移動で、残した仕事や扶養責任はありません。以前の居場所への感謝と、今の居場所を選ぶ意思の関係を考えます。,,帰属の変更と過去への忠実さを聞く。,,,,最終確認待ち
exp26-personal-0217,自分・価値観,4,3,affected,belonging_self,どの集まりでも受け入れられるが、どこにも深く属した感じがしないとする。自由なままの自分と、どこかに根を持つ自分では、何を望む？,架空の本人は排除されているわけではありません。受容と本人の帰属感が一致しない時に、望む生き方を考えます。,,受け入れられても属さない自己の意味を聞く。,,,,最終確認待ち
exp26-personal-0218,自分・価値観,4,3,affected,belonging_self,自分が中心になって作った場所が、今は自分なしでよく続いている。そこで役割を持たずに居ることを、自分の新しい居方として受け入れられる？,架空の場で、活動の功績が否定された設定ではありません。必要とされることと、ただ居られることの違いを自分の人生に置きます。,,創始者の役割を失った後の帰属を聞く。,,,,最終確認待ち
exp26-personal-0219,自分・価値観,4,3,affected,belonging_self,長い間、いつか別の場所で本当の暮らしを始めると思っていた。今の暮らしにも大切なものが増えた。ここを人生の途中ではなく自分の場所と呼ぶなら、何が変わる？,架空の暮らしで、転居の費用を決める問いではありません。仮の生活と捉えた時間を、自分の人生として引き受ける意味を考えます。,,本当の人生を先送りした自己の帰属を聞く。,,,,最終確認待ち
exp26-personal-0220,自分・価値観,4,3,affected,belonging_self,誰かの役に立つことで居場所を得てきたが、今は何も引き受けずにそこにいたい。受け入れると言われても落ち着かないなら、自分は何を失うと感じている？,架空の場は、働けなくなった人を追い出す設定ではありません。役割が本人の自己像を支えていた場合の、役立たずに居る意味を考えます。,,貢献を外した帰属に本人が感じる喪失を聞く。,,,,最終確認待ち
exp26-personal-0221,自分・価値観,4,3,affected,past_and_acceptance,あなたの大きな選択は結果的にうまくいったが、選んだ理由は今の自分が大切にしたいものと違っていた。その選択を人生のよい判断として語れる？,架空の結果と動機がずれる場面です。現在の基準で過去を採点することと、その時点の自分を理解することを分けます。,,よい結果を持つ過去の動機への自己評価を聞く。,,,,最終確認待ち
exp26-personal-0222,自分・価値観,4,3,affected,past_and_acceptance,人生のある道を選ばなかったことに後悔がある。でもその道を選んでいたら、今の大切な時間もなかった。後悔を残すことは、今を大切にしていないことになる？,仮の別の人生は確かめられません。今を肯定するために後悔をなくす必要があるか、それぞれの気持ちを持てるかを考えます。,,現在への愛着と過去への後悔の共存を聞く。,,relationship-111,,最終確認待ち
exp26-personal-0223,自分・価値観,4,3,actor,past_and_acceptance,自分の人生を語る文章で、長い迷いを一つの決断にまとめると読みやすくなる。でも自分には迷っていた時間も大切だ。どんな形で残したい？,架空の自伝の編集で、事実を偽る必要はありません。読み手に伝わる構成と、自分が生きた時間の複雑さをどう扱うかを考えます。,,自分の人生の曖昧さを語る判断を聞く。,,,,最終確認待ち
exp26-personal-0224,自分・価値観,4,3,affected,past_and_acceptance,長く心に残った選択について、今は正しかったかを決めずに生きていきたい。周囲は結論を出せば楽になるという。未決のまま置くことを、自分には許せる？,架空の選択は、今すぐ誰かへ対応する義務があるものではありません。過去を判断し終えることと、結論を持たずに日々を続けることを比べます。,,過去の納得を確定しない生き方を聞く。,,,,最終確認待ち
exp26-personal-0225,自分・価値観,4,3,affected,past_and_acceptance,当時の自分には精一杯だった選択を、今ならしないと思う。自分の未熟さを認めることと、当時の自分を大切にすることは、どう両立しそう？,仮の振り返りでは、他者への謝罪の範囲を決めることは主題ではありません。自己の評価が変わる中で過去を引き受ける意味を考えます。,,過去の自己への批判といたわりの関係を聞く。,,,,最終確認待ち
exp26-personal-0226,自分・価値観,4,3,affected,hope_and_future,長く支えにしていた将来の望みを、今はかなえたくなくなった。望みを捨てると、それを頼りに生きた時間まで薄くなるとしたら、どう扱いたい？,架空の望みの変化です。実現しない希望が過去に果たした役割と、今の希望として持ち続けることを分けます。,,かなえたくなくなった希望の過去の価値を聞く。,,,,最終確認待ち
exp26-personal-0227,自分・価値観,4,3,affected,hope_and_future,長く待った人生の機会がいつ訪れるか分からないまま、別の道へ進むと決めた。かなう可能性を残して離れる自分に、その希望へ使った年月は何として残る？,仮の人生の分岐です。もとの望みは今も大切で、実現が不可能になったわけではありません。望みを追う生き方から離れても、希望に支えられた年月をどう自分の歩みに置くかを考えます。,,まだ実現するかもしれない希望を追う道から離れる本人が、待った年月をどう持つかを聞く。,,,,最終確認待ち
exp26-personal-0228,自分・価値観,4,3,decision_maker,hope_and_future,自分の可能性を一つに絞れば深く進めそうだが、選ばない自分の姿も大切に感じる。可能性を残すことと、一つを生きることをどう比べたい？,架空の人生の方向選択で、収入の有利不利は条件にしていません。想像できる複数の自己と、実際に積む時間の価値を考えます。,,将来の複数の自己を手放す意味を聞く。,,,,最終確認待ち
exp26-personal-0229,自分・価値観,4,3,decision_maker,hope_and_future,未来の自分のために長く我慢してきたが、今を楽しむ自分も置き去りにしたくない。どの時点の自分に約束して生きていると感じる？,架空の本人の時間配分です。貯蓄額の助言ではなく、現在と未来の自己のどちらの望みを重く見るかを考えます。,,時間をまたぐ自己への責任を聞く。,,,,最終確認待ち
exp26-personal-0230,自分・価値観,4,3,affected,hope_and_future,人生を組み立ててきた望みが、かなう見通しはほとんどないと分かった。手放すと生き方の軸も失いそうな自分は、現実を受け止めながら何を望みとして持ちたい？,仮の人生の見通しで、治療効果の予測を扱う場面ではありません。実現を目指して行動することと、かなわなくても心の支えとして持つことを分けて考えます。,,人生の軸だった望みの実現が難しくなった本人が、現実認識と希望をどう結び付けるかを聞く。,,,,最終確認待ち
exp26-personal-0231,自分・価値観,4,3,decision_maker,personal_legacy,自分が作り続けたものを誰かに託せるが、形は大きく変わるかもしれない。自分の形のまま終えることと、変わって続くことでは、何を残したい？,仮の継承で、権利者との争いはありません。作品の形、行為の継続、本人の意図のうち何を痕跡と考えるかを比べます。,,自己の痕跡を残す形と継続を聞く。,,,,最終確認待ち
exp26-personal-0232,自分・価値観,4,3,actor,personal_legacy,自分の歩みをまとめた記録に、誇れない時期も入れたいが、その時期だけで自分を理解されるかもしれない。何を残すと自分の人生に近いと感じる？,架空の自分の記録で、無関係な人の秘密を公開する場面ではありません。印象を整えることと、本人にとって欠けない歩みを残すことを考えます。,,理解され方を引き受けて残す自己の範囲を聞く。,,,,最終確認待ち
exp26-personal-0233,自分・価値観,4,3,affected,personal_legacy,自分の名前は忘れられても、誰かが助かった時間が残るとする。名前を覚えられることと、作用が続くことでは、どちらに人生が残る感じがする？,仮の将来の想像です。感謝される権利や表彰を決める問いではなく、自分が続く感覚を何に置くかを考えます。,,自己の存続を名声と作用から聞く。,,,,最終確認待ち
exp26-personal-0234,自分・価値観,4,3,decision_maker,personal_legacy,自分が大切にした経験を、残す場所が一つしかない。人に伝わりやすい代表的な話と、自分だけには決定的だった普通の日のどちらを置く？,架空の保存機会で、両方の話を残すことはできないという制約です。他者が読み取る価値と、本人にとっての人生の中心を比べます。,,人生を代表する記録を自分で選ぶ基準を聞く。,,,,最終確認待ち
exp26-personal-0235,自分・価値観,4,3,actor,personal_legacy,過去の自分が決めた「これは残す」という約束を、今は重荷に感じる。記録を手放すことを、当時の自分への裏切りと感じる？,架空の約束は自分だけへのもので、他者の権利を預かってはいません。過去の自己の意思が現在をどこまで拘束するかを考えます。,,自己の保存約束を見直す意味を聞く。,,,,最終確認待ち
exp26-personal-0236,自分・価値観,4,3,affected,private_standards,外から見れば十分に成功した暮らしなのに、自分の基準では何かが欠けている。他人には伝わらない基準を、どこまで自分の人生の中心にしたい？,仮の暮らしで、欠けた感覚を病気と決めていません。社会的な評価と本人の充足のどちらを手掛かりに生きたいかを考えます。,,外的な成功と私的な充足のずれを聞く。,,,,最終確認待ち
exp26-personal-0237,自分・価値観,4,3,affected,private_standards,ずっと自分を律してきた基準を緩めたら、暮らしは楽になった。でも自分が薄くなった気もする。守っていたのは価値観か、自分の形か、どう考える？,仮の基準に、他者を傷つけない最低限の約束は含めていません。自己への厳しさを変えた時の自由と連続性を考えます。,,私的基準を緩める時の自己像の揺れを聞く。,,,,最終確認待ち
exp26-personal-0238,自分・価値観,4,3,decision_maker,private_standards,長年のこだわりを捨てれば、やりたいことにもっと時間を使える。こだわりのために時間を使う自分を、今も選びたい？,架空の暮らしの選択で、効率化が唯一の正解とは置いていません。手段への愛着と、ほかの喜びのための時間を比べます。,,自己の形を維持する時間の機会費用を聞く。,,,,最終確認待ち
exp26-personal-0239,自分・価値観,4,3,actor,private_standards,自分だけが知る努力をもう続けたくない。しかしやめると、自分が自分を信じる根拠が減りそうだ。信頼の根拠を変えられると思う？,架空の個人的な習慣で、職務上の責任を放棄する設定ではありません。継続の実績と、現在の意思のどちらで自己への信頼を持つかを考えます。,,自己信頼を支えた習慣をやめる意味を聞く。,,,,最終確認待ち
exp26-personal-0240,自分・価値観,4,3,affected,private_standards,昔の自分なら誇れなかった生き方を、今は心地よく感じる。今の自分を肯定するために、以前の基準を間違いと呼ぶ必要はある？,仮の変化は善悪の明らかな行為ではありません。基準が変わった自分が、違う基準で生きた時間をどう位置付けるかを考えます。,,現在の肯定と過去の価値基準の両立を聞く。,,,,最終確認待ち
exp26-personal-0241,自分・価値観,4,3,affected,ordinary_meaning,人生を振り返ると、目立つ成果より何気ない時間が大切だったとする。そのことを自分の人生の価値として、人に説明しなくても信じられる？,仮の振り返りで、何歳まで生きたかや死期は指定しません。説明できる成果と、本人が味わった時間の価値を分けます。,,非劇的な時間を人生の価値と認める感覚を聞く。,,,,最終確認待ち
exp26-personal-0242,自分・価値観,4,3,actor,ordinary_meaning,自分の毎日を大きく変える機会が来たが、今の普通の日を失うことが惜しい。変化を恐れているのか、今を選んでいるのか、どう見分けたい？,架空の機会では、どちらでも生活は成り立ちます。変化への不安と、現在への積極的な愛着を同じものにしないで考えます。,,現状維持を恐れと価値から分ける自己判断を聞く。,,,,最終確認待ち
exp26-personal-0243,自分・価値観,4,3,actor,ordinary_meaning,何も成し遂げないまま終わった長い時期に、大切な休息があったと後から感じた。その時期を失った時間と呼んでいた自分へ、今は何を伝えたい？,仮の過去に、特定の医療上の回復効果は置いていません。成果で数えられない時間を後から人生へ位置付ける意味を考えます。,,無成果の期間の価値を後から認める自己対話を聞く。,,,,最終確認待ち
exp26-personal-0244,自分・価値観,4,3,actor,ordinary_meaning,これまで他の人の望みに応えることが、自分の人生の意味だった。これからは誰のためとも言わずに過ごしたいとする。その時間に自分で意味を感じられそう？,架空の転機で、必要なケアや約束を放置する設定ではありません。他者への貢献を外した後の、本人の時間の価値を考えます。,,他者への役立ちから離れた自己の意味を聞く。,,,,最終確認待ち
exp26-personal-0245,自分・価値観,4,3,affected,ordinary_meaning,大きな目標を持たない今の自分を、昔の自分は残念がるかもしれない。それでも今を選ぶなら、どんな言葉でその暮らしを引き受けたい？,仮の自己の比較です。向上心を失ったと決めるのでなく、過去の希望と現在の充足が違う場合の意味を考えます。,,過去の期待から外れた現在を選ぶ意味を聞く。,,,,最終確認待ち
exp26-personal-0246,人間関係・コミュニケーション,1,1,,shared_attention,一緒に何かを見た後、すぐ感想を話したい？ 少し自分の中に置きたい？,,,共有体験の後の会話の速度を聞く。,,,,最終確認待ち
exp26-personal-0247,人間関係・コミュニケーション,1,1,,shared_attention,同じ場面で違うところを面白がる人といるのは好き？,,,注意の違いを楽しむ関わりを聞く。,,,affection-006 / friendship-004,最終確認待ち
exp26-personal-0248,人間関係・コミュニケーション,1,1,,shared_attention,親しい人の好きなものを知ると、自分でも試したくなる？,,,相手の好みへの関心の形を聞く。,,,,最終確認待ち
exp26-personal-0249,人間関係・コミュニケーション,1,1,,shared_attention,同じものを好きでも、理由が違うと気になる？,,,好みの一致と理由の違いの感覚を聞く。,,,,最終確認待ち
exp26-personal-0250,人間関係・コミュニケーション,1,1,,shared_attention,一緒に楽しむなら、詳しい人に教わりたい？ 並んで初めて知りたい？,,,共に知る際の対等さを聞く。,,,,最終確認待ち
exp26-personal-0251,人間関係・コミュニケーション,1,1,,shared_attention,相手の楽しかった話を聞くと、自分もその場にいたかったと思う？,,,共有していない喜びへの関わりを聞く。,,,,最終確認待ち
exp26-personal-0252,人間関係・コミュニケーション,1,1,,shared_attention,「ここが好き」と細かく話す人の話は、知らない題材でも聞きたい？,,,相手の関心自体を知る楽しさを聞く。,,,,最終確認待ち
exp26-personal-0253,人間関係・コミュニケーション,1,1,,shared_attention,一緒に歩くとき、目的地の話と目の前のものの話では、どちらが好き？,,,共同の注意の置き方を聞く。,,,,最終確認待ち
exp26-personal-0254,人間関係・コミュニケーション,1,1,,understanding_and_words,話を途中まで聞いて分かったと言われると、ほっとする？ 続きも話したい？,,,理解の早さの受け止めを聞く。,,,,最終確認待ち
exp26-personal-0255,人間関係・コミュニケーション,1,1,,understanding_and_words,自分の話を相手が別の言葉で言い直すと、分かってもらえた感じがする？,,,言い換えによる理解の感覚を聞く。,,,,最終確認待ち
exp26-personal-0256,人間関係・コミュニケーション,1,1,,understanding_and_words,「私も同じ」と言われることと、違いを聞いてもらうことでは、どちらがうれしい？,,,共感と個別理解の好みを聞く。,,,,最終確認待ち
exp26-personal-0257,人間関係・コミュニケーション,1,1,,understanding_and_words,はっきりした言葉がまだない気持ちも、誰かと話してみたい？,,,未整理の感情を共に言葉にする感覚を聞く。,,,,最終確認待ち
exp26-personal-0258,人間関係・コミュニケーション,1,1,,understanding_and_words,同じ言葉を別の意味で使っていたと気づいたら、話すのが楽しくなる？,,,言葉の意味のずれへの好奇心を聞く。,,,,最終確認待ち
exp26-personal-0259,人間関係・コミュニケーション,1,1,,understanding_and_words,言い直せる会話だと、最初の一言を出しやすい？,,,会話の可修正性と話しやすさを聞く。,,,,最終確認待ち
exp26-personal-0260,人間関係・コミュニケーション,1,1,,understanding_and_words,感想が違ったとき、結論と理由のどちらを先に聞きたい？,,,違いを知る会話の順序を聞く。,,,,最終確認待ち
exp26-personal-0261,人間関係・コミュニケーション,1,1,,understanding_and_words,うれしかった話を聞くなら、出来事の詳しさと相手の表情では、どちらが心に残る？,,,相手の喜びを受け取る手掛かりを聞く。,,,,最終確認待ち
exp26-personal-0262,人間関係・コミュニケーション,1,1,,relational_time,久しぶりの人と会うとき、近況から始めたい？ 昔の話から始めたい？,,,再会の会話の入口を聞く。,,,,最終確認待ち
exp26-personal-0263,人間関係・コミュニケーション,1,1,,relational_time,毎回新しい話がなくても、会いたい人はいると思う？,,,情報交換以外の会う意味を聞く。,,,,最終確認待ち
exp26-personal-0264,人間関係・コミュニケーション,1,1,,relational_time,短い時間でも会えたら十分と感じるのは、どんな会い方？,,,関わりの充足を量以外で聞く。,,,,最終確認待ち
exp26-personal-0265,人間関係・コミュニケーション,1,1,,relational_time,昔の思い出を一緒に話すと、今の関係も近づく感じがする？,,,過去を共有する現在の意味を聞く。,,,,最終確認待ち
exp26-personal-0266,人間関係・コミュニケーション,1,1,,relational_time,前の続きのように会える人と、毎回新しく知る人では、何が違う心地よさになる？,,,関係の連続性と更新を聞く。,,,,最終確認待ち
exp26-personal-0267,人間関係・コミュニケーション,1,1,,relational_time,一緒にいる時間の終わりは、きちんと区切りたい？ 自然に終えたい？,,,関係の時間の終わらせ方を聞く。,,,,最終確認待ち
exp26-personal-0268,人間関係・コミュニケーション,1,1,,relational_time,次に会う予定がなくても、つながっている感じは持てる？,,,次回の保証と関係の実感を聞く。,,,,最終確認待ち
exp26-personal-0269,人間関係・コミュニケーション,1,1,,relational_time,もう会わないかもしれない人にも、別れの言葉を残しておきたい？,,,継続しない関係の区切りを聞く。,,,,最終確認待ち
exp26-personal-0270,人間関係・コミュニケーション,1,1,,mutual_presence,二人で別々のことをして過ごす時間も、一緒に過ごした感じがする？,,,共同作業なしの同席の意味を聞く。,,,,最終確認待ち
exp26-personal-0271,人間関係・コミュニケーション,1,1,,mutual_presence,手伝いがいらない作業でも、誰かがそばにいるとやりやすい？,,,助力以外の同伴の意味を聞く。,,,,最終確認待ち
exp26-personal-0272,人間関係・コミュニケーション,1,1,,mutual_presence,相手が自分の前で何も気にせず過ごしていると、うれしい？,,,相手の無防備さの受け止めを聞く。,,,,最終確認待ち
exp26-personal-0273,人間関係・コミュニケーション,1,1,,mutual_presence,一緒にいて笑うタイミングが違うと、相手をもっと知りたくなる？,,,感覚のずれへの関心を聞く。,,,,最終確認待ち
exp26-personal-0274,人間関係・コミュニケーション,1,1,,mutual_presence,自分には退屈なことを相手が楽しんでいる姿を見るのは好き？,,,興味が一致しない同席を聞く。,,,affection-006 / friendship-004,最終確認待ち
exp26-personal-0275,人間関係・コミュニケーション,1,1,,mutual_presence,何かを終えた人を迎えるとき、言葉より場所を空けておきたいことはある？,,,行動による歓迎の好みを聞く。,,,,最終確認待ち
exp26-personal-0276,人間関係・コミュニケーション,1,1,,mutual_presence,人と過ごした後、思い出したいのは話の内容？ その場の雰囲気？,,,共同時間の記憶の中心を聞く。,,,,最終確認待ち
exp26-personal-0277,人間関係・コミュニケーション,1,1,,mutual_presence,相手が覚えている自分の小さな習慣を知ると、どう感じる？,,,日常的な注意を向けられる感覚を聞く。,,,study-010,最終確認待ち
exp26-personal-0278,人間関係・コミュニケーション,1,1,,equal_exchange,得意なことを教えるとき、相手からも何か教わりたい？,,,教える関係の相互性を聞く。,,,,最終確認待ち
exp26-personal-0279,人間関係・コミュニケーション,1,1,,equal_exchange,交代で決めることと、そのつど気になる人が決めることでは、どちらが楽？,,,日常の決定役の配分への好みを聞く。,,,,最終確認待ち
exp26-personal-0280,人間関係・コミュニケーション,1,1,,equal_exchange,相手のために覚えた小さなことを、覚えていると伝えたい？,,,配慮を見えるようにする好みを聞く。,,,,最終確認待ち
exp26-personal-0281,人間関係・コミュニケーション,1,1,,equal_exchange,親しい人の新しい一面を知ったら、前の印象も変わる？,,,関係の中で相手像が更新される感覚を聞く。,,,,最終確認待ち
exp26-personal-0282,人間関係・コミュニケーション,1,1,,equal_exchange,相手の頼みで自分の得意を使う時間は、どんなときに楽しい？,,,頼られることの積極的な条件を聞く。,,,,最終確認待ち
exp26-personal-0283,人間関係・コミュニケーション,1,1,,equal_exchange,自分が知らないことを相手だけが知っていても、対等に話せる感じはある？,,,知識差と会話の対等さを聞く。,,,,最終確認待ち
exp26-personal-0284,人間関係・コミュニケーション,1,1,,relationship_names,仲良くなる前に、相手との呼び方が決まるのは好き？,,,呼び名が距離を作る感覚を聞く。,,,affection-006 / friendship-004,最終確認待ち
exp26-personal-0285,人間関係・コミュニケーション,1,1,,relationship_names,友達とは呼ばないけれど、会えるとうれしい人も大切な関係だと思う？,,,名付けない関係への価値を聞く。,,,,最終確認待ち
exp26-personal-0286,人間関係・コミュニケーション,1,1,,relationship_names,お互いの名前を知らないまま顔なじみになる関係は、心地よい？,,,個人情報を伴わない親しみを聞く。,,,,最終確認待ち
exp26-personal-0287,人間関係・コミュニケーション,1,1,,relationship_names,同じ相手を、一緒にいる場所で違う関係の人と感じることはある？,,,場面ごとの関係の意味を聞く。,,,,最終確認待ち
exp26-personal-0288,人間関係・コミュニケーション,1,1,,relationship_names,関係に名前が付くと、してよいことも変わった感じがする？,,,関係名による期待の変化を聞く。,,,,最終確認待ち
exp26-personal-0289,人間関係・コミュニケーション,2,2,,understanding_and_words,同じような経験をした友達が、あなたの話を聞いて「分かる」と言った。でも感じたことは違う。その違いを伝えるとしたら、何を分かってほしい？,,,共通経験で消えやすい個別の感覚を聞く。,,,,最終確認待ち
exp26-personal-0290,人間関係・コミュニケーション,2,1,,understanding_and_words,相手はよく聞いてくれたが、最後のまとめだけ自分の気持ちと違った。全体の親切さがあっても、そこを言い直したい？,,,傾聴と要約の不一致を受け取る感覚を聞く。,,,,最終確認待ち
exp26-personal-0291,人間関係・コミュニケーション,2,1,,understanding_and_words,話している途中に考えが変わった。相手に最初の発言を覚えられていても、今の言葉で続けられる？,,,対話中の自己修正への安心を聞く。,,,,最終確認待ち
exp26-personal-0292,人間関係・コミュニケーション,2,1,,understanding_and_words,大事な感想を話したら、相手は詳しい理由を聞くより共感してくれた。うれしいままで、もっと聞いてほしい気持ちも持てる？,,,共感と理由への関心を分ける。,,,,最終確認待ち
exp26-personal-0293,人間関係・コミュニケーション,2,1,,understanding_and_words,自分の気持ちを相手がうまく言葉にした。でもその言葉で固定されるのは少し違う。借りた言葉はどこまで自分の言葉にしたい？,,,他者の言語化を受け取る主体性を聞く。,,,,最終確認待ち
exp26-personal-0294,人間関係・コミュニケーション,2,1,,understanding_and_words,意見の違う相手が、あなたの理由を正確に言い直してくれた。賛成してもらえなくても、理解された感じはする？,,,合意と理解の感覚を分ける。,,,,最終確認待ち
exp26-personal-0295,人間関係・コミュニケーション,2,1,,understanding_and_words,相手の話がよく分からないが、すぐ質問すると流れを止めそうだ。全部を聞いてからと、途中で確かめるのとでは、何を大切にしたい？,,,理解の確認と語る流れの重みを聞く。,,,,最終確認待ち
exp26-personal-0296,人間関係・コミュニケーション,2,1,,understanding_and_words,相手が言葉を探しているとき、自分なら先に候補を出してほしい？ 待ってほしい？ その違いを相手にも聞きたい？,,,言葉を共に探す関わりの好みを聞く。,,,,最終確認待ち
exp26-personal-0297,人間関係・コミュニケーション,2,1,,understanding_and_words,話した後に別の言い方が浮かんだ。結論は同じでも、もう一度伝えたくなるのは何が違うからだと思う？,,,同じ結論の表現を変える意味を聞く。,,,,最終確認待ち
exp26-personal-0298,人間関係・コミュニケーション,2,1,,understanding_and_words,「なぜ？」と聞かれると、関心を感じる時と責められた感じがする時がある。あなたには何が境目になる？,,,理由を問われる感覚の条件を聞く。,,,,最終確認待ち
exp26-personal-0299,人間関係・コミュニケーション,2,1,,shared_attention,友達と同じ作品を好きだが、相手は自分が大切にした場面を気に留めなかった。好きの一致があるなら、その違いは寂しい？,,,対象への好みと注目点の一致を分ける。,,,,最終確認待ち
exp26-personal-0300,人間関係・コミュニケーション,2,1,,shared_attention,知らない趣味を友達が熱心に話す。題材よりその人の見方に興味があると伝えたら、相手も喜んだ。そういう聞き方は自分にも合う？,,,題材を理解しきらない関心の形を聞く。,,,,最終確認待ち
exp26-personal-0301,人間関係・コミュニケーション,2,1,,shared_attention,友達に好きなものを勧められ、楽しめたが同じ熱量にはならなかった。感想を伝えるとき、何を共有できたらうれしい？,,,熱量の差を含む共有体験を聞く。,,,,最終確認待ち
exp26-personal-0302,人間関係・コミュニケーション,2,1,,shared_attention,一緒に初めて行った場所で、相手は気に入り、自分は普通だった。次も一緒に行くなら、何に楽しみを置けそう？,,,対象への評価差と同伴の価値を聞く。,,,,最終確認待ち
exp26-personal-0303,人間関係・コミュニケーション,2,1,,shared_attention,自分の楽しい話に、友達が詳しい質問をしてくれた。でも自分はただ一緒に喜んでほしかった。質問される楽しさは何で変わる？,,,情報への関心と感情の共有を分ける。,,,,最終確認待ち
exp26-personal-0304,人間関係・コミュニケーション,2,1,,shared_attention,友達と小さな出来事を何度も話して笑っている。新しい話がなくても、その時間は自分にはどんな価値がある？,,,反復する会話の関係的な意味を聞く。,,,,最終確認待ち
exp26-personal-0305,人間関係・コミュニケーション,2,1,,shared_attention,同じ日に同じ場所へ行ったのに、覚えていることが全く違った。記憶をそろえるより、相手の記憶を知りたいと思う？,,,共有体験の複数の記憶を聞く。,,,,最終確認待ち
exp26-personal-0306,人間関係・コミュニケーション,2,1,,shared_attention,友達が自分の好きなものに詳しくなり、自分より楽しんでいる。勧めてよかった気持ちと置いていかれた気持ちは両方ありそう？,,,関心を渡した後の関係の変化を聞く。,,,,最終確認待ち
exp26-personal-0307,人間関係・コミュニケーション,2,1,,shared_attention,一緒に何かを選ぶ時、相手は先に一人で調べたいという。選ぶ楽しみを共有することは、同じ手順ですることだと思う？,,,共同選択で別々の探索を許す感覚を聞く。,,,,最終確認待ち
exp26-personal-0308,人間関係・コミュニケーション,2,1,,shared_attention,相手が話すたびに、自分も似た話を思い出す。自分の話を足すことと相手の話を広げることでは、どちらがつながりになる？,,,会話の相互性の作り方を聞く。,,,,最終確認待ち
exp26-personal-0309,人間関係・コミュニケーション,2,1,,relational_time,久しぶりの友達が、昔の話より今の話をしたがった。過去を共有していることに頼らず、その人を知り直したい？,,,再会時の過去と現在の関係を聞く。,,,,最終確認待ち
exp26-personal-0310,人間関係・コミュニケーション,2,1,,relational_time,定期的に会う習慣を一度休んだが、嫌になったわけではない。その休みを、関係が変わったしるしと感じる？,,,習慣の中断と関係の意味を分ける。,,,,最終確認待ち
exp26-personal-0311,人間関係・コミュニケーション,2,1,,relational_time,会う回数が減っても、話す内容は前より深くなった。関係が近くなったかを、自分は何で感じそう？,,,頻度とは別の関係の深まりを聞く。,,,,最終確認待ち
exp26-personal-0312,人間関係・コミュニケーション,2,1,,relational_time,再会した友達と以前のようには話が弾まなかった。でも会えてよかった。その時間を、よい再会と呼べる？,,,盛り上がり以外の再会の充足を聞く。,,,,最終確認待ち
exp26-personal-0313,人間関係・コミュニケーション,2,1,,relational_time,長く話したい相手ほど、短い時間なら会わない方がよいと感じることはある？ 何が満たされないからだろう？,,,接触量と期待する関係時間の条件を聞く。,,,,最終確認待ち
exp26-personal-0314,人間関係・コミュニケーション,2,1,,relational_time,次の約束を決めずに別れたら、相手は自然にまた会えると思い、自分は不安だった。約束は二人に何を与えている？,,,次回の予定が持つ異なる意味を聞く。,,,,最終確認待ち
exp26-personal-0315,人間関係・コミュニケーション,2,1,,relational_time,昔の友達には、自分の知らない人たちとの思い出が増えていた。自分が一緒にいなかった時間を、どんなふうに聞きたい？,,,共有しなかった相手の時間へ、どんな関心を向けて聞きたいかを知る。,,,,最終確認待ち
exp26-personal-0316,人間関係・コミュニケーション,2,1,,relational_time,会わない間に互いの生活が変わったが、変化を全部説明する時間はない。今から一緒に何かすることも、知り直す方法だと思う？,,,再会で情報更新以外に関係を作る価値を聞く。,,,,最終確認待ち
exp26-personal-0317,人間関係・コミュニケーション,2,1,,relational_time,別れる時に名残惜しさを見せる人と、楽しかったと言ってすぐ帰る人では、気持ちの伝わり方が違う？,,,同じ喜びの別れ方を受け取る感覚を聞く。,,,,最終確認待ち
exp26-personal-0318,人間関係・コミュニケーション,2,1,,relational_time,長く知る相手に、今初めて出会ったつもりで会えたら、何を聞き直したい？,,,親しさの中で聞かずにいたことへ、改めてどんな関心を持つかを聞く。,,,,最終確認待ち
exp26-personal-0319,人間関係・コミュニケーション,2,1,,equal_exchange,相手は頼み事が得意で、自分は頼むのが苦手。手伝いの回数が違っても、関係を対等と感じられる条件は何？,,,援助回数と本人の対等感を分ける。,,,,最終確認待ち
exp26-personal-0320,人間関係・コミュニケーション,2,1,,equal_exchange,友達はよく教えてくれるが、自分が知ることを話す時には聞き役になる。その交代は、二人の関係に何を作っていると思う？,,,知識差が固定しない関係の意味を聞く。,,,,最終確認待ち
exp26-personal-0321,人間関係・コミュニケーション,2,1,,equal_exchange,友達が自分に合わせて選んでくれたが、本人の希望を知る機会がなかった。気遣いを受け取るためにも、その希望を聞きたい？,,,譲られることで失う相手理解を聞く。,,,,最終確認待ち
exp26-personal-0322,人間関係・コミュニケーション,2,1,,equal_exchange,相手には何度も助けてもらったが、今は自分が得意な形の助けを必要としていない。返せないままでも親しくしてよいと感じる？,,,相互性を直ちに返す必要を聞く。,,,,最終確認待ち
exp26-personal-0323,人間関係・コミュニケーション,2,1,,equal_exchange,毎回の決定役が同じでも、二人とも心地よいとする。交代しないことを、自分なら不公平と感じる？,,,形式的な交代と本人の納得を分ける。,,,,最終確認待ち
exp26-personal-0324,人間関係・コミュニケーション,2,1,,equal_exchange,相手に頼まれたことが、自分にも楽しみになった。相手のためにしたことと、自分のためのことを分けて数えたい？,,,相互の利益を貢献として数える感覚を聞く。,,,,最終確認待ち
exp26-personal-0325,人間関係・コミュニケーション,2,1,,equal_exchange,友達は自分の得意を頼るが、自分の苦手はあまり知らない。頼られる関係の中でも、苦手を知ってもらいたい？,,,能力を介した関係に望む理解の幅を聞く。,,,,最終確認待ち
exp26-personal-0326,人間関係・コミュニケーション,2,1,,equal_exchange,親しい二人の間で、一方が誘い、もう一方が楽しみ方を広げる。誘う回数が違っても、同じくらい関係を作っていると思う？,,,関係への貢献を役割の違いから聞く。,,,,最終確認待ち
exp26-personal-0327,人間関係・コミュニケーション,2,1,,equal_exchange,友達が自分を立ててくれた場で、相手にも得意なことがあった。二人だけなら、気遣いをやめてほしいと思う？,,,優遇と対等な自己表現を聞く。,,,,最終確認待ち
exp26-personal-0328,人間関係・コミュニケーション,2,1,,equal_exchange,自分は親しさを頼みやすさで感じ、相手は断りやすさで感じる。両方がある関係とは、どんな感覚だと思う？,,,依頼と拒否の自由を関係の実感として聞く。,,,,最終確認待ち
exp26-personal-0329,人間関係・コミュニケーション,2,1,,relationship_names,よく一緒に過ごす相手が、友達と呼ぶにはまだ早いという。関係の名前が違っても、自分の親しさはそのまま持てる？,,,呼び名の非対称性の受け止めを聞く。,,,,最終確認待ち
exp26-personal-0330,人間関係・コミュニケーション,2,1,,relationship_names,活動仲間と、活動の外でも会うようになった。友達になったと感じる境目は、自分にはどこにある？,,,役割関係から個人的関係への移行を聞く。,,,,最終確認待ち
exp26-personal-0331,人間関係・コミュニケーション,2,1,,relationship_names,昔は親友と呼んだ人を、今は大切な知人と感じる。名前を変えると、思い出の意味も変わる？,,,現在の関係名と過去の価値を分ける。,,,,最終確認待ち
exp26-personal-0332,人間関係・コミュニケーション,2,1,,relationship_names,お互いをよく知るが、詳しい私生活は知らない。名前を付けるなら、深い関係とは何を知ることだと思う？,,,私的情報と関係の深さを分ける。,,,,最終確認待ち
exp26-personal-0333,人間関係・コミュニケーション,2,1,,relationship_names,「仲がいいから分かるはず」と言われた。親しさがあっても、毎回聞いてほしいことは何？,,,関係名で省略される確認を聞く。,,,,最終確認待ち
exp26-personal-0334,人間関係・コミュニケーション,2,1,,relationship_names,関係をはっきり定義しない方が気楽な二人がいる。曖昧さは不誠実さではなく、二人の望みになると思う？,,,名付けない関係の合意を聞く。,,,,最終確認待ち
exp26-personal-0335,人間関係・コミュニケーション,2,2,,distance_and_return,大切な友達と会うと疲れるが、嫌いになったわけではない。疲れる感覚を関係の判断にどこまで使いたい？,,,相手への愛着と会う負担を分ける。,,,,最終確認待ち
exp26-personal-0336,人間関係・コミュニケーション,2,1,,distance_and_return,会わずにいた間、自分は楽になり、相手にも自分の暮らしがあった。以前より少ない関わりを、後退と感じる？,,,距離による関係の再編を聞く。,,,,最終確認待ち
exp26-personal-0337,人間関係・コミュニケーション,2,1,,distance_and_return,一度距離を置いた友達が、特に理由を聞かず迎えてくれた。説明を求められないことは、安心になる？ 少し寂しい？,,,復帰時の詮索しない態度の受け止めを聞く。,,,,最終確認待ち
exp26-personal-0338,人間関係・コミュニケーション,2,1,,distance_and_return,親しい人に会う前、楽しく過ごす自分を準備していると気づいた。その準備は楽しみの一部？ 負担のしるし？,,,関係で演じる準備の本人の意味を聞く。,,,,最終確認待ち
exp26-personal-0339,人間関係・コミュニケーション,2,1,,distance_and_return,会うと昔の役割に戻る友達がいる。役割を変えて付き合いたいなら、まず何を一緒にし直したい？,,,既存の関係役割を更新する感覚を聞く。,,,,最終確認待ち
exp26-personal-0340,人間関係・コミュニケーション,2,1,,distance_and_return,自分だけが静かな時間をほしいと思った。相手が悪い理由を作らずに距離を置くことは、自分には難しい？,,,関係の変更に相手の非を必要とするか聞く。,,,,最終確認待ち
exp26-personal-0341,人間関係・コミュニケーション,2,1,,distance_and_return,前ほど何でも話さない方が、今は仲よくいられる。話す範囲が狭くなることを、信頼の減少と感じる？,,,自己開示量と信頼を分ける。,,,,最終確認待ち
exp26-personal-0342,人間関係・コミュニケーション,2,2,,repair_and_recognition,すれ違いの後、相手は理由を詳しく話したが、こちらの気持ちには触れなかった。理解できる説明と、関係が戻る感覚は何が違う？,,,説明の納得と関係修復の感覚を聞く。,,,,最終確認待ち
exp26-personal-0343,人間関係・コミュニケーション,2,1,,repair_and_recognition,相手に望んだ配慮をしてもらったが、頼んだからだけだと感じた。頼んで得た行動にも、大切にされる実感は持てる？,,,自発性に置く愛情や配慮の価値を聞く。,,,,最終確認待ち
exp26-personal-0344,人間関係・コミュニケーション,2,2,,repair_and_recognition,相手の事情が分かって、怒りは減ったが、寂しさは残った。二人で話すなら、何を解決したいと伝えたい？,,,理由の理解後に残る感情を聞く。,,,,最終確認待ち
exp26-personal-0345,人間関係・コミュニケーション,2,2,,repair_and_recognition,気持ちが戻るまで時間がほしいが、相手には関係を続けたいと伝わっている。まだ楽しく話せない自分を、関係の中に置いてよいと思う？,,,修復途中の不快な自己を許す感覚を聞く。,,,,最終確認待ち
exp26-personal-0346,人間関係・コミュニケーション,2,1,,repair_and_recognition,同じすれ違いを、二人が別の出来事として覚えていた。事実の順序が分かった後も、感じ方を一つにする必要はある？,,,事実確認と感情の一致を分ける。,,,,最終確認待ち
exp26-personal-0347,人間関係・コミュニケーション,2,2,,repair_and_recognition,もう責めないと決めた相手に、前のように親しくする気持ちはない。責めないことと近くにいることは、同じ約束だと思う？,,,制裁をやめることと親密さの回復を分ける。,,,,最終確認待ち
exp26-personal-0348,人間関係・コミュニケーション,2,1,,repair_and_recognition,相手が後から直した行動を、いつまで新しい努力として見ていたい？ 普通のことになるのは、どんな時だと思う？,,,修復の努力が日常へ移る感覚を聞く。,,,,最終確認待ち
exp26-personal-0349,人間関係・コミュニケーション,2,2,,repair_and_recognition,自分の謝り方は相手に届かなかったが、何に謝ったかは伝えたつもりだ。言葉が届くまで、何を変えたいと思う？,,,謝罪の内容と受け取り方の違いを聞く。,,,,最終確認待ち
exp26-personal-0350,人間関係・コミュニケーション,2,1,,mutual_presence,一緒に静かに過ごして満足したが、相手は何も共有できなかったと感じた。二人が一緒にいるとは、何を共有することだと思う？,,,同席に望む共同性の違いを聞く。,,,,最終確認待ち
exp26-personal-0351,人間関係・コミュニケーション,2,1,,mutual_presence,二人で話していると、相手は考えるために長く黙る。自分なら、その沈黙の間も会話が続いていると感じられる？,,,沈黙を対話の一部として受け取る感覚を聞く。,,,,最終確認待ち
exp26-personal-0352,人間関係・コミュニケーション,2,1,,mutual_presence,自分には話すことがない日に、相手の話だけで満たされることもある。交互に話す量をそろえる必要は感じる？,,,発話量と相互性の関係を聞く。,,,,最終確認待ち
exp26-personal-0353,人間関係・コミュニケーション,2,1,,mutual_presence,人の前で楽しそうにしないと、相手を退屈させる気がする。何も演じないで過ごすために、何が分かれば安心できる？,,,同伴で求められる感情表現を聞く。,,,,最終確認待ち
exp26-personal-0354,人間関係・コミュニケーション,2,1,,mutual_presence,会えない相手と、それぞれ同じ日に好きなことをした。それを後で話すだけでも、一緒の時間を持ったと感じる？,,,同時にいない共同時間の感覚を聞く。,,,,最終確認待ち
exp26-personal-0355,人間関係・コミュニケーション,2,1,,mutual_presence,一緒に過ごした時間を相手が覚えていなかった。でも自分には大切だった。二人の思い出でなくても、その価値は残る？,,,相互に記憶されない関係体験の価値を聞く。,,,,最終確認待ち
exp26-personal-0356,人間関係・コミュニケーション,3,1,decision_maker,relationship_names,交流の場で、友達になった人数を活動の成果として数える案が出た。顔なじみや、名前を付けない大切な関係もあるなら、どんなつながりを成果と呼びたい？,架空の場の振り返りです。友達という呼び名を付けることと、日々の親しみを感じることが一致するとは置いていません。,,関係名を成果にする評価基準を聞く。,,,,最終確認待ち
exp26-personal-0357,人間関係・コミュニケーション,3,1,actor,relationship_names,互いに友達と呼んでいない二人が、困った時にはよく頼り合う。関係を紹介する立場なら、本人たちの呼び名と周りに分かる名前のどちらを使う？,仮の紹介で、二人とも紹介自体には同意しています。関係の実態を伝えることと、本人が関係を定義する自由を比べます。,,名付けない関係を他者へ紹介する判断を聞く。,,,,最終確認待ち
exp26-personal-0358,人間関係・コミュニケーション,3,1,decision_maker,relationship_names,集まりで「全員が親しい友達になる」を目標にしたい人がいる。運営するなら、親しさを広げたい期待と、顔なじみでいたい人の望みをどう考える？,架空の交流会で、必要な協力はできている条件です。協力して過ごすことと、個人的な親密さを目指すことを区別します。,,共同の場が要求する親密さの範囲を聞く。,,,,最終確認待ち
exp26-personal-0359,人間関係・コミュニケーション,3,1,observer,relationship_names,活動でできた関係を、活動終了後も続ける約束を求める案がある。続かなくても、その期間の関係は十分に大切だったと考えられる？,仮の期間限定の活動で、終了後の関係は本人同士が選べます。継続の保証を、その時の誠実さの証明にするかを考えます。,,関係の価値を継続で証明する必要を聞く。,,,,最終確認待ち
exp26-personal-0360,人間関係・コミュニケーション,3,1,observer,equal_exchange,交流団体が、助けた回数と助けられた回数を同じにする仕組みを考えている。関係の対等さを作るなら、回数以外に何を見るべきだと思う？,架空の仕組みでは、助け方の手間や本人の得意が異なります。貸し借りの均衡と、頼む・断ることを選べる関係を分けて考えます。,,援助交換を数で整える対等さへの判断を聞く。,,,,最終確認待ち
exp26-personal-0361,人間関係・コミュニケーション,3,1,actor,equal_exchange,ある集まりで、よく誘う人と誘われた時に場を豊かにする人がいる。関係づくりへの貢献を説明するなら、同じ行動の回数で比べたい？,架空の集まりで、双方とも参加を楽しんでいます。始める役と応じて広げる役の違いを、消極性と積極性だけで判断しない条件です。,,関係への異なる貢献を評価する基準を聞く。,,,,最終確認待ち
exp26-personal-0362,人間関係・コミュニケーション,3,1,decision_maker,equal_exchange,初心者と経験者が交流する場で、教える役を固定すると安心できる人がいる。一方でいつも教わる側では窮屈な人もいる。場を作るなら、どういう対等さを目指す？,架空の交流で、学習成績を付ける場ではありません。知識の差を認めながら、人として互いに関心を向ける形を考えます。,,能力差のある関係の対等さを聞く。,,,,最終確認待ち
exp26-personal-0363,人間関係・コミュニケーション,3,2,actor,equal_exchange,自分から助けを求められない人に、周囲が代わりに頼み事を決めている。友人として関わるなら、頼りやすさと本人が選ぶことをどう両立させたい？,仮の友人関係で、緊急の危険や医療上の判断は置いていません。お願いを助けることと、本人の望みを決めることを分けます。,,依頼を仲介する友人が持つ影響を聞く。,,,,最終確認待ち
exp26-personal-0364,人間関係・コミュニケーション,3,1,actor,understanding_and_words,対話の進行役が、参加者の発言を短く言い換えることになった。分かりやすさを優先すると細かな迷いが落ちるなら、何を残したい？,架空の対話では、本人が言い換えを確認できます。理解の助けになる整理と、語り手の揺れを固定する可能性を比べます。,,会話の要約で保ちたい個人の理由を聞く。,,,,最終確認待ち
exp26-personal-0365,人間関係・コミュニケーション,3,1,decision_maker,understanding_and_words,話し合いで「同じ経験があるから分かる」と言う人に、他の参加者は違いも聞いてほしいという。進行役なら、共通点を作ることと違いを残すことをどう扱う？,架空の対話で、どちらの経験が正しいかを決める場面ではありません。同じ出来事の種類でも感覚が異なることを理解する会話を考えます。,,共感で個別の感覚を消さない対話の判断を聞く。,,,,最終確認待ち
exp26-personal-0366,人間関係・コミュニケーション,3,1,observer,understanding_and_words,交流会のまとめに「みんな分かり合えた」と書きたいが、参加者の一人は理由を知れただけだという。その違いを成果の言葉に残す必要はある？,架空の振り返りで、賛否が一致したことは条件にしていません。理由を聞けたこと、理解したこと、同意したことを分けます。,,対話成果としての理解と合意の区別を聞く。,,,,最終確認待ち
exp26-personal-0367,人間関係・コミュニケーション,3,1,decision_maker,understanding_and_words,話の途中で考えが変わった人に、最初の発言への説明を求める参加者がいる。進行するなら、どの時点の言葉を本人の立場として扱いたい？,仮の対話で、偽証や虚偽の調査ではありません。考えを試しながら話す余地と、発言が他者に残す意味を考えます。,,対話内の自己修正の扱いを聞く。,,,,最終確認待ち
exp26-personal-0368,人間関係・コミュニケーション,3,1,actor,understanding_and_words,複数人で話す場で、沈黙を賛成と扱うと進行が早くなる。でも考えるために黙る人もいる。進行役として、沈黙をどんな言葉で扱う？,架空の交流では、法的な採決をしているわけではありません。話さないことに意味を与える側の責任と、本人が意味を決める余地を考えます。,,無言の人の意思を代弁する境界を聞く。,,,,最終確認待ち
exp26-personal-0369,人間関係・コミュニケーション,3,1,observer,understanding_and_words,集まりで、理由を言える意見だけを深い意見として扱う案がある。まだ感覚としてしか話せない意見にも、同じ関心を向けたい？,仮の集まりでは専門知識を試す目的はありません。言語化の上手さと、本人にとって大切な思いの重さを分けます。,,言語化された理由だけを評価する会話基準を聞く。,,,,最終確認待ち
exp26-personal-0370,人間関係・コミュニケーション,3,2,observer,understanding_and_words,対話の場で「どうして？」と繰り返す方法を使う案がある。本人がこれ以上の理由はないと言った時、聞く側の関心はどこまで続けてよい？,架空の会話の進め方です。本人が実際の苦しい経験を話す必要はありません。探究心と、理由を尽くしたと本人が感じる地点を比べます。,,理由を深める関心と停止の意思を聞く。,,,,最終確認待ち
exp26-personal-0371,人間関係・コミュニケーション,3,1,observer,distance_and_return,長く付き合う仲間が、関係は大切だが参加を減らしたいという。残る側なら、減った関わりを関係の衰えとして扱う必要があると思う？,仮の仲間関係で、必須の業務の欠勤ではありません。参加の量と、その人が関係へ持つ意味を分けます。,,関わりの減少を関係全体の評価にするか聞く。,,,,最終確認待ち
exp26-personal-0372,人間関係・コミュニケーション,3,1,actor,distance_and_return,交流団体が、離れた人を再び誘う企画を考えている。本人が戻らない理由を言っていない場合、歓迎を示すことと距離を尊重することの境目は何？,架空の誘いで、相手の事情は未確認です。戻ることを良い結末として求めず、戻らないまま関係を認める形も考えます。,,関係の復帰を促す側の期待を聞く。,,,,最終確認待ち
exp26-personal-0373,人間関係・コミュニケーション,3,2,observer,distance_and_return,仲間が活動をやめる時、理由を全員に話す慣習がある。関係を大切にする説明と、自分の時間を自分で決めることは、どこで分けたい？,仮の任意の活動で、引き継ぎは済んでいます。必要な作業連絡と、離れる内面の理由を開示することを区別します。,,退出の実務と感情の説明義務を分ける。,,,,最終確認待ち
exp26-personal-0374,人間関係・コミュニケーション,3,1,observer,distance_and_return,関係が薄くなった二人を、周りが仲直りさせようとしている。けんかはなく、付き合い方が変わっただけなら、仲介する意味をどう考える？,仮の友人関係に争いの被害は置いていません。元の親密さへ戻すことと、今の距離のまま関係を認めることを比べます。,,自然な距離の変化を修復問題にするか聞く。,,,,最終確認待ち
exp26-personal-0375,人間関係・コミュニケーション,3,1,actor,distance_and_return,交流会が、来なくなった人との思い出を毎回話している。残る側として、思い出を大切にすることと戻る期待を重ねないことは両立する？,架空の交流会で、離れた本人を非難してはいません。関係が続かなくても過去の価値を残す方法を考えます。,,退出者を語る現在の期待と記憶を聞く。,,,,最終確認待ち
exp26-personal-0376,人間関係・コミュニケーション,3,2,actor,repair_and_recognition,二人のすれ違いを仲介する立場で、事情の説明は一致したが、片方の寂しさは残った。事実が分かったら修復したと扱ってよいと思う？,架空の仲介では、法的な紛争解決ではありません。原因が明らかになること、感情が理解されること、関わりを再開することを分けます。,,原因の理解と関係修復を区別する判断を聞く。,,,,最終確認待ち
exp26-personal-0377,人間関係・コミュニケーション,3,2,observer,repair_and_recognition,謝った人が、相手は許したのだから以前どおりに接するべきだという。仲間として見るなら、許しにはどんな関係の約束が含まれると思う？,仮の出来事で、犯罪に対する刑罰ではありません。責めないことと、信頼や親密さを戻すことは別々に決められるかを考えます。,,許しを関係回復の契約として扱うか聞く。,,,,最終確認待ち
exp26-personal-0378,人間関係・コミュニケーション,3,2,decision_maker,repair_and_recognition,関係を立て直す会話で、相手は自分の望むことを初めて明確に言った。仲介役なら、以前言わなかったことをどこまで過去の責任に含める？,架空のすれ違いでは、相手が察知できたかは決めていません。望みを伝える責任と、聞いて確かめる責任の境界を考えます。,,未共有の期待を過去の関係責任にする基準を聞く。,,,,最終確認待ち
exp26-personal-0379,人間関係・コミュニケーション,3,2,observer,repair_and_recognition,何度も修復の話をした二人が、今回は区切りを付けたいという。周囲は努力が足りないと言うが、関係を終えることも修復の結果と呼べると思う？,仮の関係で、双方とも別の生活を選べます。修復を継続の成功とだけ定義することと、相互理解の後に離れることを比べます。,,理解して離れる結果を関係修復として聞く。,,,,最終確認待ち
exp26-personal-0380,人間関係・コミュニケーション,3,2,actor,repair_and_recognition,交流の場で、誤解を受けた人より、謝った人をほめる声が多い。進行する立場なら、話し合いを受け入れた人の時間もどう扱いたい？,仮の小さなすれ違いで、双方の負担を同じと決めていません。目立つ修復行動と、関係を再び考える見えにくい労力を比べます。,,修復を受け取る側の貢献を聞く。,,,,最終確認待ち
exp26-personal-0381,人間関係・コミュニケーション,3,1,decision_maker,shared_attention,共同体験の感想会で、同じ結論の人を同じ組に分ける案が出た。結論は同じでも理由が違うなら、何を基準に話す相手を組み合わせたい？,架空の感想会です。結論の一致を仲間の近さとみなす方法と、違う着眼点を聞く方法を比べます。,,共有する結論と個人の理由で関係を組む判断を聞く。,,,,最終確認待ち
exp26-personal-0382,人間関係・コミュニケーション,3,1,actor,shared_attention,共通の趣味を持つ人の交流で、詳しい人だけが話題を決めている。場を進めるなら、詳しくない人が惹かれる理由も中心にしたい？,仮の交流は技能を競う場ではありません。知識の豊富さと、その人にとっての楽しさを語る力を別の価値として考えます。,,熟練者中心の共有で個人の感覚を扱う判断を聞く。,,,,最終確認待ち
exp26-personal-0383,人間関係・コミュニケーション,3,1,observer,shared_attention,一緒にした体験を紹介する時、代表者が「全員楽しかった」と話した。感想の違う人がいるなら、代表するとはどこまで感覚をまとめることだと思う？,架空の報告で、参加者の一人一人の感想は異なります。出来事を報告することと、他人の感情を代弁することを分けます。,,共同体験の感情を代表する範囲を聞く。,,,,最終確認待ち
exp26-personal-0384,人間関係・コミュニケーション,3,1,observer,shared_attention,交流を深めるため、全員が互いの趣味を試す企画がある。相手を知ることは、同じ楽しみを体験することまで必要だと思う？,架空の企画で、試せない事情を評価していません。本人の話を聞く理解と、自分で体験する理解の違いを考えます。,,相手理解を体験共有で求める必要を聞く。,,,,最終確認待ち
exp26-personal-0385,人間関係・コミュニケーション,3,1,actor,shared_attention,活動仲間の関係を深めるため、活動とは関係のない話をする時間が設けられた。私生活を話さずに人を知る時間も作れると思う？,仮の集まりでは私的な経験の告白は不要です。好み、感想、仮の選択から相手の考えを知る可能性を考えます。,,個人情報を集めない相手理解を聞く。,,,,最終確認待ち
exp26-personal-0386,人間関係・コミュニケーション,3,1,observer,relational_time,交流団体が関係の節目を祝う企画で、知り合った日を二人は違って覚えている。一つの日を正式な始まりと決めることと、それぞれの始まりを残すことをどう考える？,架空の企画で、記憶の正誤を判定する場ではありません。共同の区切りを作ることと、それぞれが関係の始まりに置く意味を比べます。違う日を大切にすることが、親しさの不足とは決めません。,,関係の始まりを共同で一つに決めることと、二人の違う意味を残すことの違いを聞く。,,,,最終確認待ち
exp26-personal-0387,人間関係・コミュニケーション,3,1,decision_maker,relational_time,再会の場を企画するなら、昔の関係を再現する会と、今の互いを知り直す会のどちらを中心にしたい？,仮の企画で、参加者は変化している可能性があります。懐かしい安心と、現在の他者へ関心を向けることの違いを考えます。,,再会で重視する関係の時間軸を聞く。,,,,最終確認待ち
exp26-personal-0388,人間関係・コミュニケーション,3,1,observer,relational_time,交流団体が、長く付き合った関係を特別に紹介したいという。短いが深く残った関係にも、同じ価値を認めたい？,仮の紹介で、個人の優劣を付ける場ではありません。継続年数と本人に残る意味が、別の尺度になる可能性を考えます。,,関係の長さと人生への意味の評価を聞く。,,,,最終確認待ち
exp26-personal-0389,人間関係・コミュニケーション,3,1,decision_maker,mutual_presence,会話を目的にした集まりで、話さずに一緒に過ごしたい人がいる。場を運営するなら、その参加をどう位置付けたい？,架空の集まりでは、発言が業務ではありません。言葉を交わすことと、同じ場に居て関わることの価値を比べます。,,発話しない共同性の場での扱いを聞く。,,,,最終確認待ち
exp26-personal-0390,人間関係・コミュニケーション,3,1,actor,mutual_presence,二人で静かに作業する会で、片方は親しさを感じ、片方は交流がないと感じた。主催するなら、何を共有できたかをどう聞きたい？,仮の会では、共同作業の量が同じでも関係の感覚は異なります。主催側の目的と参加者の意味付けの違いを考えます。,,同じ場の関係的な感覚を進行する視点を聞く。,,,,最終確認待ち
exp26-personal-0391,人間関係・コミュニケーション,3,1,observer,mutual_presence,交流会で、楽しい表情を見せる人だけが積極的な参加者と呼ばれた。表情以外の関わりを見ようとするなら、何を大切にしたい？,仮の評価で、感情を外に出す量に差がある条件です。主催者が見やすい反応と、本人の関心の実際を分けます。,,可視的な感情表現に依存する関係評価を聞く。,,,,最終確認待ち
exp26-personal-0392,人間関係・コミュニケーション,3,1,actor,mutual_presence,自分から話題を出す人と、相手の話を静かに深める人がいる。交流を支えた人を紹介するなら、どちらの働きもどう伝えたい？,架空の交流の振り返りです。発言を始める量だけでは見えない関係づくりを、本人の役割として考えます。,,聞くことの関係づくりへの貢献を聞く。,,,,最終確認待ち
exp26-personal-0393,人間関係・コミュニケーション,4,3,actor,distance_and_return,長年の友達と会うと、いつも自分が昔の聞き役に戻る。相手は今も大切だが、その形では会い続けたくない。関係の形を変えることを、何を失う覚悟として感じる？,架空の友人関係で、相手に悪意はありません。親しさを保つことと、固定された役割から出ることを自分の時間に置きます。,,役割を変える友人が持つ関係の損失を聞く。,,,,最終確認待ち
exp26-personal-0394,人間関係・コミュニケーション,4,3,actor,distance_and_return,親しい友達と距離を置いたら、自分が楽になった。相手は関係が続いているつもりで、再会を望んでいる。嫌いになっていないことと、戻らない意思をどう伝えたい？,仮の関係では、相手を非難する理由がない条件です。関係を減らす決定の責任と、相手への愛着を同時に考えます。,,相手の非を理由にしない退出の責任を聞く。,,,,最終確認待ち
exp26-personal-0395,人間関係・コミュニケーション,4,3,affected,distance_and_return,自分にとって特別な友達が、今は別の人との関係を中心にしている。自分との時間も大切だと言う。その関係を以前とは違う形で持ちたいと思える？,仮の友人関係で、排他性の約束はありません。自分の特別さと、相手が別の関係を育てる自由を本人の感覚として考えます。,,友人の中心でなくなった自己の関係の意味を聞く。,,,,最終確認待ち
exp26-personal-0396,人間関係・コミュニケーション,4,3,actor,distance_and_return,相手がつらい時期に支えた関係で、自分は今、付き合いを減らしたい。相手はあなたを支えと感じている。これまで支えたことは、これからの関係をどこまで決める？,架空の友人関係で、緊急の危険への対応ではありません。支えた歴史、相手の期待、現在の自分の余力を分けます。,,過去の援助が生む継続責任を関係の本人に聞く。,,,,最終確認待ち
exp26-personal-0397,人間関係・コミュニケーション,4,3,affected,distance_and_return,何年も会わなかった友達と再会し、今は以前のような親しさを感じなかった。でも過去の関係は大切だ。今の距離を受け入れると、思い出も変わりそう？,仮の再会で、どちらかの裏切りはありません。現在の親しさを無理に再現せず、過去の時間をどう持つかを考えます。,,継続しない現在と過去の友人関係の価値を聞く。,,,,最終確認待ち
exp26-personal-0398,人間関係・コミュニケーション,4,3,affected,distance_and_return,自分をよく理解してくれた友達が、生き方の大切な迷いまで他の人へ代わりに説明するようになった。説明は正確だが、自分の言葉で人生を語る機会が減った。支えだった理解が代弁になる時、その人にどんな距離を望む？,架空の関係で、秘密を漏らしたという条件ではありません。人生の意味を正確に理解されることと、自分が語る主体でいることを分けて考えます。,,理解されることが自己の代弁になる関係の境界を聞く。,,relationship-140,,最終確認待ち
exp26-personal-0399,人間関係・コミュニケーション,4,3,affected,distance_and_return,大切な相手から、理由を詳しく話さず関係を減らしたいと言われた。事情を知りたい気持ちは強いが、拒絶の理由を知っても変えられない。どんな言葉があれば区切りを付けられそう？,仮の関係の変更で、未解決の貸し借りや共同契約はありません。理由を知る望みと、相手が話す範囲を選ぶことを考えます。,,退出される側が求める説明と区切りを聞く。,,,,最終確認待ち
exp26-personal-0400,人間関係・コミュニケーション,4,3,decision_maker,distance_and_return,自分が中心になって続けてきた友人の集まりを、もう主催したくない。誰も引き継がなければ会う機会がなくなる。関係を守るために、続ける責任を感じる？,架空の任意の集まりです。運営の仕事と友人であることを分け、主催しない自分の関係の持ち方を考えます。,,友人の集まりを支える決定者の退出責任を聞く。,,,,最終確認待ち
exp26-personal-0401,人間関係・コミュニケーション,4,3,actor,repair_and_recognition,長いすれ違いを話して関係を再開したら、周りから「全部解決してよかった」と言われた。自分はまだ整理できない思いもある。相手との新しい時間を守りながら、過去を解決済みとしないために何を伝えたい？,架空の再開では、関係を続けることは二人で決めています。周囲へ示す結末と、本人に残る経験の意味を同じにしない条件です。,,再開を完全解決と見られる本人の経験を残す責任を聞く。,,relationship-116 / relationship-152,,最終確認待ち
exp26-personal-0402,人間関係・コミュニケーション,4,3,actor,repair_and_recognition,自分がしたことを相手はもう責めないが、以前のようには頼ってくれない。責めないと言われた後も、自分は何を取り戻したいと思っている？,架空の関係で、相手には親密さを戻す約束はありません。制裁が終わることと信頼が回復することの違いを自分に置きます。,,謝った本人が求める許しの中身を聞く。,,relationship-152,,最終確認待ち
exp26-personal-0403,人間関係・コミュニケーション,4,3,affected,repair_and_recognition,自分が傷ついた出来事を、相手もつらい記憶として持っていた。相手の痛みを聞くと、自分の痛みが小さく扱われる気がする。両方の話を関係に置けると思う？,仮のすれ違いで、どちらかが被害の程度を証明する場ではありません。互いの経験を聞くことと、責任を同じにすることを分けます。,,相手の痛みを聞く時の自分の承認を聞く。,,,,最終確認待ち
exp26-personal-0404,人間関係・コミュニケーション,4,3,actor,repair_and_recognition,友達に謝った後、相手は関係を続けないと決めた。謝ることは関係を戻すためでもあった自分を、どう受け止める？,架空の謝罪では、受け取った側が復帰を約束していません。責任を認めることと、望む結果を得ることを分けて考えます。,,関係回復を得られない謝罪の本人の意味を聞く。,,,,最終確認待ち
exp26-personal-0405,人間関係・コミュニケーション,4,3,actor,repair_and_recognition,親しい人に、自分がつらかった時期の説明をしたい。でも相手はその時期をよい思い出として大切にしている。相手の記憶が変わることも引き受けて話す？,仮の共有した時間で、相手に故意の加害があった設定ではありません。同じ時間の違う経験を明かす目的と影響を考えます。,,相手のよい記憶を変える自己の語りの責任を聞く。,,,,最終確認待ち
exp26-personal-0406,人間関係・コミュニケーション,4,3,affected,repair_and_recognition,相手の事情を理解したら、怒っていた理由を説明しにくくなった。でもつらかった感覚は残る。理由が弱くなっても、自分の感覚を大切にできる？,架空の事情の判明です。行為を評価する判断と、本人が経験した痛みを同じ尺度にしないで考えます。,,正当化しにくくなった痛みの本人の扱いを聞く。,,,,最終確認待ち
exp26-personal-0407,人間関係・コミュニケーション,4,3,decision_maker,repair_and_recognition,二人とも、もう一度関係を作りたいが、以前のように戻ることは望んでいない。何を一緒に残し、何を終えたと認めるなら、新しく始められそう？,仮の関係の再開で、古い形の復元を成功条件にしていません。共有した歴史と現在の望みを分けて考えます。,,関係の修復を新しい形で選ぶ判断を聞く。,,relationship-116,,最終確認待ち
exp26-personal-0408,人間関係・コミュニケーション,4,3,decision_maker,repair_and_recognition,親しい二人の仲介を頼まれ、両方の言い分を理解した。話す場を作ることで関係が戻る可能性も、決定的に終わる可能性もある。引き受けるなら何への責任を感じる？,架空の仲介で、専門の相談員としての義務は置いていません。場を作る影響と、当事者の結論を自分が決めない境界を考えます。,,仲介を引き受ける友人の責任を聞く。,,,,最終確認待ち
exp26-personal-0409,人間関係・コミュニケーション,4,3,affected,understanding_and_words,自分の大きな迷いを話したが、相手はよく理解したうえで、自分と違う選択を勧めた。分かってもらえたことだけで支えを感じられる？,架空の人生の迷いで、具体的な医療や法的助言を求めていません。本人の理由を知ることと、選択を支持することを分けます。,,非同意を含む深い理解の本人の意味を聞く。,,bridge-004,,最終確認待ち
exp26-personal-0410,人間関係・コミュニケーション,4,3,affected,understanding_and_words,親しい人に、これからどんな自分として生きたいかまだ言葉にできないとする。相手の説明は的確でも、その言葉で未来を決めたくない。説明しきれない自分を、どう大切にしてもらいたい？,仮の親密な会話です。相手の説明が役立つことと、その説明をこれからの自己像として引き受けることを分けます。言葉を拒むかだけでなく、まだ定まらない自分の未来を相手とどう共有するかを考えます。,,親しい相手に理解されながらも、言葉で将来の自分を固定されたくない本人の望みを聞く。,,,,最終確認待ち
exp26-personal-0411,人間関係・コミュニケーション,4,3,affected,understanding_and_words,相手は自分の過去をよく知っているが、今の迷いは知らない。昔から分かってくれる人だからこそ、変わった自分を話すのが怖いとしたら、何を守りたい？,仮の親しい関係で、話すと必ず拒絶される設定ではありません。理解されてきた安心と、現在の自己を知ってほしい望みを比べます。,,長い理解の歴史が新しい自己開示へ与える重みを聞く。,,,,最終確認待ち
exp26-personal-0412,人間関係・コミュニケーション,4,3,affected,understanding_and_words,自分は分かってもらえたと思った話を、相手は違う意味で受け取っていた。親しさを感じた時間まで間違いだったと考える？,仮の誤解の発見で、相手が欺いたわけではありません。情報の理解と、その時に生まれた安心の価値を分けます。,,誤解があった関係時間の本人の価値を聞く。,,,,最終確認待ち
exp26-personal-0413,人間関係・コミュニケーション,4,3,affected,understanding_and_words,親しい人へ、これからは以前の役割で生きられないと話し、理解してもらえたと思った。でも相手は前と同じ役を頼る。自分を知ってもらうことを、何が変われば確かめられる？,仮の長い関係で、本人はこれから別の生き方を選びたいと伝えています。相手が話を忘れたとは決めません。考えを理解することと、慣れた役割を頼る行動が変わることの違いを考えます。,,長く担った関係の役割から離れたい本人が、理解と実際の関わりの変化に何を求めるかを聞く。,,,,最終確認待ち
exp26-personal-0414,人間関係・コミュニケーション,4,3,actor,understanding_and_words,自分の人生の決断を、親しい相手が応援してくれた。でも相手自身には、その決断で寂しい時間が増える。応援の言葉の奥まで聞くことを、どこまで自分の責任にしたい？,仮の決断で、相手は応援の意思を明示しています。言葉を信じることと、影響を受ける相手の複数の感情へ関心を持つことを比べます。,,応援を受ける本人が聞く相手の損失を聞く。,,relationship-104,,最終確認待ち
exp26-personal-0415,人間関係・コミュニケーション,4,3,actor,equal_exchange,何年も助けてもらった友達に、今度は頼りたいと言われた。でも同じ形では応えられない。過去の支えを、何を返す責任として感じる？,架空の友人関係で、金銭の返済契約ではありません。受け取った支えの大きさと、現在できる関わりの違いを考えます。,,非契約的な援助の返礼を関係の本人に聞く。,,,,最終確認待ち
exp26-personal-0416,人間関係・コミュニケーション,4,3,affected,equal_exchange,自分が教えることから始まった関係で、相手が自分より得意になった。友人としてうれしいが、役割がなくなる寂しさもある。二人の間に何を新しく持ちたい？,仮の学びを介した関係です。能力の上下が変わることと、人としての関係が終わることを同じにしません。,,能力差が逆転した後の関係の自己の意味を聞く。,,,,最終確認待ち
exp26-personal-0417,人間関係・コミュニケーション,4,3,decision_maker,equal_exchange,二人の暮らしを変える大きな選択を、親しい相手はいつもあなたに任せる。自分の望みで未来を決めることが、相手の人生まで選ぶことに感じられたら、どんな責任を持ちたい？,架空の合意された決定役です。相手は任せたいと伝えており、支配や脅しは置いていません。自分が決める便利さと、相手の将来の望みを知らないまま暮らしを選ぶ責任を比べます。,,自分の望みで親しい相手との未来を選ぶ時、合意された委任でも残る相手理解の責任を聞く。,,,,最終確認待ち
exp26-personal-0418,人間関係・コミュニケーション,4,3,affected,equal_exchange,相手から多くを受け取り、自分から返せるものが少ない時期が続く。相手はそれでよいと言う。対等でいられないと感じるなら、何が足りないと思う？,仮の関係では、相手が返礼を要求していません。援助の量と本人の尊厳や発言のしやすさを分けて考えます。,,本人が感じる受け取り続ける関係の対等さを聞く。,,,,最終確認待ち
exp26-personal-0419,人間関係・コミュニケーション,4,3,actor,equal_exchange,二人の関係を良くするために、自分だけが気を配っていると感じる。相手は気楽でいられることを信頼の証と思っている。この違いを、どんな負担として伝えたい？,架空の関係で、相手が何もしていないと確定していません。本人に見える配慮と、相手が関係に付ける意味の差を考えます。,,関係維持の見えにくい負担を伝える責任を聞く。,,,,最終確認待ち
exp26-personal-0420,人間関係・コミュニケーション,4,3,affected,equal_exchange,人に頼るのが得意な友達から、もっと頼ってほしいと言われた。自分には、頼らずに一緒にいる関係も大切だ。相手の望む相互性に応える必要を感じる？,仮の友人関係では、頼み事がないことを不信と決めません。頼ることで近づく人と、要求しなくても親しくいたい人の違いを考えます。,,相互依存を望まれる本人の関係選択を聞く。,,,,最終確認待ち
exp26-personal-0421,人間関係・コミュニケーション,4,3,affected,relational_time,二人で過ごした大切な時期を、相手はもう自分の中心に置いていない。自分だけが大切に覚えている関係も、今の人生を支えると思える？,仮の記憶の差で、過去の関係が虚偽だった設定ではありません。相手の現在の思いと、自分に残る時間の価値を分けます。,,片側に残った関係の記憶の現在の意味を聞く。,,,,最終確認待ち
exp26-personal-0422,人間関係・コミュニケーション,4,3,affected,relational_time,これまで短い間だけ関わった人が、自分の人生を大きく変えた。長くそばにいた人より特別だと感じることを、自分はどう受け止める？,架空の複数の関係の比較で、誰かに順位を公表する問いではありません。関わった長さと本人への意味の強さを分けます。,,関係年数と本人の人生への重みを聞く。,,,,最終確認待ち
exp26-personal-0423,人間関係・コミュニケーション,4,3,affected,relational_time,長く共にした相手とは関係を終えることを二人で決めたが、自分は最後の節目を祝い、相手はこれからの暮らしへ進みたい。自分が一緒に確かめたいのは、その時間のどんな意味だろう？,仮の関係の区切りです。別々に生きる選択は二人とも変えるつもりがありません。祝いを関係の継続を求めるための手段にせず、共にした年月を確かめたい望みと、区切りを終えたい望みを考えます。,,関係を終える本人が、共に生きた時間を相手と認め合うことに何を求めるかを聞く。,,,,最終確認待ち
exp26-personal-0424,人間関係・コミュニケーション,4,3,actor,relational_time,人生の別の道へ進んだ大切な人と、次の再会の約束ができない短い時間を持つとする。これまでを理解してほしい自分と、今だけ共に過ごしたい自分は、何を相手と分かち合いたい？,架空の再会で、死期を指定する設定ではありません。別々の暮らしへ進むため、次に会う機会を決められない場面です。自分が生きた時間を知ってもらうことと、新しい思い出を一緒に持つことを比べます。,,次の再会を約束できない人生の分岐で、相手に伝える歩みと共に経験する時間のどちらに関係を残すかを聞く。,,,,最終確認待ち
exp26-personal-0425,人間関係・コミュニケーション,4,3,affected,relationship_names,自分には人生の大切な関係だが、相手は気の合う知人と呼んでいる。その違いが分かっても、自分の大切さを小さくする必要はある？,仮の関係で、相手は関わりを拒んでいません。関係の名前や重さが一致することを、大切さの条件にするか考えます。,,関係の重みが非対称な本人の意味を聞く。,,,,最終確認待ち
exp26-personal-0426,人間関係・コミュニケーション,4,3,actor,relationship_names,名前のないまま長く支え合う相手がいる。関係を定義すれば安心できそうだが、今の自由さが変わるかもしれない。名前を求めるなら、何を確かめたい？,架空の親密な関係で、婚姻や制度の資格は関わりません。呼び名を決めることと、具体的な望みを共有することを分けます。,,関係を名付ける本人の責任と期待を聞く。,,,,最終確認待ち
exp26-personal-0427,人間関係・コミュニケーション,4,3,affected,relationship_names,かつて特別だった相手から、これからは友達として付き合いたいと言われた。呼び名が変わっても、自分は同じ時間を持てると思う？,仮の移行で、相手の望む形式を強要する場面ではありません。関係名に含まれていた期待と、残せる関わりを考えます。,,関係名の変更に本人が感じる喪失を聞く。,,,,最終確認待ち
exp26-personal-0428,人間関係・コミュニケーション,4,3,affected,mutual_presence,相手に自分の人生を詳しく知られなくても、そばにいると深く落ち着く。その関係の深さを、言葉で理解される関係とどう比べたい？,仮の二つの関係の感覚です。個人情報を知る量だけを深さにせず、同伴と理解が本人に持つ意味を考えます。,,語られない自己を受け止める同伴の深さを聞く。,,,,最終確認待ち
exp26-personal-0429,人間関係・コミュニケーション,4,3,actor,mutual_presence,長い関係の相手について、自分はもう聞かなくても分かると思ってきた。でも相手は、最近の自分を知られていないと感じていた。長年の理解に頼る自分を変えるなら、何を聞き直したい？,仮の本人は、理解する側として関係を作ってきました。親しい自分の確信と、現在の相手が知ってほしいことを分けます。,,理解しているという自己の確信を改める関係の責任を聞く。,,,,最終確認待ち
exp26-personal-0430,人間関係・コミュニケーション,4,3,affected,mutual_presence,二人で過ごす時、自分は相手のために楽しそうにしてきた。相手は今の自分でよいと言う。何も見せずにそばにいる自分を、どこまで受け入れられる？,架空の同伴で、相手の求める態度は明示されています。相手への配慮を続けることと、自分の存在だけで関係に居る感覚を比べます。,,感情を演じない自分の関係への居方を聞く。,,,,最終確認待ち
exp26-personal-0431,倫理・意思決定,1,1,,motives_and_results,よいことをした理由が少し身勝手でも、よかったと感じられる？,,,行為の評価に動機が与える重みを聞く。,,,,最終確認待ち
exp26-personal-0432,倫理・意思決定,1,1,,motives_and_results,役に立った偶然を、自分のよい行いに数えたいと思う？,,,意図しない成果を自己の評価に含めるか聞く。,,,,最終確認待ち
exp26-personal-0433,倫理・意思決定,1,1,,motives_and_results,誰にも知られない親切と、知ってもらえる親切では、する気持ちは変わる？,,,行為への承認の動機を聞く。,,,,最終確認待ち
exp26-personal-0434,倫理・意思決定,1,1,,responsibility_limits,自分が始めたことを終えるには、最後まで関わる必要があると思う？,,,開始した行為への継続責任を聞く。,,,,最終確認待ち
exp26-personal-0435,倫理・意思決定,1,1,,responsibility_limits,自分で選んだことなら、助けを頼む前に一人で頑張るべきだと感じる？,,,選択主体と助けを受ける資格を聞く。,,,,最終確認待ち
exp26-personal-0436,倫理・意思決定,1,1,,responsibility_limits,何もしないと決める時も、理由を持っていたい？,,,不作為を判断として扱うか聞く。,,,,最終確認待ち
exp26-personal-0437,倫理・意思決定,1,1,,judgment_conditions,決めた後に安心できるのは、結果がよい時？ 選び方に納得している時？,,,判断の安心を過程と結果から聞く。,,,,最終確認待ち
exp26-personal-0438,倫理・意思決定,1,1,,judgment_conditions,一度決めた基準を変えるなら、何が分かった時に変えたい？,,,基準の改訂の手掛かりを聞く。,,,,最終確認待ち
exp26-personal-0439,倫理・意思決定,1,1,,judgment_conditions,迷ったことを伝えると、結論の価値は弱くなると思う？,,,判断の揺れと信頼の関係を聞く。,,,,最終確認待ち
exp26-personal-0440,倫理・意思決定,1,1,,judgment_conditions,判断を保留したままでも、人の話を聞く意味はあると思う？,,,結論を急がない関心の価値を聞く。,,,,最終確認待ち
exp26-personal-0441,倫理・意思決定,1,1,,fairness_and_exceptions,同じ基準で自分も扱われると分かると、その基準の見え方は変わる？,,,自己に返る原則への感覚を聞く。,,,,最終確認待ち
exp26-personal-0442,倫理・意思決定,1,1,,fairness_and_exceptions,特別な事情を知ったら、同じ扱いをしない方が誠実だと感じる？,,,個別事情と一貫性を比べる。,,,,最終確認待ち
exp26-personal-0443,倫理・意思決定,1,1,,fairness_and_exceptions,一人だけ例外にすることと、基準全体を変えることでは、何が違うと感じる？,,,例外と原則改訂を分ける。,,,,最終確認待ち
exp26-personal-0444,倫理・意思決定,1,1,,fairness_and_exceptions,誰の立場になるか分からない時、普段と違う選び方をしそう？,,,利害が未定の判断基準を聞く。,,,,最終確認待ち
exp26-personal-0445,倫理・意思決定,1,1,,recognition_and_credit,自分が目立たない方がうまくいく時、その形で進めたいと思う？,,,承認と共同の結果を比べる。,,,,最終確認待ち
exp26-personal-0446,倫理・意思決定,1,1,,recognition_and_credit,感謝を受け取ることに、何かを返す義務を感じる？,,,承認の受け取りに感じる責任を聞く。,,,,最終確認待ち
exp26-personal-0447,倫理・意思決定,1,1,,choice_and_reversibility,後から取り消せない選択では、いつもより慎重になりたい？,,,選択の不可逆性の重みを聞く。,,,,最終確認待ち
exp26-personal-0448,倫理・意思決定,1,1,,choice_and_reversibility,うまくいく方法を知らなくても、試してよいと思う目印は何？,,,不確かな行為を認める基準を聞く。,,,,最終確認待ち
exp26-personal-0449,倫理・意思決定,1,1,,choice_and_reversibility,少しの不満が全員に残る結論も、よい結論と呼べる？,,,全員の満足を結論の条件にするか聞く。,,,,最終確認待ち
exp26-personal-0450,倫理・意思決定,1,1,,choice_and_reversibility,よい理由が二つぶつかったら、決めきれなさも大切にしたい？,,,価値の衝突への自己の姿勢を聞く。,,,,最終確認待ち
exp26-personal-0451,倫理・意思決定,2,1,,motives_and_results,同じ親切をした二人のうち、一人は相手のため、もう一人はよく見られるためだった。役に立った程度が同じなら、行いの評価は変わる？,,,結果をそろえて動機の評価を聞く。,,,,最終確認待ち
exp26-personal-0452,倫理・意思決定,2,1,,motives_and_results,人に渡した物が偶然その人に役立ったが、自分は片付けたかっただけだった。感謝された時、役立てたいと思っていたわけではないと伝えたい？,,,意図しない利益への承認の受け取りを聞く。,,,,最終確認待ち
exp26-personal-0453,倫理・意思決定,2,1,,motives_and_results,親切をするうちに、感謝されたい気持ちが大きくなった。始めた動機と今の動機では、どちらで行いを見たい？,,,時間で変わる動機の評価を聞く。,,,,最終確認待ち
exp26-personal-0454,倫理・意思決定,2,1,,motives_and_results,良い結果になった選択を、後から聞いた理由には納得できなかった。結果を喜ぶことと判断を評価することは別にしたい？,,,結果を知った後の判断過程の評価を聞く。,,,,最終確認待ち
exp26-personal-0455,倫理・意思決定,2,1,,responsibility_limits,自分が始めた小さな活動を、続けたい人に託せることになった。自分が離れた後のやり方にも、責任を感じる？,,,引き継いだ後の創始者の責任を聞く。,,,,最終確認待ち
exp26-personal-0456,倫理・意思決定,2,1,,responsibility_limits,あなたが勧めた方法を相手が自分で選び、うまくいかなかった。勧めた側には、どんな責任が残ると思う？,,,推薦と他者の主体的選択の責任を聞く。,,,,最終確認待ち
exp26-personal-0457,倫理・意思決定,2,1,,responsibility_limits,先に試した人の失敗のおかげで、後の人は同じ失敗を避けられた。先に試した人には、責める以外にどんな評価をしたい？,,,失敗による学びと行為責任を分ける。,,,,最終確認待ち
exp26-personal-0458,倫理・意思決定,2,1,,responsibility_limits,協力を頼まれた時は余裕があったが、途中でなくなった。最初の約束を守ることと、今できる範囲を伝えることでは、何に責任を感じる？,,,変わった能力と約束の責任を聞く。,,,,最終確認待ち
exp26-personal-0459,倫理・意思決定,2,1,,judgment_conditions,自分が納得した方法で選んだが、結果はよくなかった。同じ情報しかなければ、もう一度同じ判断をしてよいと思う？,,,結果の悪さと判断の再現を聞く。,,,,最終確認待ち
exp26-personal-0460,倫理・意思決定,2,1,,judgment_conditions,決めた直後に、別の大切な条件を知った。決定を変えると人が準備し直すなら、何を基準に見直したい？,,,新情報と決定の安定の比較を聞く。,,,,最終確認待ち
exp26-personal-0461,倫理・意思決定,2,1,,judgment_conditions,迷った末の結論を聞かれた。迷いを省いて伝えることと、迷いも示すことでは、どちらが誠実だと思う？,,,結論の確信を伝える責任を聞く。,,,,最終確認待ち
exp26-personal-0462,倫理・意思決定,2,1,,judgment_conditions,早く決めると行動できるが、あと少し聞けば別の事情が分かるかもしれない。十分考えたという境目は、何で決めたい？,,,判断を終える情報量の基準を聞く。,,,,最終確認待ち
exp26-personal-0463,倫理・意思決定,2,1,,judgment_conditions,全員の理由を聞いたが、どれにも納得できる部分があった。順位を付けられない時、結論を出すこと自体をどう考える？,,,比較できない価値で決める姿勢を聞く。,,,,最終確認待ち
exp26-personal-0464,倫理・意思決定,2,1,,fairness_and_exceptions,決めた基準に合わない人が一人いて、その事情を聞くと例外を認めたくなった。知らない人にも同じ例外を認めるなら、何を条件にしたい？,,,知った個人から一般化する例外の範囲を聞く。,,,,最終確認待ち
exp26-personal-0465,倫理・意思決定,2,1,,fairness_and_exceptions,自分には楽に守れる決まりが、他の人には負担だったと知った。決まりの分かりやすさだけでは、何が判断できないと思う？,,,立場による負担の非対称性を聞く。,,,,最終確認待ち
exp26-personal-0466,倫理・意思決定,2,1,,fairness_and_exceptions,好きな人の失敗には事情を聞き、知らない人の失敗には結果だけを見ていた。同じ基準にするなら、何をそろえたい？,,,好意による情報の非対称な扱いを聞く。,,,,最終確認待ち
exp26-personal-0467,倫理・意思決定,2,1,,fairness_and_exceptions,例外を一つ認めた後、似ているが同じではない事情を持つ人が来た。似ているという感覚だけで、同じ判断をしてよいと思う？,,,例外を広げる際の類似の基準を聞く。,,,,最終確認待ち
exp26-personal-0468,倫理・意思決定,2,1,,recognition_and_credit,みんなの工夫が重なってよい結果が出たが、一人がまとめ役として感謝された。感謝を分けるなら、何を伝えることが大切だと思う？,,,共同成果の承認を配る基準を聞く。,,,,最終確認待ち
exp26-personal-0469,倫理・意思決定,2,1,,recognition_and_credit,人に譲ったことで物事がうまくいったが、譲ったことは誰も知らない。知らせたい気持ちは、親切の価値を変える？,,,見えない譲歩と承認の動機を聞く。,,,,最終確認待ち
exp26-personal-0470,倫理・意思決定,2,1,,recognition_and_credit,相手に役立ったことへの感謝と、好きだからくれた感謝では、受け取り方が違う？,,,行為と人に向けられる承認を分ける。,,,,最終確認待ち
exp26-personal-0471,倫理・意思決定,2,1,,choice_and_reversibility,後でやめられる方法を選ぶと、今の準備は少し増える。決め直せる余地のために、その手間をかけたい？,,,可逆性を守る費用の評価を聞く。,,,,最終確認待ち
exp26-personal-0472,倫理・意思決定,2,1,,choice_and_reversibility,何もしなければ今の状態は続くが、誰かの望みもかなわない。現状のままにすることを、中立な選択だと思う？,,,現状維持の影響への倫理的評価を聞く。,,,,最終確認待ち
exp26-personal-0473,倫理・意思決定,2,1,,choice_and_reversibility,二つの案に同じくらい良い理由があり、くじで決めようという話になった。理由を比べた後の偶然は、自分には納得できる決め方？,,,同価値の選択に偶然を使う基準を聞く。,,,,最終確認待ち
exp26-personal-0474,倫理・意思決定,3,1,decision_maker,motives_and_results,行いを評価する委員になったとする。よい結果を狙って行動した人と、別の目的の行動が偶然役立った人に、同じ評価を与えたい？,架空の評価で、実際に役立った程度は同じです。意図、結果、次も期待できる行動を別の尺度として考えます。,,同じ利益に対する意図の評価を聞く。,,,,最終確認待ち
exp26-personal-0475,倫理・意思決定,3,1,observer,motives_and_results,団体が、親切をした人の本音まで確かめて表彰する案を出した。人の役に立った行動を評価する時、動機を調べる必要はどこまである？,仮の表彰の基準です。隠れた動機を正確に知れるとは置かず、結果を評価することと人格を評価することを分けます。,,動機を調べる評価の範囲を聞く。,,,,最終確認待ち
exp26-personal-0476,倫理・意思決定,3,1,actor,motives_and_results,他者に役立つ活動へ参加する理由として、本人が「自分の気分がよくなるから」と話した。活動を紹介するなら、その理由も価値として伝えたい？,架空の紹介では、相手の役に立つことと本人の満足が両立しています。自己の喜びを含む動機を、不純と決めずに考えます。,,自己利益を含む善行の説明への態度を聞く。,,ethics-009,,最終確認待ち
exp26-personal-0477,倫理・意思決定,3,2,actor,motives_and_results,行為を評価する場で、悪い結果が出た後に善意だったという説明がされた。説明を聞く役なら、善意は責任を軽くする理由と、結果を変えない情報のどちらになる？,仮の評価で、具体的な刑事責任を決めていません。何を意図したかと、何を回復する必要があるかを分けます。,,動機の理解と損失への責任を分ける。,,,,最終確認待ち
exp26-personal-0478,倫理・意思決定,3,1,decision_maker,motives_and_results,同じよい行動を長く続ける人が、途中から評価を得るためだと話した。審査する立場なら、過去の行動の評価まで変える？,架空の審査で、行動の実際の効果は変わっていません。動機の時間的変化と、既にあった価値の関係を考えます。,,後で変わった動機を過去に適用する判断を聞く。,,,,最終確認待ち
exp26-personal-0479,倫理・意思決定,3,2,actor,causal_responsibility,三人の小さな判断が重なって、不利益が生じた。責任を考える会の進行役なら、一つでも違えば避けられた人を全員同じに扱う？,架空の結果で、各人の予見できた範囲は異なります。原因になったことと、どれほど責任を持つかを分けます。,,共同原因と責任の配分を聞く。,,,,最終確認待ち
exp26-personal-0480,倫理・意思決定,3,2,decision_maker,causal_responsibility,結果は同じだったが、一人は危険を増やし、もう一人は危険を減らそうとしていた。結果だけで責任を決める基準を、採用したい？,架空の行為の評価で、刑罰を決める場ではありません。実現した結果と、選択した時点の危険の違いを考えます。,,実現結果と危険を選んだ責任を分ける。,,,,最終確認待ち
exp26-personal-0481,倫理・意思決定,3,2,observer,causal_responsibility,不利益を防げると知っていた人が、頼まれていないので動かなかった。行動した人と、動かなかった人の責任をどこで分けたい？,仮の出来事では介入の負担もあります。不作為を全て同じにせず、知識、能力、他者との関係を考えます。,,未依頼の介入をしない責任の境界を聞く。,,,,最終確認待ち
exp26-personal-0482,倫理・意思決定,3,1,observer,causal_responsibility,提案した人と、採用を決めた人が別にいる。提案には欠点も伝えられていたなら、実行後の責任をどう考える？,架空の意思決定では、両者に必要な情報がありました。発案の影響と、承認する権限の違いを考えます。,,発案と承認の責任の分担を聞く。,,,,最終確認待ち
exp26-personal-0483,倫理・意思決定,3,2,decision_maker,causal_responsibility,既に始まった不利益を小さくできる人に、原因ではないから対応しないと言われた。責任を定める立場なら、原因であることは対応の必要条件？,架空の対応基準です。損失を生んだ責任と、今それを減らせる立場が持つ責任を分けて考えます。,,原因責任と現在の対応責任を分ける。,,,,最終確認待ち
exp26-personal-0484,倫理・意思決定,3,1,observer,knowledge_and_duty,判断前に確かめられた情報を、時間を節約するため見なかった人がいる。結果を評価するなら、知らなかったことと知ろうとしなかったことを分ける？,仮の情報は入手可能だった条件です。全て調べる義務とは置かず、確認の負担と結果の重要さを考えます。,,回避できた無知の責任を聞く。,,,,最終確認待ち
exp26-personal-0485,倫理・意思決定,3,1,actor,knowledge_and_duty,重要な条件を知らずに選んだ人へ、後から説明をする役になった。選び直せることを示すのと、当時の判断も尊重するのとでは、何を伝えたい？,架空の説明で、知っていれば必ず別の選択をしたとは置いていません。情報不足と本人の意思を別々に扱います。,,情報不足を知った後の意思の扱いを聞く。,,,,最終確認待ち
exp26-personal-0486,倫理・意思決定,3,2,actor,knowledge_and_duty,初めて起きた問題で、誰も結果を予測できなかった。振り返る会では、責任者を決めることと次に備えることを同じ目的としてよい？,架空の新しい出来事です。責任が全くないとは決めず、非難する理由と改善する理由の違いを考えます。,,予見できない事態の責任と学習の区別を聞く。,,,,最終確認待ち
exp26-personal-0487,倫理・意思決定,3,2,decision_maker,knowledge_and_duty,当事者しか知らない事情を、第三者が一般的な基準で評価した。評価する役なら、確認できない事情をどこまで判断に含めたい？,仮の評価で、事情が虚偽か真実かは未確定です。根拠の範囲と、見えない事情を無視しないことを比べます。,,不可視の事情を評価へ含む基準を聞く。,,,,最終確認待ち
exp26-personal-0488,倫理・意思決定,3,1,observer,knowledge_and_duty,同じ情報を知っていても、経験のある人だけが危険に気づいた。責任の基準は全員共通にしたい？ 気づける立場に応じて変えたい？,架空の判断で、資格上の義務は指定していません。持っている情報と、それを理解する能力の違いを考えます。,,理解する能力差に応じた責任を聞く。,,,,最終確認待ち
exp26-personal-0489,倫理・意思決定,3,1,actor,judgment_conditions,決め方を評価する会で、結果を先に知る人と、当時の条件から見る人がいる。進行役なら、どの順番で材料を示したい？,架空の振り返りです。結果からの理解と、当時の選択肢を再現する理解の違いを考えます。,,判断の評価へ結果情報を与える順序を聞く。,,,,最終確認待ち
exp26-personal-0490,倫理・意思決定,3,1,decision_maker,judgment_conditions,委員会が、一度決めたことを変える際には新情報が必要だとしている。価値の優先が変わったことも、見直す理由にしてよい？,仮の運用基準です。事実の変化と、同じ事実をどう重く見るかの変化を分けます。,,判断の改訂を事実の更新だけに限定するか聞く。,,,,最終確認待ち
exp26-personal-0491,倫理・意思決定,3,1,decision_maker,judgment_conditions,検討する人が増えるほど、決定は遅れるが理由は多く見える。進行を任されたら、聞き終えたという基準を何に置く？,架空の話し合いで、無期限に待てるわけではありません。全員の満足と、判断に必要な材料がそろうことを分けます。,,判断を閉じる責任の基準を聞く。,,,,最終確認待ち
exp26-personal-0492,倫理・意思決定,3,1,decision_maker,judgment_conditions,多くの人が同じ結論だが、その理由は互いに違う。共通の基準を作る役なら、結論の一致だけで採用したい？,仮の基準づくりでは、次の場面で違う結果になる可能性があります。同じ判断を繰り返せる理由をどこまで共有するかを考えます。,,結論一致から原則を作る判断を聞く。,,,,最終確認待ち
exp26-personal-0493,倫理・意思決定,3,1,observer,judgment_conditions,納得できない少数の理由も記録した上で決定した。振り返る立場なら、理由が残ったことと、決定が正しかったことは別に評価する？,架空の意思決定の振り返りです。手続きの丁寧さが結論を自動的に正当化するとは置かず、二つの評価を分けます。,,判断手続きと結論の評価を分ける。,,,,最終確認待ち
exp26-personal-0494,倫理・意思決定,3,1,observer,fairness_and_exceptions,原則を決める会で、自分がどの立場になるか最後まで伏せる案がある。立場を知った上で責任を持つ判断と、どちらを信頼したい？,仮の方法で、どちらも必要な条件は知れます。私的な利害を外すことと、具体的な立場を理解することの違いを考えます。,,利害を知らない判断の強みと限界を聞く。,,,,最終確認待ち
exp26-personal-0495,倫理・意思決定,3,2,actor,fairness_and_exceptions,例外を認めた理由を全て公にすると、事情を話した人の負担が増える。基準を説明する役なら、透明さをどこまで求めたい？,架空の例外判断で、本人の事情を広く見せる必要は確定していません。納得できる基準と、個別の事情を守ることを比べます。,,例外の説明に伴う本人の負担を聞く。,,,,最終確認待ち
exp26-personal-0496,倫理・意思決定,3,2,decision_maker,fairness_and_exceptions,同じ基準が長く続いたため、人々がそれに合わせて準備してきた。今は基準自体が合わないと分かったら、過去の準備をどこまで守りたい？,仮の基準の改訂です。新しい評価の妥当性と、旧基準を信じて行動した人への対応を分けます。,,原則変更が過去の期待へ持つ責任を聞く。,,,,最終確認待ち
exp26-personal-0497,倫理・意思決定,3,1,observer,fairness_and_exceptions,親しい人の事情を知って例外を認めた担当者がいる。知らない人にも同じ事情があり得るなら、今回の判断を変える必要はある？,仮の評価で、親しいこと自体が唯一の理由ではありません。事情に沿う判断と、事情を知る機会の偏りを考えます。,,関係による情報格差を例外の公平へ含むか聞く。,,,,最終確認待ち
exp26-personal-0498,倫理・意思決定,3,2,decision_maker,fairness_and_exceptions,一人の事情に合わせると、他の人には少しずつ負担が増える。基準を作るなら、負担が分散して見えにくいことも重く見たい？,仮の調整で、誰かの負担が当然だとは置いていません。一つの大きな負担と、広がった小さな負担の捉え方を考えます。,,分散した負担の倫理的な重みを聞く。,,,,最終確認待ち
exp26-personal-0499,倫理・意思決定,3,1,decision_maker,recognition_and_credit,共同の成果に名前を付ける際、最初に考えた人と、形になるまで支えた人のどちらを中心にしたい？,架空の成果で、法的な著作者の判定ではありません。発案と持続的な実行に与える承認の意味を比べます。,,共同成果の起点と実現への承認を聞く。,,,,最終確認待ち
exp26-personal-0500,倫理・意思決定,3,1,decision_maker,recognition_and_credit,失敗を防いだ人は、何も起きなかったため評価されにくいとする。評価基準を作るなら、起きなかったことをどう価値に含めたい？,架空の条件で、防いだ効果を完全に測れるとは置いていません。見えた成果と、予防した可能性を比べます。,,未発生の結果へ与える承認の基準を聞く。,,,,最終確認待ち
exp26-personal-0501,倫理・意思決定,3,1,actor,recognition_and_credit,自分の貢献を話さない人と、積極的に示す人がいる。推薦をする立場なら、伝える力と実際の貢献をどう分けたい？,仮の推薦の場です。沈黙する人が必ず大きな貢献をしたとは置かず、見えやすい情報の範囲を考えます。,,自己表現の差と貢献の評価を聞く。,,,,最終確認待ち
exp26-personal-0502,倫理・意思決定,3,1,observer,recognition_and_credit,好意で始めた行動を、後から皆が当然の役割と呼ぶようになった。行いを評価するなら、慣れたことでも感謝を示す意味はある？,架空の行動は義務として契約していません。繰り返しによる期待と、その都度の意思を分けます。,,任意の善行が義務として扱われる過程を聞く。,,,,最終確認待ち
exp26-personal-0503,倫理・意思決定,3,1,actor,recognition_and_credit,成果を支えた人が、名前を出さないでほしいと希望した。紹介を担当するなら、全員の貢献を明示する公平さと本人の希望をどう考える？,架空の紹介で、匿名でも役割は伝えられます。承認を受ける権利と、その受け取り方を本人が選ぶことを考えます。,,承認を望まない人を公平に扱う判断を聞く。,,,,最終確認待ち
exp26-personal-0504,倫理・意思決定,3,2,decision_maker,consent_over_time,一度賛成した人が、途中で自分の気持ちが変わったと言う。取り決めを見直す役なら、以前の同意にどこまで重みを置く？,架空の任意の共同活動で、法的契約の解釈ではありません。他の人が準備した期待と、現在の本人の意思を分けます。,,時間で変わる同意を判断する基準を聞く。,,,,最終確認待ち
exp26-personal-0505,倫理・意思決定,3,2,observer,consent_over_time,丁寧に説明された選択でも、経験する前は想像できない部分があった。評価するなら、十分な説明だけで同意の意味が決まる？,架空の体験への参加です。説明した側の努力と、本人が実際に理解できた範囲を別々に考えます。,,説明と経験的な理解の同意への重みを聞く。,,,,最終確認待ち
exp26-personal-0506,倫理・意思決定,3,2,observer,consent_over_time,他の人が喜ぶと分かって、本人が不本意でも賛成した。合意を見る役なら、明確な賛成と、選びたかったことの違いをどう扱う？,仮の合意で脅迫は置いていません。配慮から選んだ意思が本人の意思として持つ意味を考えます。,,他者配慮の同意を主体性として扱うか聞く。,,,,最終確認待ち
exp26-personal-0507,倫理・意思決定,3,1,decision_maker,consent_over_time,結果が出てから反対したいと言う人がいる。手順を決める立場なら、気持ちの変化と都合のよい見直しを何で分けたい？,仮の決定の後で、理由は本人から聞けます。結果を知る前の合意と、後から分かった価値の変化を考えます。,,結果後の同意の改訂を認める条件を聞く。,,,,最終確認待ち
exp26-personal-0508,倫理・意思決定,3,1,actor,consent_over_time,一人が断りやすくなるよう、他の全員が先に賛否を伏せる方法が提案された。進行役なら、他の意思を知らずに選ぶことをどこまで大切にしたい？,仮の意思確認です。周囲の希望を知ることが役立つ人と、同調の圧力になる人の違いを考えます。,,周囲の意思を知る時期が同意へ与える影響を聞く。,,,,最終確認待ち
exp26-personal-0509,倫理・意思決定,3,2,observer,loyalty_and_principles,同じ不適切な行いを、自分の集まりの人には内部で注意し、他の集まりには公に批判するという案がある。基準をそろえるなら、何を同じにする？,架空の行為の比較で、法的な犯罪ではありません。相手を知る程度と、批判の目的が判断に与える影響を考えます。,,所属で異なる批判方法の倫理を聞く。,,,,最終確認待ち
exp26-personal-0510,倫理・意思決定,3,1,decision_maker,loyalty_and_principles,自分たちの理念に反する理由を持つ人も、同じ行動へ協力してくれる。活動をまとめるなら、行動の一致だけで協力を受け入れたい？,架空の協力では、違法な目的は含みません。協力の実益と、理由を共有することの重要さを比べます。,,理念が違う協力を受け入れる基準を聞く。,,,,最終確認待ち
exp26-personal-0511,倫理・意思決定,3,2,actor,loyalty_and_principles,仲間を守るための説明が、無関係な人への疑いを強めることになった。説明をする役なら、忠実であることに何を含めたい？,架空の誤解への説明で、事実は隠せません。仲間への配慮と、説明を受ける第三者への公平な情報を考えます。,,忠誠が第三者に持つ説明責任を聞く。,,,,最終確認待ち
exp26-personal-0512,倫理・意思決定,3,1,observer,loyalty_and_principles,仲間の判断に反対した人を、活動への理解が足りないとして扱う声がある。外から見るなら、反対も忠実な関わりになる条件は何？,仮の集まりで、活動の目的への反対と手段への反対は区別できます。所属の忠実さを意見の一致で測るかを考えます。,,反対意見と共同の理念への忠実さを聞く。,,,,最終確認待ち
exp26-personal-0513,倫理・意思決定,3,1,decision_maker,loyalty_and_principles,自分たちに有利な基準を、他の集まりにも適用できる形に直す案が出た。基準を作る役なら、自分たちだけの事情をどこまで残したい？,架空の基準です。一般化する公平さと、特定の場で生まれた目的の違いを考えます。,,内集団の原則を一般化する判断を聞く。,,,,最終確認待ち
exp26-personal-0514,倫理・意思決定,3,1,decision_maker,uncertainty_and_action,効果が確実な小さな改善と、効果は不確かだが大きく改善できる方法がある。判断を任されるなら、不確かさのどこを最も重く見る？,架空の方法で、効果の数字は決めていません。利益の大きさ、失敗した時の負担、選び直せる余地を分けます。,,未確定の利益へ行動する倫理基準を聞く。,,,,最終確認待ち
exp26-personal-0515,倫理・意思決定,3,2,decision_maker,uncertainty_and_action,試す方法を選ぶ人と、失敗した時の負担を受ける人が別にいる。試行を認める基準を作るなら、誰の納得が必要だと思う？,架空の試行で、緊急の対応ではありません。不確かな行動の利益と負担が異なる人へ行く条件を考えます。,,試行を選ぶ権限と負担の所在を聞く。,,,,最終確認待ち
exp26-personal-0516,倫理・意思決定,3,1,actor,uncertainty_and_action,何もしない場合の負担はよく見え、行動した場合の負担はまだ分からない。説明する役なら、不確かな方を小さく扱わずにどう比べたい？,架空の比較では、未知の負担が大きいとも小さいとも決めていません。見える情報だけで評価することの限界を考えます。,,未知の負担を倫理判断へ含む方法を聞く。,,,,最終確認待ち
exp26-personal-0517,倫理・意思決定,3,2,observer,uncertainty_and_action,まず少数の人で試すと失敗を小さくできるが、その人たちが先に負担を受ける。外から評価するなら、小さな試行を常に慎重な方法と呼べる？,仮の試行で、参加は選べます。全体の負担を減らすことと、先に負担する人への責任を区別します。,,小規模な試行の負担を受ける人への倫理を聞く。,,,,最終確認待ち
exp26-personal-0518,倫理・意思決定,3,1,actor,uncertainty_and_action,判断の理由に不確かな見通しが含まれている。説明をまとめるなら、確かな部分だけ話すことと迷いも話すことでは、どちらを信頼の土台にしたい？,架空の説明で、分からない点を隠す必要はありません。簡潔な結論と、相手が判断を確かめる材料を比べます。,,不確実な判断の説明への責任を聞く。,,,,最終確認待ち
exp26-personal-0519,倫理・意思決定,3,1,observer,responsibility_limits,長く貢献した人に、今後も続けるのが当然という期待が集まった。評価する立場なら、過去の貢献は将来の義務を強くする？,架空の任意の活動で、契約上の義務はありません。信頼されてきた役割と、現在の余力を分けます。,,過去の善行から将来の義務を作る判断を聞く。,,ethics-009,,最終確認待ち
exp26-personal-0520,倫理・意思決定,3,2,decision_maker,responsibility_limits,誰かができる限りを尽くしたが、必要なことはまだ残った。責任を評価する役なら、尽力したことと十分だったことをどう分けたい？,架空の対応で、本人の能力には限りがあります。努力の評価と、未解決の必要への次の責任を考えます。,,最善の努力と未充足の責任を分ける。,,,,最終確認待ち
exp26-personal-0521,倫理・意思決定,3,1,actor,responsibility_limits,助けられる人が大勢いる場で、一人だけが毎回行動している。皆で責任を決めるなら、行動する人の善意を基準にしてよい？,架空の集まりで、他の人にも一定の余力があります。自発的にした人への感謝と、負担を固定することを区別します。,,一人の善意が共同責任を代替する境界を聞く。,,ethics-009,,最終確認待ち
exp26-personal-0522,倫理・意思決定,3,2,decision_maker,responsibility_limits,原因を作った人に今は対応する力がなく、別の人なら対応できる。決める立場なら、責任の所在を残したまま役割を移したい？,架空の対応です。過去への評価と、現在の解決のための分担を別々に考えられるかが論点です。,,非難の責任と対応の分担の分離を聞く。,,,,最終確認待ち
exp26-personal-0523,倫理・意思決定,3,1,actor,responsibility_limits,行動しなかった人が、後からうまくいった方法だけを示して批判した。振り返りを進めるなら、その批判にどんな責任を求めたい？,架空の振り返りで、第三者の意見を禁じる設定ではありません。結果を知る批判と、当時の判断を理解する責任を比べます。,,判断へ参加しなかった批判者の責任を聞く。,,,,最終確認待ち
exp26-personal-0524,倫理・意思決定,4,3,actor,motives_and_results,人を助けたのは、よい人だと思われたかったからでもある。相手は救われたと感謝している。その行いを自分の誇りとして持つなら、動機のどこまで認めたい？,仮の本人には複数の動機があります。実際に役立ったことと、自分の評価を得たかったことを同時に自分の行為として考えます。,,承認を望んだ善行を本人が誇る意味を聞く。,,,,最終確認待ち
exp26-personal-0525,倫理・意思決定,4,3,actor,motives_and_results,よいことをした人として長く信頼されてきたが、その時は自分に得があると思って選んだだけだった。今の信頼を失うかもしれなくても、その理由を語り直したい？,仮の評価は実際の行為に基づいています。嘘をついた設定ではなく、周囲の意味付けと本人の記憶のずれを考えます。,,動機を説明して自分の承認を変える責任を聞く。,,,,最終確認待ち
exp26-personal-0526,倫理・意思決定,4,3,actor,motives_and_results,感謝されるために続けた行為を、今は誰にも知られずにしたい。でも自分の本音がよくなったと示したい気持ちもある。誰の評価から離れたいと思っている？,仮の動機の変化です。他者に見られることだけでなく、自分が自分を評価することも行為に影響する条件を考えます。,,自己の道徳的評価を求める動機まで聞く。,,,,最終確認待ち
exp26-personal-0527,倫理・意思決定,4,3,actor,motives_and_results,よかれと思ってした行動が、相手には大きな負担になった。悪意はなかったと分かってもらえたが、相手は距離を置いた。善意だった自分をどう受け止める？,仮の相手は事情を理解しています。意図が伝わることと、その行為の影響や関係が戻ることを分けます。,,善意の説明後も残る行為の本人の責任を聞く。,,ethics-007 / bridge-031,,最終確認待ち
exp26-personal-0528,倫理・意思決定,4,3,affected,motives_and_results,自分を助けてくれた人は、あなたへの関心ではなく自分の評判のためだったと知った。受け取った支えは今も役立っている。その人への感謝は何に向けたい？,仮の助けで、実際の利益は失われません。人の動機に向ける評価と、受け取った行為への感謝を分けます。,,自己利益の動機を知った受け手の感謝を聞く。,,,,最終確認待ち
exp26-personal-0529,倫理・意思決定,4,3,decision_maker,motives_and_results,自分が選ぶ方法で多くの人が助かるが、自分には注目を得られる方法の方が魅力的だ。効果の差が小さくても、誰のために選ぶと説明したい？,仮の二つの方法はどちらも役立ちます。自分の承認の利益を隠すことと、それを判断の一要素として認めることを考えます。,,有益な決定で自分の承認利益を扱う責任を聞く。,,,,最終確認待ち
exp26-personal-0530,倫理・意思決定,4,3,decision_maker,motives_and_results,人を大切にすれば自分の人生も報われると信じ、長くその通りに生きてきた。でも、自分を後回しにしてきた時間だけが残ったと感じる。その望みを失った今、これからの人生を何を基準に選びたい？,仮の人生の振り返りです。周囲へ実際に役立ったことは否定しません。善行の価値と、それに自分の幸福が返ると期待してきた理由を分けて考えます。人を大切にする理由が一つだけとは置きません。,,自分の幸福と結び付けて選んだ倫理を、報われる見通しがなくなった後も判断の基準にする意味を聞く。,,,,最終確認待ち
exp26-personal-0531,倫理・意思決定,4,3,actor,causal_responsibility,自分の小さな判断が、他の人の判断と重なって大きな不利益になった。一人では起こせなかった結果でも、自分の分の責任をどんなものと感じる？,仮の共同原因で、割合を数字で確定していません。自分だけではなかったことと、自分も不可欠だったことを比べます。,,分散した原因を持つ本人の責任を聞く。,,,,最終確認待ち
exp26-personal-0532,倫理・意思決定,4,3,actor,causal_responsibility,自分が何も言わなかったことで、反対がないと受け取られ、不利益のある決定が通った。賛成したつもりはなくても、自分の沈黙をどう引き受ける？,仮の会議で、沈黙を合意とする決まりはありません。相手の解釈の責任と、自分が影響を予想できた範囲を分けます。,,意図せず決定を支えた沈黙の本人の責任を聞く。,,,,最終確認待ち
exp26-personal-0533,倫理・意思決定,4,3,affected,causal_responsibility,自分に不利益を与えた人は、当時その結果を知りようがなかったと分かった。責めたい気持ちが残るなら、相手に何を引き受けてほしい？,仮の結果の説明です。非難できることと、起きた損失への理解や対応を望むことを同じにしません。,,無過失の原因を持つ相手へ本人が求める責任を聞く。,,,,最終確認待ち
exp26-personal-0534,倫理・意思決定,4,3,affected,causal_responsibility,自分の不利益を避けられる人がいたが、その人は関係がないので動かなかった。その人にも事情はある。自分は何を助ける責任の根拠にしたい？,仮の助けは実行可能だったが、無負担ではありません。困った本人から見た対応可能性と、相手の自由を考えます。,,原因でない人の不作為を受けた本人の評価を聞く。,,,,最終確認待ち
exp26-personal-0535,倫理・意思決定,4,3,decision_maker,causal_responsibility,あなたが承認した案が、後から問題を起こした。案を作った人は欠点も伝えていた。発案者の説明を前に出せば自分への批判は減るが、どう責任を語りたい？,仮の承認では、最終的な選択権はあなたにありました。自分の評価を守ることと、権限を行使した責任を示すことを比べます。,,承認者が批判の配分を選ぶ自分の責任を聞く。,,,,最終確認待ち
exp26-personal-0536,倫理・意思決定,4,3,decision_maker,causal_responsibility,自分は原因ではない問題を、今なら解決できる立場にいる。対応すると自分の大切な活動は止まる。原因でないことを断る理由にするなら、何が自分の基準になる？,仮の対応は緊急の人命救助ではありません。現在の力に伴う責任と、本人の時間を別の目的に使う価値を考えます。,,対応できる本人が負担して持つ責任の限界を聞く。,,,,最終確認待ち
exp26-personal-0537,倫理・意思決定,4,3,decision_maker,causal_responsibility,問題に気づいた時、止められるのは自分だけだったが、確信がなく止めなかった。結果を知った今の自分は、当時のためらいをどこまで責任として持ちたい？,仮の結果で、当時は情報が足りなかった条件です。現在の知識を当時へ持ち込むことと、引き受けられた役割を考えます。,,不確かな時に止めなかった本人の後知恵を聞く。,,,,最終確認待ち
exp26-personal-0538,倫理・意思決定,4,3,actor,knowledge_and_duty,少し調べれば分かった条件を、自分は知りたくなくて調べなかった。そのため相手に負担が生じた。知らなかったと説明する自分に、何が残る？,仮の無知には回避する意思が含まれています。確認の手間と、不都合な情報を避けた自分の選択を分けます。,,意図して知らないままにした本人の責任を聞く。,,,,最終確認待ち
exp26-personal-0539,倫理・意思決定,4,3,actor,knowledge_and_duty,不確かな情報を自分は注意付きで伝えたが、相手は確実だと思って大切な選択をした。注意を書いたことだけで、伝えた責任を十分果たしたと感じる？,仮の情報伝達で、相手がどこまで理解したかは後から分かりました。形式的な注意と、相手の判断への影響を考えます。,,形式上の注意と本人の伝達責任を聞く。,,,,最終確認待ち
exp26-personal-0540,倫理・意思決定,4,3,affected,knowledge_and_duty,説明を十分受けて選んだはずが、実際に経験すると想像と違った。自分の選択だったことを認めながら、説明した人に何を求めたい？,仮の選択で、説明が虚偽だったとは置いていません。想像しにくい条件と、決めた本人の責任を分けます。,,理解して選んだ本人の想像外への責任評価を聞く。,,,,最終確認待ち
exp26-personal-0541,倫理・意思決定,4,3,affected,knowledge_and_duty,あなたの事情を知らない人が、自分ならもっと良い選択をしたと言う。事情を全て話せば理解される可能性はあるが、話したくない。誤った評価を残すことをどう受け止める？,仮の評価で、説明しないことは虚偽ではありません。自分の私的な範囲を守ることと、判断を理解される望みを比べます。,,非公開の事情ゆえに誤解される本人の選択を聞く。,,,,最終確認待ち
exp26-personal-0542,倫理・意思決定,4,3,decision_maker,knowledge_and_duty,共に暮らした人たちと進む道を決める役になり、その人たちはあなたを信頼して今の仕事や居場所を手放そうとしている。自分はその道に詳しいが、うまくいくとは確信していない。その人たちの未来を選ぶ時、不安をどこまで共有したい？,仮の共同の選択です。相手も任せると決めていますが、不確実さをどこまで理解しているかはまだ確かめられていません。自分の知識への信頼を保つことと、相手が将来の暮らしを決める材料を持つことを比べます。,,自分への信頼が相手のこれからの暮らしを左右する時に、不確実さを共有する責任を聞く。,,,,最終確認待ち
exp26-personal-0543,倫理・意思決定,4,3,decision_maker,knowledge_and_duty,まだ確かめきれないやり方で、自分が一生取り組みたい仕事を始める機会が来た。今決めなければ機会を失うが、決めれば共に進む人の暮らしも変わる。自分の夢のために、どんな不確かさなら残して決められる？,仮の人生の機会で、具体的な治療や救助の方法ではありません。自分の将来の機会と、共に進む人の暮らしへの影響がある設定です。未知を完全になくせない中で、何を確かめる責任として持つかを考えます。,,自分が生きたい道と他者の暮らしを背負って、未確認を残す決定の責任を聞く。,,,,最終確認待ち
exp26-personal-0544,倫理・意思決定,4,3,decision_maker,knowledge_and_duty,昔の判断を見直す役になり、当時の自分だけが重要な情報を知っていたと気づいた。その情報を周囲へ伝えなかったことまで、今の自分の責任に含める？,仮の振り返りで、当時は伝える決まりがありませんでした。自分の選択の妥当性と、他者が判断する機会を持つことを分けます。,,私有した情報が他人の判断へ持つ本人の責任を聞く。,,,relationship-161,最終確認待ち
exp26-personal-0545,倫理・意思決定,4,3,actor,judgment_conditions,自分の判断は結果的に正しかったが、選ぶ前には他の案を十分聞かなかった。正しい結果があっても、自分の決め方を人に勧めたい？,仮の正解は今回の結果についてだけです。結論がよかったことと、その方法を他の場面でも信頼することを分けます。,,自分の正しい結果を選び方へ一般化する責任を聞く。,,,,最終確認待ち
exp26-personal-0546,倫理・意思決定,4,3,actor,judgment_conditions,強く断言した意見を、今は少し変えたい。でも自分の言葉を信じて動いた人がいる。変える意思と、その人への責任をどんな順で伝えたい？,仮の意見変更では、新しい理由があります。昔の言葉を保つことと、影響を受けた人へ説明することを分けます。,,自分の言葉へ依存した人がいる変更の責任を聞く。,,bridge-035,,最終確認待ち
exp26-personal-0547,倫理・意思決定,4,3,affected,judgment_conditions,自分のために他の人が決めた方法は、丁寧な手順だったが、自分にはつらい結果になった。手順のよさを認めることは、結果への不満を弱める必要がある？,仮の影響を受けた本人です。決め方の公平さと、自分の生活への損失を別の理由として考えます。,,公正な手順で損をした本人の不満を聞く。,,,,最終確認待ち
exp26-personal-0548,倫理・意思決定,4,3,affected,judgment_conditions,十分考えて選んだのに、後から結果を知った人に判断が甘かったと言われた。自分の判断を守るなら、何を当時の条件として残したい？,仮の不成功で、当時の見通しには限界がありました。言い訳をすることと、選んだ時点の理由を説明することを分けます。,,結果後の非難に本人が保ちたい判断の文脈を聞く。,,,,最終確認待ち
exp26-personal-0549,倫理・意思決定,4,3,decision_maker,judgment_conditions,あなたが決めた原則は周りに信頼されているが、今の自分には納得できなくなった。事実は変わらず、大切にするものが変わっただけなら、原則を直したい？,仮の原則の改訂で、維持する利益はあなたの信頼でもあります。価値の変化を判断の理由として引き受けるか考えます。,,自分の信頼を失い得る価値基準の変更を聞く。,,,,最終確認待ち
exp26-personal-0550,倫理・意思決定,4,3,decision_maker,judgment_conditions,長く支えてくれた人への約束を守ることと、自分がこれから生きたい道へ進むことが両立しなくなった。どちらも大切で、今はどちらかを選ぶ必要がある。選ばなかった理由を消さずに、その後の自分の人生をどう引き受けたい？,仮の人生の分岐です。約束を守る側も新しい道へ進む側も、完全に誤りとは置きません。決めた後も残る相手への責任と、自分の望みを持つことをどう考えるかが論点です。,,一方を選んでも消えない倫理上の理由を、その後の自分の人生として持つ意味を聞く。,,,,最終確認待ち
exp26-personal-0551,倫理・意思決定,4,3,decision_maker,judgment_conditions,迷いのある案について、「今後もこの方向は変えない」と約束すれば、仲間は人生の時間をかけて協力すると言う。約束できずに機会を失うことと、将来の自分が選び直す余地を失うことを、どう引き受けたい？,仮の協力の約束です。不確実さを話すかだけでなく、将来に方向を変える自由まで約束で閉じることを比べます。協力者の時間も、本人が理念を実現する機会も大切なものとして置きます。,,他者の人生の時間を託されるために、将来も自分の選ぶ方向を変えないと約束する意味を聞く。,,,,最終確認待ち
exp26-personal-0552,倫理・意思決定,4,3,actor,fairness_and_exceptions,他人には認めなかった例外が、自分の事情には必要になった。事情を説明すれば認めてもらえるかもしれないが、以前の基準をどう扱いたい？,仮の立場の逆転です。自分の必要を隠すことと、基準の限界を認めて直すことを分けます。,,自分に返った例外の必要を原則と比べる。,,ethics-002,,最終確認待ち
exp26-personal-0553,倫理・意思決定,4,3,actor,fairness_and_exceptions,親しい人には詳しく事情を聞き、知らない人には同じ手間をかけなかった。その結果、有利な例外を親しい人だけに認めた。今なら、何を自分の不公平と呼ぶ？,仮の例外は事情自体には根拠があります。判断の結論より、情報を聞く関心の偏りを考えます。,,自分の注意の偏りが作る公平の問題を聞く。,,,,最終確認待ち
exp26-personal-0554,倫理・意思決定,4,3,affected,fairness_and_exceptions,自分には守れない原則を、同じように適用するのが公平だと言われた。事情を知られれば例外は得られるが、話したくない。自分なら公平に何を求める？,仮の事情の開示で、法的な資格の説明ではありません。個別に扱われる利益と、説明せずに参加する尊厳を比べます。,,事情の公開を必要とする公平を本人に聞く。,,,,最終確認待ち
exp26-personal-0555,倫理・意思決定,4,3,affected,fairness_and_exceptions,長く守った基準が変わり、以前は外れた人にも機会が開かれた。自分の努力が特別でなくなったとしても、基準の改善を喜べる？,仮の改訂で、既に得た権利は取り上げられません。過去に払った努力と、これからの人へ望む基準の関係を考えます。,,旧基準の努力が相対化される本人の公平観を聞く。,,,,最終確認待ち
exp26-personal-0556,倫理・意思決定,4,3,decision_maker,fairness_and_exceptions,かつて自分は、事情を詳しく説明して例外を認められ、人生を立て直せた。今、同じ判断を担う自分の前に、事情を話せない人がいる。確かめきれないまま認める責任と、認めずにその人の道を閉ざす責任をどう持ちたい？,仮の例外の判断です。本人の説明だけを根拠に認めると、共通の基準への信頼も揺らぐ設定です。説明できないことが事情の不存在とは決めません。自分も救われた仕組みを守ることと、理解しきれない人の機会を守ることを比べます。,,例外で人生を立て直した本人が、確かめられない事情を前に、認めることと退けることの責任をどう持つかを聞く。,,,,最終確認待ち
exp26-personal-0557,倫理・意思決定,4,3,decision_maker,fairness_and_exceptions,自分が作った基準に合わせて、他の人が長く準備してきた。今は基準を直すべきだと思う。以前の自分を信じた人に、どんな責任を持って変えたい？,仮の改訂は、間違いを隠すためではありません。新しい基準の妥当性と、過去の期待への対応を別々に考えます。,,自分の原則へ投資した人への改訂責任を聞く。,,,,最終確認待ち
exp26-personal-0558,倫理・意思決定,4,3,decision_maker,fairness_and_exceptions,自分と似た境遇の人の事情には共感できるが、違う境遇の事情は分かりにくい。最終判断をするなら、共感できないことをどこまで自分の基準から外せる？,仮の判断で、全ての経験を自分が理解できるとは置いていません。理解の実感と、重要だと認めることを分けます。,,共感の範囲が限られる決定者の公平を聞く。,,,,最終確認待ち
exp26-personal-0559,倫理・意思決定,4,3,actor,recognition_and_credit,大きく感謝された成果は、多くの人の見えない助けで成り立っていた。自分の名前を小さくすると今後の機会も減るかもしれない。どう功績を語りたい？,仮の共同成果で、自分の貢献も実際にあります。他者へ承認を渡すことと、自分の将来の利益を比べます。,,自分の機会を伴う共同功績の語り方を聞く。,,,,最終確認待ち
exp26-personal-0560,倫理・意思決定,4,3,actor,recognition_and_credit,自分が誰にも気づかれず防いだ失敗がある。知らせれば評価されるが、失敗しかけた人の評価は下がる。自分の働きを残すなら、何をどう伝えたい？,仮の予防で、緊急に広めるべき危険はありません。自分が承認を得ることと、他者を不必要に特定しない説明を考えます。,,見えない予防の承認と他者への影響を聞く。,,,,最終確認待ち
exp26-personal-0561,倫理・意思決定,4,3,actor,recognition_and_credit,自分が譲ったことで良い結果が出たが、相手は自分の力だけだと思っている。そのままにすることを、寛大さと自己を消すことのどちらに感じる？,仮の譲歩は自分の意思でした。貢献を知らせることが結果を損なうとは置かず、本人の承認への望みを考えます。,,自ら隠した貢献を持つ本人の尊厳を聞く。,,,,最終確認待ち
exp26-personal-0562,倫理・意思決定,4,3,actor,recognition_and_credit,人に感謝される役割を降りたら、自分のよい行いが見えなくなった。感謝がない時間にも、自分の価値を同じように感じられる？,仮の役割の変更です。能力がなくなった条件ではなく、承認の見え方が変わることを自己の道徳的な価値に置きます。,,承認の役割を外した本人の行為の価値を聞く。,,,,最終確認待ち
exp26-personal-0563,倫理・意思決定,4,3,affected,recognition_and_credit,自分が支えた成果を、代表者が自分だけの物語として語った。訂正すれば全体の関係が悪くなるかもしれない。自分の名前より何を確かめてほしい？,仮の共同成果で、貢献の記録は残っています。名声、正確な説明、対等に扱われた感覚を分けて考えます。,,功績を消された本人が求める回復を聞く。,,,,最終確認待ち
exp26-personal-0564,倫理・意思決定,4,3,affected,recognition_and_credit,好意で続けた行動を、今は自分の当然の役割と呼ばれている。やめると周囲は困るが、引き受けた約束はない。感謝されないことと、義務にされることは何が違う？,仮の任意の貢献です。不満の理由を感謝の量だけにせず、他者が自分の時間を期待する根拠を考えます。,,善意を固定した義務として受ける本人の評価を聞く。,,,,最終確認待ち
exp26-personal-0565,倫理・意思決定,4,3,decision_maker,recognition_and_credit,共同の仕事に人生の大半を費やした人たちを、次の活動へ推薦する役になった。親しい人の貢献は語れるが、知らない人の支えは語れない。自分の知る範囲で、その人たちのこれからを左右する推薦を決めてよいと思う？,仮の推薦が、その後の役割や機会を左右する設定です。親しい人の実際の功績は否定しません。自分が知る機会の偏りを認めた上で、知らない貢献を評価から落とす責任を考えます。,,自分の関係網の外にいる人のこれからを左右する推薦を、自分の知る貢献だけで決める責任を聞く。,,,,最終確認待ち
exp26-personal-0566,倫理・意思決定,4,3,actor,consent_over_time,前は納得して引き受けたことを、今は続けたくない。自分の約束を頼りに他の人が準備している。気持ちが変わったことを、どんな責任と一緒に伝えたい？,仮の任意の約束で、法的な契約の解除ではありません。現在の意思を選ぶことと、他者の準備への対応を分けます。,,撤回する本人が持つ期待への責任を聞く。,,,,最終確認待ち
exp26-personal-0567,倫理・意思決定,4,3,actor,consent_over_time,相手が断ってもよいと言ったのに、自分は相手を喜ばせるため賛成した。後から自分の望みではなかったと気づいた。自分で選んだ意思を、どう言い直したい？,仮の合意に脅しはありません。相手のためを選ぶ意思と、その選択で生まれた負担を本人のものとして考えます。,,他者配慮の同意をした本人の改訂を聞く。,,,,最終確認待ち
exp26-personal-0568,倫理・意思決定,4,3,affected,consent_over_time,あなたの了承を得て始めたことが、途中で想像と違う重さになった。相手は最初の説明どおりだという。経験して変わった自分の意思を、何を根拠に大切にしたい？,仮の体験で、説明に嘘があったとは決めません。説明の正確さと、実感した本人の同意の継続を分けます。,,想像できなかった負担を経験した本人の同意を聞く。,,,,最終確認待ち
exp26-personal-0569,倫理・意思決定,4,3,affected,consent_over_time,自分の賛成がなければ進まない話で、周りは強く期待している。断る自由はあるが、自由だと言われても気楽には選べない。自分にどんな余地があれば本当に選べる？,仮の選択で、罰を受ける設定ではありません。形式的な拒否の自由と、期待を前にした本人の選びやすさを考えます。,,自分一人へ集まる期待の中の同意を聞く。,,,,最終確認待ち
exp26-personal-0570,倫理・意思決定,4,3,affected,consent_over_time,あなたが賛成した時の条件は変わっていないが、あなた自身の価値観が変わった。以前の同意を今も自分の意思として扱えるのは、どんな場合？,仮の時間的な変化です。事実が変わった時だけ意思を変えてよいのか、自己の変化も理由になるかを考えます。,,内面だけが変わった本人の同意の連続性を聞く。,,,,最終確認待ち
exp26-personal-0571,倫理・意思決定,4,3,decision_maker,consent_over_time,あなたが進める案に、全員が賛成した。でも一人は自分を困らせたくないからだと知った。明確な合意があっても、進める自分の責任は変わる？,仮の合意で、本人は理由を共有しています。同意を尊重することと、その同意を支えた関係の力を考えます。,,自分への配慮で得た同意を持つ決定者の責任を聞く。,,,,最終確認待ち
exp26-personal-0572,倫理・意思決定,4,3,decision_maker,consent_over_time,相手が一度選んだ結果を、自分は既に頼りにしている。相手が選び直したいと言えば自分は損をする。どんな条件なら、相手の現在の意思を優先したい？,仮の選び直しで、相手の失敗を処罰する場面ではありません。自分の期待の利益と、同意を改める自由を比べます。,,他者の同意撤回で損をする本人の基準を聞く。,,,,最終確認待ち
exp26-personal-0573,倫理・意思決定,4,3,actor,loyalty_and_principles,長く支えてきた仲間の行為に、今は問題を感じる。指摘すると、自分がこれまで支えた判断も疑われる。過去の自分の評価が変わっても、何を今の言葉として伝えたい？,仮の問題で、刑事責任を決める場面ではありません。仲間との関係だけでなく、支えてきた自分への評価も守りたくなる条件を考えます。,,自分が支えた過去への批判を伴う忠誠の見直しを聞く。,,relationship-139 / r6-19-01-l4,,最終確認待ち
exp26-personal-0574,倫理・意思決定,4,3,actor,loyalty_and_principles,自分が大切にする集まりの理念に、今は反対したい部分がある。反対すると仲間を傷つけるかもしれない。残って異議を言うことと、離れることでは何に責任を感じる？,仮の集まりでは、退会は自由です。理念への誠実さ、仲間への配慮、自分の信念の違いを考えます。,,所属の理念へ反対する本人の忠実さを聞く。,,,,最終確認待ち
exp26-personal-0575,倫理・意思決定,4,3,actor,loyalty_and_principles,自分たちを守る説明をしたら、無関係な人への疑いが強まった。説明し直すと仲間の評価は下がるかもしれない。誰への忠実さを自分は守りたい？,仮の説明の影響です。事実を正す責任と、所属する人の不利益を引き受けることを比べます。,,自分の集団防衛の説明を直す責任を聞く。,,,,最終確認待ち
exp26-personal-0576,倫理・意思決定,4,3,affected,loyalty_and_principles,あなたの考えへの反対を、仲間から理解が足りないと言われた。離れたくはないが、その考えも譲れない。仲間であることを、何が共有される状態と感じる？,仮の異議で、活動の全てを否定する条件ではありません。所属の価値と、意見が一致しない自分を置く余地を考えます。,,忠実さを疑われた本人の所属の意味を聞く。,,,,最終確認待ち
exp26-personal-0577,倫理・意思決定,4,3,affected,loyalty_and_principles,自分を支えてくれた人が、自分には賛成できない行為をした。感謝を持ち続けながら、その行為を否定するとしたら、何を分けて話したい？,仮の支えの歴史と現在の行為です。人物への全体の評価と、特定の行為の評価を同じにする必要があるかを考えます。,,恩のある相手を批判する本人の倫理を聞く。,,,,最終確認待ち
exp26-personal-0578,倫理・意思決定,4,3,decision_maker,loyalty_and_principles,あなたがまとめる案に、理由は合わないが協力してくれる人がいる。協力を断ると案は実現しにくくなる。自分の理念のために、どこまで理由の一致を求めたい？,仮の協力で、相手の目的が違法だとは置いていません。実現したい結果と、共同する理由を守る価値を比べます。,,自分の実現機会を含む理念上の協力の基準を聞く。,,,,最終確認待ち
exp26-personal-0579,倫理・意思決定,4,3,decision_maker,loyalty_and_principles,自分が作った原則は仲間を守るためだったが、外の人が不利益を受けると分かった。原則を変えると仲間の信頼を失うなら、誰への説明を先に持ちたい？,仮の原則には、外の人の影響を初めから十分見ていなかった条件があります。内外の責任を自分の決定に置きます。,,自分の集団の利益を守った原則を改訂する責任を聞く。,,,,最終確認待ち
exp26-personal-0580,倫理・意思決定,4,3,actor,uncertainty_and_action,効果があるか分からない方法を自分から勧め、相手も了解して試したが、負担だけが残った。同意があっても、勧めた自分に何が残る？,仮の試行で、相手は不確かなことを知っていました。結果の引受けと、自分が希望を伝えた責任を分けます。,,不確かな試行を勧めた本人の結果への責任を聞く。,,,,最終確認待ち
exp26-personal-0581,倫理・意思決定,4,3,actor,uncertainty_and_action,自分の案はまだ試されていないが、待つ間にも人の負担は続く。案を出すなら、うまくいかない時に自分が何を引き受けると言いたい？,仮の改善案で、具体的な治療や救助方法ではありません。提案の期待と、失敗した時の負担の所在を考えます。,,試行を提案する本人の引受けを聞く。,,,,最終確認待ち
exp26-personal-0582,倫理・意思決定,4,3,affected,uncertainty_and_action,あなたが先に試すことへ同意すれば、後の人は安全に選べるようになるかもしれない。自分には負担がある。後の人の利益を、どこまで自分の選ぶ理由にしたい？,仮の試行は医療研究ではなく、方法の運用上の経験を得る場面です。協力の価値と自分の負担を自分の意思で比べます。,,先に負担する本人が未来の他者を選ぶ理由を聞く。,,,,最終確認待ち
exp26-personal-0583,倫理・意思決定,4,3,affected,uncertainty_and_action,自分に影響する決定について、決めた人は不確かな点を全て説明した。誠実さは感じるが、不安は増えた。自分が求める信頼は、何が分かることだろう？,仮の説明は事実を隠していません。情報の多さ、安心、決定者が責任を持つ感覚を別々に考えます。,,不確実さを正直に聞いた本人の信頼を聞く。,,,,最終確認待ち
exp26-personal-0584,倫理・意思決定,4,3,decision_maker,uncertainty_and_action,あなたが選ぶ試行で、成功の利益は自分にもあるが、失敗の負担は別の人が多く受ける。本人が賛成していても、自分はどう決めたい？,仮の試行で、利益と負担の非対称を明示しています。同意だけで決定者の責任が終わるかを考えます。,,他者に負担を預けて利益を得る決定者の倫理を聞く。,,,,最終確認待ち
exp26-personal-0585,倫理・意思決定,4,3,decision_maker,uncertainty_and_action,自分の案を止めれば、他の人が受ける危険は減るが、自分の長い準備は使えなくなる。危険はまだ確定していない。準備した時間をどこまで判断に含めたい？,仮の案で、危険の実現率は分かりません。既に使った時間への愛着と、これから生じる可能性のある負担を分けます。,,自分の準備の損失を不確かな他者負担と比べる。,,,,最終確認待ち
exp26-personal-0586,倫理・意思決定,4,3,observer,uncertainty_and_action,かつて自分が支持した試行で、利益を得た人と負担を残した人がいる。自分の支持を振り返るなら、どちらの話もどう自分の判断に残したい？,仮の試行を支持した立場です。結果の全体だけで評価することと、異なる人に生じた結果を別々に聞くことを考えます。,,自分が支持した不確かな行為の異なる結果を聞く。,,,,最終確認待ち
exp26-personal-0587,倫理・意思決定,4,3,actor,responsibility_limits,自分ができる限りを尽くしても、必要なことは残った。これ以上はできないと認めることを、自分には責任の放棄と感じる？,仮の対応では本人の力に限界があります。十分に救えた結果と、本人が引き受けられた範囲を分けます。,,尽力した本人が持つ未完了の責任を聞く。,,ethics-009,,最終確認待ち
exp26-personal-0588,倫理・意思決定,4,3,actor,responsibility_limits,過去に一度引き受けたため、次も自分がすると思われている。今回はできるが、続けたくない。できることと、すべきことを自分は何で分けたい？,仮の任意の行為で、契約上の担当ではありません。能力があることだけで次の義務が生まれるかを考えます。,,できるが引き受けたくない本人の責任境界を聞く。,,,,最終確認待ち
exp26-personal-0589,倫理・意思決定,4,3,affected,responsibility_limits,自分のために動いた人が、途中でもう続けられないと言った。自分の必要は変わらないが、相手の限界も分かる。必要が残る責任を、誰のものと考えたい？,仮の支援は任意のもので、緊急の危険は置いていません。相手の善意が終わることと、自分の必要が正当であることを分けます。,,援助の限界を受けた本人の未充足への責任を聞く。,,,,最終確認待ち
exp26-personal-0590,倫理・意思決定,4,3,affected,responsibility_limits,自分が選んだ道で困った時、自分で選んだからと言われ、助けを断られた。自分の選択への責任と、他者に頼ってよいことをどう結び付ける？,仮の困り事で、原因を他者へ転嫁する必要はありません。選択主体であることが援助を受ける資格をなくすかを考えます。,,自己責任で援助を断られた本人の基準を聞く。,,,,最終確認待ち
exp26-personal-0591,倫理・意思決定,4,3,decision_maker,responsibility_limits,自分の決定で他の人に負担を生じさせたが、今は自分より対応できる人がいる。役割を渡すことを、自分の責任を果たすことと逃げることのどちらに感じる？,仮の対応で、原因の説明は自分に残ります。解決の役割を渡すことと、行為への責任を手放すことを分けます。,,自分が原因の対応を委ねる倫理的な意味を聞く。,,,,最終確認待ち
exp26-personal-0592,倫理・意思決定,4,3,observer,responsibility_limits,他人には最後まで引き受けるべきだと考えてきたが、自分が見てきた人はそれで大切な生活を失った。自分の基準を変えるなら、何を責任の終わりの目印にしたい？,仮の観察を自分の原則に置きます。苦しい実体験を話す必要はなく、他者へ要求してきた責任の範囲を考えます。,,自分が他者へ求めた無期限の責任を見直す。,,,,最終確認待ち
exp26-personal-0593,倫理・意思決定,4,3,observer,responsibility_limits,自分は手を貸さなかった活動が、他の人の長い時間の犠牲で、自分にも必要な成果を生んだ。今後も成果を頼りにしたい一方、選ばれた方法には反対したい。負担しなかった自分は、どんな立場で意見を言いたい？,仮の活動で、あなたにも参加の機会はありました。必要な利益を受け取り続ける自分と、その過程を評価する自分の責任を考えます。,,負担せず成果を受け取った本人の批判の責任を聞く。,,ethics-009,,最終確認待ち
exp26-care-0001,家族・ケア,1,1,,family_everyday_belonging,家に帰ったと感じるのは、どんな音や匂いに触れた時？,,,家族への帰属を感覚から聞く。,,,,最終確認待ち
exp26-care-0002,家族・ケア,1,1,,family_everyday_belonging,家族と何も話さず同じ部屋にいる時間は、どんな時間に感じる？,,,会話量以外の家族の近さを聞く。,,,,最終確認待ち
exp26-care-0003,家族・ケア,1,1,,family_everyday_belonging,家族で食べるなら、手作りの料理とそれぞれ好きな物を持ち寄る食事、どちらが楽しみ？,,,家族の食卓に望むまとまりを聞く。,,,,最終確認待ち
exp26-care-0004,家族・ケア,1,1,,family_everyday_belonging,家族の中で「これだけは任せて」と言いたい小さな役目はある？,,,世話の公平より担う喜びを聞く。,,,,最終確認待ち
exp26-care-0005,家族・ケア,1,1,,family_everyday_belonging,身近な人にしてもらうと、ほっとする世話はどんなこと？,,,ケアを受け取る入口を作る。,,,,最終確認待ち
exp26-care-0006,家族・ケア,1,1,,family_memory_and_change,家族との思い出を残すなら、写真と話して覚えていること、どちらを大事にしたい？,,,記憶を残す形の好みを聞く。,,,,最終確認待ち
exp26-care-0007,家族・ケア,1,1,,family_memory_and_change,家の習慣を一つ持って新しい暮らしを始めるなら、何を持っていきたい？,,,引き継ぎたい家族の日常を聞く。,,,,最終確認待ち
exp26-care-0008,家族・ケア,1,1,,family_memory_and_change,子どもの頃の家の決まりを、今も便利だと思うことはある？,,,家のルールを振り返る入口。,,,,最終確認待ち
exp26-care-0009,家族・ケア,1,1,,family_memory_and_change,家族で呼び合う名前やあだ名には、どんな親しさを感じる？,,,呼称に含まれる家族の感覚。,,,,最終確認待ち
exp26-care-0010,家族・ケア,1,1,,family_memory_and_change,昔の家族の写真を見るなら、一人で見たい？誰かと話しながら見たい？,,,記憶の共有の好みを聞く。,,,,最終確認待ち
exp26-care-0011,家族・ケア,1,1,,care_small_gestures,疲れて帰った時、家族にまずしてほしいのはどんなこと？,,,疲労への身近なケアの望み。,,,conflict-010,最終確認待ち
exp26-care-0012,家族・ケア,1,1,,care_small_gestures,誰かを世話した後、自分も大事にされたと感じるのはどんな時？,,,ケアする人が受け取る安心。,,,,最終確認待ち
exp26-care-0013,家族・ケア,1,1,,care_small_gestures,家事を覚えるなら、一緒にやるのと任されて試すの、どちらが気楽？,,,世話の継承に望む関わり。,,,,最終確認待ち
exp26-care-0014,家族・ケア,1,1,,care_small_gestures,「おかえり」と「今日はどうだった？」では、どちらが聞こえると落ち着く？,,,帰宅時の関わりへの好み。,,,,最終確認待ち
exp26-care-0015,家族・ケア,1,1,,care_small_gestures,家族にお礼を伝えるなら、言葉と普段の手伝い、どちらが自分らしい？,,,感謝の表現の違いを聞く。,,,,最終確認待ち
exp26-care-0016,家族・ケア,1,1,,family_shared_time,家族の休日は、予定を決めて出かけたい？何も決めず家にいたい？,,,家族時間の心地よさを聞く。,,,,最終確認待ち
exp26-care-0017,家族・ケア,1,1,,family_shared_time,家族と一緒に新しいことを始めるなら、何を試してみたい？,,,共同体験への望みを聞く。,,,clarity-international_peace_and_cooperation-02-l1,最終確認待ち
exp26-care-0018,家族・ケア,1,1,,family_shared_time,大切な人の誕生日は、驚かせたい？本人の希望どおりにしたい？,,,祝いに込めるケアの感覚。,,,,最終確認待ち
exp26-care-0019,家族・ケア,1,1,,family_shared_time,家族と暮らす部屋で、一人になれる場所はどれくらい大事？,,,近さと自分の場所の入口。,,,,最終確認待ち
exp26-care-0020,家族・ケア,1,1,,family_shared_time,家族の誰かの得意料理を覚えるなら、味と作る時間、どちらが楽しみ？,,,継承する技と時間の違い。,,,,最終確認待ち
exp26-care-0021,家族・ケア,2,2,,household_planning_and_ownership,家事の一覧を作る係と実際にこなす係が分かれていたら、どちらの負担が見えにくいと思う？,,,実作業と段取りの認識差を聞く。,,,,最終確認待ち
exp26-care-0022,家族・ケア,2,2,,household_planning_and_ownership,買い物担当に献立まで任せる家と、献立を一緒に決める家では、どちらが続けやすそう？,,,実施と判断の分担を分ける。,,,,最終確認待ち
exp26-care-0023,家族・ケア,2,2,,household_planning_and_ownership,家事の回数は同じでも、一方はいつ来るか分からない用事が多い。担当を決める時、回数と自由な時間の見通しをどう考える？,,,実作業と段取りを数える0021とは分け、同じ担当回数でも予定が中断される時期を読めるかという公平を聞く。,,,,最終確認待ち
exp26-care-0024,家族・ケア,2,2,,household_planning_and_ownership,家事を頼む時、完成の基準まで伝えると親切に感じる？任せてもらえていないと感じる？,,,説明と裁量の感覚を聞く。,,,,最終確認待ち
exp26-care-0025,家族・ケア,2,2,,household_planning_and_ownership,家事のやり方は違っても困っていない相手に、自分の方法を伝えたい？,,,効率でなく家庭内の裁量を聞く。,,,,最終確認待ち
exp26-care-0026,家族・ケア,2,2,,household_planning_and_ownership,「手伝って」と毎回頼む家事と、頼まなくてもする家事は、負担として違うと思う？,,,依頼する労力を可視化する。,,,,最終確認待ち
exp26-care-0027,家族・ケア,2,2,,household_planning_and_ownership,使い切った物を補充する係を決めると、暮らしやすさと気楽さはどう変わると思う？,,,予測する責任への感覚。,,,,最終確認待ち
exp26-care-0028,家族・ケア,2,2,,household_planning_and_ownership,家事を公平に分けた後でも得意な人へ相談が集中したら、その相談も分担に含めたい？,,,知識を持つ人の負担を聞く。,,,,最終確認待ち
exp26-care-0029,家族・ケア,2,2,,household_planning_and_ownership,急な来客の準備を「気づいた人がする」家では、何を公平の目安にしたい？,,,気づきと担当の関係を聞く。,,,,最終確認待ち
exp26-care-0030,家族・ケア,2,2,,household_planning_and_ownership,家庭の予定を覚えている人に、みんなが感謝するだけで十分だと思う？,,,評価と責任移転の違いを聞く。,,,bridge-029,最終確認待ち
exp26-care-0031,家族・ケア,2,2,,care_receiving_and_reciprocity,家族は頼む前に気づいて世話をしてくれる。自分の望みを言葉にして聞いてもらう時と比べて、家族に「分かってもらえた」感じはどう違う？,,,0424/0428の身体の支援の裁量から分け、先回りして気づかれることと、望みを話して聞かれることが家族の親密さへ持つ意味を聞く。,,,,最終確認待ち
exp26-care-0032,家族・ケア,2,2,,care_receiving_and_reciprocity,家族から助けてもらった日は、すぐ何か返したくなる？落ち着いてからでいいと感じる？,,,ケアに伴う借りの感覚。,,,,最終確認待ち
exp26-care-0033,家族・ケア,2,2,,care_receiving_and_reciprocity,世話を頼んだ家族が「お互い様」と言ったら、安心する？次の役割が気になる？,,,相互性の受け止めを聞く。,,,,最終確認待ち
exp26-care-0034,家族・ケア,2,2,,care_receiving_and_reciprocity,家族が休んでいる時、声をかけて確かめるのと静かに家事を済ませるの、どちらが気遣いに感じる？,,,確認と先回りの違いを聞く。,,,,最終確認待ち
exp26-care-0035,家族・ケア,2,2,,care_receiving_and_reciprocity,家事を休みたい日に理由を詳しく話さなくても任せ合えることは、どれくらい大事？,,,家族内で説明する範囲を聞く。,,,,最終確認待ち
exp26-care-0036,家族・ケア,2,2,,care_receiving_and_reciprocity,手伝ってもらう時、失敗したことまで話せる相手と、黙って助けてくれる相手、どちらが頼みやすい？,,,頼れる関係の条件を聞く。,,,,最終確認待ち
exp26-care-0037,家族・ケア,2,2,,care_receiving_and_reciprocity,家族の手伝いを断る時、「自分でやりたい」だけで伝わってほしいと思う？,,,自律の希望への説明負担。,,,,最終確認待ち
exp26-care-0038,家族・ケア,2,2,,care_receiving_and_reciprocity,家族が世話のお礼を何度も言うと、うれしい？特別な借りにしたくない？,,,する側の感謝への感覚。,,,,最終確認待ち
exp26-care-0039,家族・ケア,2,2,,care_receiving_and_reciprocity,何日か世話を頼むなら、まとめて相談したい？その日の調子で頼みたい？,,,予告と当日の裁量を聞く。,,,,最終確認待ち
exp26-care-0040,家族・ケア,2,2,,care_receiving_and_reciprocity,頼んでいない世話が助かった時、次もしてほしいとは限らないことをどう伝えたい？,,,一度の好意と継続の違い。,,,,最終確認待ち
exp26-care-0041,家族・ケア,2,2,,family_forms_and_boundaries,一緒に暮らしていない家族にも、家の予定をどこまで知らせたい？,,,同居と家族の範囲を分ける。,,,,最終確認待ち
exp26-care-0042,家族・ケア,2,2,,family_forms_and_boundaries,大人になった子が帰省しない休日を、家族としてどんな時間に感じる？,,,集まらない家族時間を聞く。,,,,最終確認待ち
exp26-care-0043,家族・ケア,2,2,,family_forms_and_boundaries,親しい友人を家族の食卓にいつも招くことは、家族らしさを変えると思う？,,,血縁以外の親密さを聞く。,,,,最終確認待ち
exp26-care-0044,家族・ケア,2,2,,family_forms_and_boundaries,同居家族が一人だけ別の時間に食事を取りたいと言ったら、何が気になる？,,,共同生活と生活リズム。,,,,最終確認待ち
exp26-care-0045,家族・ケア,2,2,,family_forms_and_boundaries,家族の集まりに交際相手を呼ぶ時期は、何を目安にしたい？,,,家族へ迎える意味を聞く。,,,,最終確認待ち
exp26-care-0046,家族・ケア,2,2,,family_forms_and_boundaries,大人になってから親と会う場所は、実家と外の店で気持ちが変わる？,,,親子の立場の変化を聞く。,,,,最終確認待ち
exp26-care-0047,家族・ケア,2,2,,family_forms_and_boundaries,家族の合言葉が初めて来た人に伝わらない時、説明することを楽しく感じる？,,,親密さと内輪の境界。,,,,最終確認待ち
exp26-care-0048,家族・ケア,2,2,,family_forms_and_boundaries,「家族なら言わなくても分かる」と言われたら、親しさと負担のどちらを感じる？,,,理解を期待される感覚。,,,,最終確認待ち
exp26-care-0049,家族・ケア,2,2,,family_forms_and_boundaries,家族の悩みを外で話す時、名前を伏せれば自分の経験として話してよいと思う？,,,共同経験の語りの境界。,,,,最終確認待ち
exp26-care-0050,家族・ケア,2,2,,family_forms_and_boundaries,一緒に住む前からある家の決まりは、新しく住む人も一緒に決め直す方がいい？,,,新しい家族の参加を聞く。,,,,最終確認待ち
exp26-care-0051,家族・ケア,2,2,,childhood_autonomy_and_guidance,子どもが家の手伝いを自分のやり方で試す時、完成を急ぐ日ならどう関わりたい？,,,育ちを支える時間の違い。,,,,最終確認待ち
exp26-care-0052,家族・ケア,2,2,,childhood_autonomy_and_guidance,子どもが選んだ服を家族写真に着たいと言ったら、写真のまとまりはどれくらい気になる？,,,日常の自己表現と親の望み。,,,study-008,最終確認待ち
exp26-care-0053,家族・ケア,2,2,,childhood_autonomy_and_guidance,小さな子の「自分でやる」を待つことは、どんな時に難しいと思う？,,,支える人の焦りを聞く。,,,,最終確認待ち
exp26-care-0054,家族・ケア,2,2,,childhood_autonomy_and_guidance,親が失敗した話を子どもにすることは、安心と不安のどちらにつながると思う？,,,親の弱さの見せ方を聞く。,,,,最終確認待ち
exp26-care-0055,家族・ケア,2,2,,childhood_autonomy_and_guidance,子どもの思い出の品を片づける時、本人が覚えていなくても聞いてからにしたい？,,,物にある親子別々の記憶。,,,,最終確認待ち
exp26-care-0056,家族・ケア,2,2,,childhood_autonomy_and_guidance,家族のルールに子どもが理由を尋ねたら、理由が習慣だけでも守ってほしい？,,,養育の説明と慣習を聞く。,,,,最終確認待ち
exp26-care-0057,家族・ケア,2,2,,childhood_autonomy_and_guidance,子どもが「今日は誰とも話したくない」と言う日、家族として何を確かめたい？,,,孤独と見守りを区別する。,,,,最終確認待ち
exp26-care-0058,家族・ケア,2,2,,childhood_autonomy_and_guidance,子どもが料理を振る舞いたい日、失敗しても他の献立を用意しておきたい？,,,挑戦を支える準備の感覚。,,,,最終確認待ち
exp26-care-0059,家族・ケア,2,2,,childhood_autonomy_and_guidance,子どもの趣味が自分には面白くない時、一緒に楽しむことと任せることをどう考える？,,,関心を共有する親の役目。,,,,最終確認待ち
exp26-care-0060,家族・ケア,2,2,,childhood_autonomy_and_guidance,子どもが家族行事を忘れて別の予定を入れたら、どんな理由で話し合いたい？,,,失念と所属の期待を分ける。,,,,最終確認待ち
exp26-care-0061,家族・ケア,2,2,,memory_and_family_narratives,同じ家族旅行をきょうだいが違うふうに覚えていたら、どちらの記憶も残したい？,,,家族内の記憶の複数性。,,,,最終確認待ち
exp26-care-0062,家族・ケア,2,2,,memory_and_family_narratives,昔の家族の笑い話が一人には恥ずかしい思い出だったら、話す場を変えたい？,,,共有記憶を語る同意。,,,,最終確認待ち
exp26-care-0063,家族・ケア,2,2,,memory_and_family_narratives,家族写真に写っていない人が準備したことも、思い出として話したいと思う？,,,記録されないケアの記憶。,,,,最終確認待ち
exp26-care-0064,家族・ケア,2,2,,memory_and_family_narratives,家族の思い出を冊子にするなら、失敗した日も入れたい？,,,理想化しない家族の語り。,,,,最終確認待ち
exp26-care-0065,家族・ケア,2,2,,memory_and_family_narratives,親から聞いた話を自分の子に伝える時、分からない部分を想像で補うのはどう感じる？,,,記憶の継承と想像の境界。,,,,最終確認待ち
exp26-care-0066,家族・ケア,2,2,,memory_and_family_narratives,今は使わない家の道具を残すなら、使い方と誰が使ったか、どちらが大事？,,,物の実用と関係の記憶。,,,,最終確認待ち
exp26-care-0067,家族・ケア,2,2,,memory_and_family_narratives,引っ越しで昔の家を離れたら、家族にとって何が変わると思う？,,,場所と家族の継続を聞く。,,,,最終確認待ち
exp26-care-0068,家族・ケア,2,2,,memory_and_family_narratives,大切な人と同じ料理を作っても味が違う時、その違いをどう感じる？,,,継承と新しい暮らしの感覚。,,,,最終確認待ち
exp26-care-0069,家族・ケア,2,2,,memory_and_family_narratives,家族で昔の話をする時、知らなかった話を知りたい？今の時間を楽しみたい？,,,過去に触れる距離を聞く。,,,,最終確認待ち
exp26-care-0070,家族・ケア,2,2,,memory_and_family_narratives,家族の記念日を続けるなら、日付を守ることと集まれること、どちらに意味を感じる？,,,記念の形式と共同時間。,,,,最終確認待ち
exp26-care-0071,家族・ケア,2,2,,sharing_care_in_practice,家族の世話を交代する時、細かく引き継ぎたい？相手の工夫に任せたい？,,,ケアの継続と裁量を聞く。,,,,最終確認待ち
exp26-care-0072,家族・ケア,2,2,,sharing_care_in_practice,家族の付き添いで待つ時間は、手伝いの時間として数えたい？,,,成果のない待機の評価。,,,,最終確認待ち
exp26-care-0073,家族・ケア,2,2,,sharing_care_in_practice,家族が外の人に家事を頼むと、安心する？家の中を見られるのが気になる？,,,家族外のケアへの感覚。,,,,最終確認待ち
exp26-care-0074,家族・ケア,2,2,,sharing_care_in_practice,留守番役がいつも同じ家族に決まるなら、何を話し合いたい？,,,家庭を維持する待機の責任。,,,,最終確認待ち
exp26-care-0075,家族・ケア,2,2,,sharing_care_in_practice,家族の予定が重なる日、先に頼んだ順と大切な用事のどちらを重視したい？,,,ケアの予約の公平を聞く。,,,,最終確認待ち
exp26-care-0076,家族・ケア,2,2,,sharing_care_in_practice,世話が必要な家族が「今日は別の人に頼みたい」と言うと、どう受け止める？,,,ケアの相性と役割感覚。,,,,最終確認待ち
exp26-care-0077,家族・ケア,2,2,,sharing_care_in_practice,親族が手伝いに来る日、迎える準備も負担になったら何を省きたい？,,,支援を受け入れる労力。,,,,最終確認待ち
exp26-care-0078,家族・ケア,2,2,,sharing_care_in_practice,家族の世話を休む人の時間は、自由な遊びにも使っていいと思う？,,,休息を正当化する範囲。,,,contact-013,最終確認待ち
exp26-care-0079,家族・ケア,2,2,,sharing_care_in_practice,家の役目を引き継ぐ時、「昔からこうしている」をどれくらい残したい？,,,ケアの引継ぎと変化。,,,,最終確認待ち
exp26-care-0080,家族・ケア,2,2,,sharing_care_in_practice,家族の相談係に自分からなった人にも、相談を受けない日が必要だと思う？,,,役割の継続と退出を聞く。,,,,最終確認待ち
exp26-care-0081,家族・ケア,3,2,decision_maker,care_recipient_voice,介護の打合せで家族の説明と本人の希望が食い違ったら、支援者は何を確かめて計画を立てるべき？,仮の場面です。家族は日々の負担を知り、本人は生活の望みを持っています。どちらかの説明を最初から代用にしない場面です。,,支援計画で本人の声を扱う基準。,,elderly-003,,最終確認待ち
exp26-care-0082,家族・ケア,3,2,actor,care_recipient_voice,話すのに時間がかかる人のケア会議で、家族が代わりに答えることをどこまで任せてよい？,仮の場面です。本人の伝え方と会議の時間にずれがあります。代弁への同意をどう確かめるかも含みます。,,発話の速さと意思の尊重を聞く。,,,,最終確認待ち
exp26-care-0083,家族・ケア,3,2,decision_maker,care_recipient_voice,世話を受ける人が担当者との相性を理由に交代を求めたら、提供側はどこまで応じるべき？,仮の場面です。仕事上の問題はなく、安心できる相手の希望と人員の制約が並ぶ場面です。,,ケアの相性を制度で扱う範囲。,,,,最終確認待ち
exp26-care-0084,家族・ケア,3,2,observer,care_recipient_voice,介護サービスが本人の生活を安定させても、本人が楽しみを失ったと話すなら何を成果に含めたい？,仮の場面です。安全や決まった日課だけでは測りきれない本人の時間があります。実際の評価制度を述べる問いではありません。,,生活の安定と本人の意味を分ける。,,,,最終確認待ち
exp26-care-0085,家族・ケア,3,2,actor,care_recipient_voice,家族が本人の好みを昔のまま伝えている時、支援者は今の好みを聞き直すべきだと思う？,仮の場面です。長年の知識が役立つ一方、現在の本人が変わっている可能性を残す設定です。,,ケアでの継続と変化への姿勢。,,,,最終確認待ち
exp26-care-0086,家族・ケア,3,2,decision_maker,care_recipient_voice,世話を受ける人が失敗しそうな家事を続けたい時、支援の計画に試す時間を入れることをどう考える？,仮の場面です。重大な危険はなく、時間や片づけの負担が増える場面です。能力の判定を目的にしていません。,,失敗できる生活を支える基準。,,,,最終確認待ち
exp26-care-0087,家族・ケア,3,2,decision_maker,care_recipient_voice,ケアを受ける本人が面談に家族を呼びたくない時、家族の負担については誰から聞くのがよいと思う？,仮の場面です。本人の相談の安心と、家族自身の相談の必要を分けて扱える設定です。,,本人と家族の別々の声を聞く。,,,,最終確認待ち
exp26-care-0088,家族・ケア,3,2,actor,care_recipient_voice,家族が「本人には難しい」と言う選択について、支援者が本人へ説明する責任はどこまである？,仮の場面です。説明の工夫で伝わる可能性があり、既に不可能と確認された場面ではありません。,,説明する努力の基準を聞く。,,,,最終確認待ち
exp26-care-0089,家族・ケア,3,2,decision_maker,care_work_visibility,家事支援の必要を調べる時、実作業の時間以外に「忘れずに気にする仕事」も数えるべき？,仮の場面です。予定の把握や不足への気づきがある家を想定します。どの負担が大きいかは家庭で異なります。,,家事の認知的負担の評価。,,,,最終確認待ち
exp26-care-0090,家族・ケア,3,2,decision_maker,care_work_visibility,家族の介護を交代する仕組みで、引継ぎ資料を作る時間は誰の担当にしたい？,仮の場面です。引継ぎは安心を支えますが、休む人だけに準備が集中する可能性があります。,,交代準備をケア労働として聞く。,,,,最終確認待ち
exp26-care-0091,家族・ケア,3,2,observer,care_work_visibility,家事代行に任せられる作業と任せにくい判断があるなら、支援の充実は何で測るべき？,仮の場面です。買い出しは頼めても献立や家族の予定調整は残る家庭を想定します。,,代行と責任の移転を分ける。,,,,最終確認待ち
exp26-care-0092,家族・ケア,3,2,actor,care_work_visibility,家族介護者の交流会で、参加できないほど忙しい人の声をどう扱いたい？,仮の場面です。参加者が全ての介護者を代表するとは限りません。人数だけで需要を断定しない設定です。,,参加の余裕による声の偏り。,,,,最終確認待ち
exp26-care-0093,家族・ケア,3,2,decision_maker,care_work_visibility,介護を担う家族の休息支援は、疲れが限界になる前でも利用できる形がよいと思う？,仮の場面です。休息の申込みに緊急性の説明を求める架空の仕組みを考えます。,,予防的な休息と利用基準。,,,,最終確認待ち
exp26-care-0094,家族・ケア,3,2,observer,care_work_visibility,介護者への表彰は、努力を認めることと役割を続ける圧力になることをどう分けたい？,仮の場面です。本人が役割を離れたい場合もある設定です。表彰の実際の効果は決めていません。,,称賛とケアからの退出。,,,,最終確認待ち
exp26-care-0095,家族・ケア,3,2,observer,care_work_visibility,家族の付き添いを「働いていない時間」として扱うことに、どんな見落としがあると思う？,仮の場面です。待機や移動が必要でも、直接世話をしていない時間を想定します。,,成果の見えないケア時間。,,,,最終確認待ち
exp26-care-0096,家族・ケア,3,2,decision_maker,care_work_visibility,ケア担当者を決める時、近くに住む家族に連絡窓口もまとめて頼むことをどう考える？,仮の場面です。距離の近さと調整の余裕が同じとは限らない場面です。,,地理と調整役の責任を分ける。,,,,最終確認待ち
exp26-care-0097,家族・ケア,3,2,decision_maker,family_definitions_and_recognition,長年一緒に暮らす友人同士を、家族向けのケア相談に含めるなら何を条件にしたい？,仮の場面です。血縁や婚姻と生活上の世話の関係が一致しない設定です。現行の資格を述べていません。,,ケア上の家族を定義する基準。,,,,最終確認待ち
exp26-care-0098,家族・ケア,3,2,observer,family_definitions_and_recognition,家族向けの面談で「主な家族一人」を選ぶ方式は、どんな人の声を落としやすいと思う？,仮の場面です。複数の人が別々の役割で関わる場面です。一本の窓口には調整の利点もあります。,,代表を一人に絞る影響を聞く。,,,,最終確認待ち
exp26-care-0099,家族・ケア,3,2,decision_maker,family_definitions_and_recognition,再婚家庭の子育て相談に、子ども自身が親と呼ぶ人の希望も含めたい？,仮の場面です。法律上の呼び名と子どもの関係の感じ方を分ける仮定です。権限の断定はしません。,,子どもから見た家族の範囲。,,,,最終確認待ち
exp26-care-0100,家族・ケア,3,2,actor,family_definitions_and_recognition,家族の関係図を作る時、本人が記したくない血縁を聞くことをどこまで必要と考える？,仮の場面です。相談内容によって必要な情報は異なります。安全上の緊急事態は置いていません。,,支援に必要な家族情報の範囲。,,,,最終確認待ち
exp26-care-0101,家族・ケア,3,2,decision_maker,family_definitions_and_recognition,家族の記念行事を施設で開く時、親族以外の大切な人も招ける形をどう思う？,仮の場面です。人数には制限がありますが、関係の名称だけで招待先を決めない設定です。,,関係の名称と親密さを聞く。,,,,最終確認待ち
exp26-care-0102,家族・ケア,3,2,actor,family_definitions_and_recognition,子どもの養育を複数の家で担う時、共通ルールと各家庭の違いをどこまで許容したい？,仮の場面です。安全や健康に重大な問題はなく、食事や就寝前の習慣が異なる場面です。,,複数の家で育つ生活の継続。,,,,最終確認待ち
exp26-care-0103,家族・ケア,3,2,observer,family_definitions_and_recognition,家族の呼び名を本人が変えたい時、周囲は関係が変わった証拠として扱ってよいと思う？,仮の場面です。呼び方には親しさ以外に距離や説明のしやすさも関わりうる設定です。,,呼称から関係を決めつける境界。,,,,最終確認待ち
exp26-care-0104,家族・ケア,3,2,decision_maker,family_definitions_and_recognition,支援の申込書で世話する人を「親」に限らず記せるようにするなら、確認方法に何を求めたい？,仮の場面です。関係の多様さと窓口が必要な連絡を取れることを考える仮の書式です。,,家族の形を扱う実務の条件。,,,,最終確認待ち
exp26-care-0105,家族・ケア,3,2,actor,parenting_growth_and_time,子育て支援の場で親の失敗談を共有する時、子どものプライバシーはどう守りたい？,仮の場面です。親自身の経験でも子どもの生活が含まれます。匿名なら全て自由とは固定していません。,,親の相談と子の語られる範囲。,,,,最終確認待ち
exp26-care-0106,家族・ケア,3,2,decision_maker,parenting_growth_and_time,親が子育てを学ぶ場に、子どもから親への意見を取り入れる仕組みをどう思う？,仮の場面です。子どもに親の評価責任を負わせない工夫が必要な設定です。,,支援を受ける側からの声。,,,,最終確認待ち
exp26-care-0107,家族・ケア,3,2,decision_maker,parenting_growth_and_time,親が忙しい家庭の支援で、家事を減らすことと親子で遊ぶ時間を作ることをどう比べたい？,仮の場面です。どちらも助けになる可能性があり、家庭ごとの希望が違う設定です。,,養育支援で守る時間を聞く。,,,,最終確認待ち
exp26-care-0108,家族・ケア,3,2,actor,parenting_growth_and_time,子どもが家族の世話をしているか調べる時、本人が誇りに思う役割も負担として数えてよい？,仮の場面です。誇りと制約が両方ある可能性を残します。全ての世話を問題と決める問いではありません。,,役割の意味と負担の併存。,,,,最終確認待ち
exp26-care-0109,家族・ケア,3,2,decision_maker,parenting_growth_and_time,子どもの世話をする大人が休む制度に、子どもと離れて過ごしたい希望も含めたい？,仮の場面です。休息を子育てへの拒否と同一視しない架空の支援設計です。,,親の休息を支える範囲。,,,,最終確認待ち
exp26-care-0110,家族・ケア,3,2,actor,parenting_growth_and_time,子育て相談の助言が家庭ごとに違う時、相談者へ違いをどう説明すべきだと思う？,仮の場面です。どれかが誤りとは確定しておらず、重視する条件が違う場面です。,,一つの育児正解を求める感覚。,,,,最終確認待ち
exp26-care-0111,家族・ケア,3,2,actor,parenting_growth_and_time,親族が善意で子育てに口を出す家庭へ、支援者は誰の希望から聞きたい？,仮の場面です。育てる人の裁量と親族の関わりを分ける設定です。緊急の危険はありません。,,家族支援の聞く順序を聞く。,,,,最終確認待ち
exp26-care-0112,家族・ケア,3,2,decision_maker,parenting_growth_and_time,家庭の時間割を支援者が提案する時、予定どおりに過ごさない自由をどれくらい残したい？,仮の場面です。生活を整える案と家族がその日を決める余地が並ぶ場面です。,,安定を支える計画の柔軟さ。,,,,最終確認待ち
exp26-care-0113,家族・ケア,3,3,decision_maker,grief_and_memory_support,遺族の集まりで故人の思い出を話すことを、参加条件にしてよいと思う？,仮の場面です。聞くだけで過ごしたい人もいる設定です。話すことの効果は一律に断定しません。,medical_and_end_of_life,悲嘆の場での沈黙の扱い。,,,,最終確認待ち
exp26-care-0114,家族・ケア,3,3,actor,grief_and_memory_support,家族が亡くなった人への相談支援を、命日以外にも案内するならどんな配慮が必要だと思う？,仮の場面です。日付と気持ちの動きが一致するとは限らない設定です。支援を使わない答えも含みます。,medical_and_end_of_life,悲しみの時期を決めない支援。,,,,最終確認待ち
exp26-care-0115,家族・ケア,3,3,actor,grief_and_memory_support,遺品整理の支援者は、使わない物を残したい希望を効率とどう両立したい？,仮の場面です。物の実用性と記憶の意味が別である場面です。保管場所には限りがあります。,medical_and_end_of_life,記憶を支える整理の目標。,,,,最終確認待ち
exp26-care-0116,家族・ケア,3,3,decision_maker,grief_and_memory_support,追悼会の主催者は、楽しい話とつらい記憶をどちらも扱う場にしたい？,仮の場面です。故人との関係が参加者ごとに違う設定です。全てを公開する必要はありません。,medical_and_end_of_life,一つの故人像へそろえない姿勢。,,,,最終確認待ち
exp26-care-0117,家族・ケア,3,3,observer,grief_and_memory_support,家族の死後に日常へ戻る早さを、支援の必要性の目安に使ってよいと思う？,仮の場面です。普段の活動と内面の悲しみが同じとは限らない設定です。診断を求める問いではありません。,medical_and_end_of_life,外から見える悲しみの評価。,,,,最終確認待ち
exp26-care-0118,家族・ケア,3,3,actor,grief_and_memory_support,葬儀の相談で家族の希望が違う時、費用以外に何を聞いて決めたい？,仮の場面です。別れ方や故人との関係にそれぞれ意味がある設定です。宗教の正誤は扱いません。,medical_and_end_of_life,弔う目的の違いを聞く。,,,,最終確認待ち
exp26-care-0119,家族・ケア,3,3,decision_maker,grief_and_memory_support,遺族支援をいつ終えるかは、期間と本人の希望のどちらを基準にしたい？,仮の場面です。利用枠が限られる架空の事業です。長さだけで回復を判定しません。,medical_and_end_of_life,悲嘆支援の終了と本人の時間。,,,,最終確認待ち
exp26-care-0120,家族・ケア,3,3,decision_maker,grief_and_memory_support,亡くなった人の記念企画に家族の同意を求めるなら、家族全員の一致は必要だと思う？,仮の場面です。本人への思いと公開への望みが家族内で異なる場面です。法的許可の判断ではありません。,medical_and_end_of_life,記憶の共有を決める責任。,,,,最終確認待ち
exp26-care-0121,家族・ケア,3,2,actor,care_boundaries_and_relationships,介護の担当を決める会議で、世話を受ける人への好き嫌いを話せることは必要だと思う？,仮の場面です。感情を理由に必要な世話を放棄する場面ではなく、続けられる分担を考える設定です。,,ケアに混ざる感情の扱い。,,,,最終確認待ち
exp26-care-0122,家族・ケア,3,3,decision_maker,care_boundaries_and_relationships,家族介護者の相談記録を本人のケア担当者と共有する時、介護者自身の同意も確かめたい？,仮の場面です。一つの家庭でも、それぞれに相談のプライバシーがある設定です。,privacy_and_surveillance,介護者の独立した相談領域。,,,,最終確認待ち
exp26-care-0123,家族・ケア,3,2,decision_maker,care_boundaries_and_relationships,親族同士で介護時間を比べる時、付き添う人と連絡を受ける人の負担は何で比べたい？,仮の場面です。時間が測れる仕事と予測できない待機が並ぶ場面です。,,待機と実施の分担基準。,,,,最終確認待ち
exp26-care-0124,家族・ケア,3,2,actor,care_boundaries_and_relationships,家族が有料のケアを使うことを、親族が冷たいと批判したら支援者はどう関わるべき？,仮の場面です。外へ頼むことが家族の関係を終えるとは限らない設定です。,,家族愛とケア方法を分ける。,,,,最終確認待ち
exp26-care-0125,家族・ケア,3,2,observer,care_boundaries_and_relationships,世話を受ける本人が家族に感謝を言わないことを、支援計画の問題として扱ってよい？,仮の場面です。伝え方や関係の歴史は未確認です。感謝の言葉と必要な支援を切り離す余地があります。,,ケアの条件に感謝を置く境界。,,,,最終確認待ち
exp26-care-0126,家族・ケア,3,3,actor,care_boundaries_and_relationships,ケアの話合いで昔の家族間の対立が出たら、現在の分担とどこまで一緒に扱いたい？,仮の場面です。過去が今の余裕に関わる可能性はありますが、和解を参加条件にしない設定です。,family_conflict,ケアと和解の範囲を聞く。,,,,最終確認待ち
exp26-care-0127,家族・ケア,3,2,decision_maker,care_boundaries_and_relationships,親族のうち連絡が取りやすい人だけに同意確認が集まる運用をどう見直したい？,仮の場面です。応答の早さと判断を担う希望が一致しない架空の会議です。,,窓口役の固定化を聞く。,,,,最終確認待ち
exp26-care-0128,家族・ケア,3,3,actor,care_boundaries_and_relationships,家族が介護の記録を細かく付ける時、本人の気持ちも毎回記録するべきだと思う？,仮の場面です。引継ぎの便利さと、日々評価される感覚が並ぶ場面です。,privacy_and_surveillance,ケア記録と暮らしの自由。,,,,最終確認待ち
exp26-care-0129,家族・ケア,3,2,decision_maker,intergenerational_care_and_changes,高齢者の交流の場は、家族と会う機会を増やすことと家族以外の関係を作ることをどう考えたい？,仮の場面です。家族との近さを皆が望むとは限らない設定です。,,高齢期の関係の広さを聞く。,,,,最終確認待ち
exp26-care-0130,家族・ケア,3,2,actor,intergenerational_care_and_changes,親が子に頼る練習と、子が親を支える準備は、同時に進める方がよいと思う？,仮の場面です。現在は生活できており、将来の役割を話す架空場面です。,,世代の役割が変わる速度。,,,,最終確認待ち
exp26-care-0131,家族・ケア,3,2,decision_maker,intergenerational_care_and_changes,親の介護の話合いに孫も加えるなら、何を決定の責任から分けたい？,仮の場面です。孫の気持ちは聞きつつ、大人の負担を決める責任まで負わせない設計を考えます。,,家族の参加と決定責任の違い。,,,,最終確認待ち
exp26-care-0132,家族・ケア,3,2,decision_maker,intergenerational_care_and_changes,介護が終わった人への支援で、失った役割について話す場を設けたい？,仮の場面です。ケアから離れた後の気持ちが安堵だけとは限らない設定です。,,ケア後の生活と役割の変化。,,,,最終確認待ち
exp26-care-0133,家族・ケア,3,2,actor,intergenerational_care_and_changes,世代の違う家族が共に暮らす際、昔の生活の決まりはどの段階で見直すべき？,仮の場面です。年長者の習慣と新しく暮らす人の望みが並ぶ場面です。,,年齢と生活の決定権を分ける。,,,,最終確認待ち
exp26-care-0134,家族・ケア,3,2,actor,intergenerational_care_and_changes,長年家族を支えた人が支援される側になる時、ケアの担当者は過去の役割をどこまで聞きたい？,仮の場面です。過去の役割は本人の誇りにも負担にもなりうる設定です。,,ケアにおける人生の継続性。,,,,最終確認待ち
exp26-care-0135,家族・ケア,3,2,observer,intergenerational_care_and_changes,離れて暮らす家族へのオンライン面会を、訪問の代わりとして数えてよいと思う？,仮の場面です。相互に便利ですが、同じ種類の時間とは感じない可能性を残す仮定です。,,会う時間の質の評価。,,,,最終確認待ち
exp26-care-0136,家族・ケア,3,2,actor,intergenerational_care_and_changes,家族の世話の経験を地域で伝える企画に、うまくできなかった話も入れたい？,仮の場面です。成功例だけでは伝わらない迷いがある設定です。個人の告白は求めません。,,ケア経験を語る目的を聞く。,,,,最終確認待ち
exp26-care-0137,家族・ケア,3,2,actor,practical_care_choices,訪問介護の時間が決まっている時、作業を終えることと本人の話を聞くことをどう配分したい？,仮の場面です。会話と作業の必要が同時にある架空の訪問です。緊急の身体的危険は置きません。,,ケアの成果と関係の時間。,,,,最終確認待ち
exp26-care-0138,家族・ケア,3,2,decision_maker,practical_care_choices,ケア担当者の交代を知らせる時、本人が別れを惜しむ時間を用意したい？,仮の場面です。業務上は引継ぎができても、本人にとって関係が終わる面がある設定です。,,支援関係の終わりの意味。,,,,最終確認待ち
exp26-care-0139,家族・ケア,3,2,decision_maker,practical_care_choices,介護施設の一日の予定は、共同で過ごす時間と個別の好みをどう両立させたい？,仮の場面です。食事などの運営に制約がある一方、全員同じ好みとは限りません。,,共同ケアの生活の裁量。,,,,最終確認待ち
exp26-care-0140,家族・ケア,3,2,actor,practical_care_choices,家族が初めて介護を任される時、技術の練習と不安を話す時間をどう組み合わせたい？,仮の場面です。やり方を知ることと役割を引き受ける気持ちを分ける設定です。,,知識と感情の支援を分ける。,,,,最終確認待ち
exp26-care-0141,家族・ケア,3,2,actor,practical_care_choices,家族が介護サービスの説明を理解したか確かめる時、「質問がない」を納得とみなしてよい？,仮の場面です。遠慮や疲れで質問できない可能性も残す架空の説明場面です。,,沈黙と同意を分けて聞く。,,,,最終確認待ち
exp26-care-0142,家族・ケア,3,3,decision_maker,practical_care_choices,一つの家族への支援を複数の担当者で行う時、毎回同じ話をする負担をどう減らしたい？,仮の場面です。共有すれば説明は減りますが、本人が話す範囲を選ぶ必要もあります。,privacy_and_surveillance,支援間の共有と本人の語り。,,,,最終確認待ち
exp26-care-0143,家族・ケア,3,2,actor,practical_care_choices,ケアの相談で本人と家族が互いに遠慮する時、別々に話を聞く方式をどう思う？,仮の場面です。別に話す安心と、家族の一体感が薄れる感覚の両方を残す設定です。,,別々の相談への価値観。,,,,最終確認待ち
exp26-care-0144,家族・ケア,3,2,decision_maker,practical_care_choices,家族が望む世話をスタッフが好意で追加することは、継続できる約束とどう分けるべき？,仮の場面です。一度の善意が次の担当への期待になる場面です。追加が必ず悪いとは置いていません。,,ケアの好意と制度の境界。,,,,最終確認待ち
exp26-care-0145,家族・ケア,3,2,decision_maker,family_care_accountability,介護を受ける人の生活目標を見直す時、「できることを増やす」以外に何を目標に含めたい？,仮の場面です。安心や楽しみの希望がある設定です。自立度だけで本人の生活を測る問いではありません。,,ケアの目標の幅を聞く。,,,,最終確認待ち
exp26-care-0146,家族・ケア,3,2,actor,family_care_accountability,家族支援の相談員が家庭の事情を詳しく知るほど、親しさと距離をどう保つべきだと思う？,仮の場面です。継続した相談で関係が深まる仮定です。仕事の責任と個人的な親密さを分けます。,,支援者との距離の基準。,,,,最終確認待ち
exp26-care-0147,家族・ケア,3,2,observer,family_care_accountability,家族が支援を断る理由を、支援者が理解できないままでも受け止めてよいと思う？,仮の場面です。緊急の危険はなく、提供側の理解と本人の選択が一致しない場面です。,,理解できない選択への姿勢。,,,,最終確認待ち
exp26-care-0148,家族・ケア,3,2,decision_maker,family_care_accountability,ケアの計画が家族全体にとって便利でも、本人が孤独になったと話したら何を見直したい？,仮の場面です。実務の負担が減っても関係の時間が減る可能性を残す設定です。,,効率とケアの関係の意味。,,,,最終確認待ち
exp26-care-0149,家族・ケア,4,3,affected,receiving_family_care,あなたの世話をしてくれる家族が大切な予定を取りやめた。助かった気持ちと負い目を、どう受け止めたい？,仮の場面です。家族は自分で決めたと言っています。恩を感じることと今後の希望を分けて考えられます。,,介護の役を受け入れる判断から、助けを受け取った後の負い目へ。,,caregiving-005,,最終確認待ち
exp26-care-0150,家族・ケア,4,3,affected,receiving_family_care,家族に身の回りを頼む暮らしになった。以前と同じように家の決定にも加わりたいが、家族は任せて休んでと言う。何に関わり続けたい？,仮の場面です。体力を休めることと、家を決める立場を残すことが並ぶ設定です。,,世話と決定権の関係。,,,,最終確認待ち
exp26-care-0151,家族・ケア,4,3,affected,receiving_family_care,自分の世話を家族以外へ頼むと気楽になるが、家族が頼られなくなったと寂しがる。あなたはどんな関係を残したい？,仮の場面です。世話の担い手と家族の親密さが同じである必要はない場面です。,,ケア方法と家族の近さ。,,,,最終確認待ち
exp26-care-0152,家族・ケア,4,3,actor,receiving_family_care,家族を世話してきたあなたに、本人が「今日は別の人がいい」と言った。自分の役割と本人の望みをどう受け止める？,仮の場面です。世話に問題があったとは確定していません。相性や気分を選ぶ余地があります。,,ケアする側の役割感。,,,,最終確認待ち
exp26-care-0153,家族・ケア,4,3,actor,receiving_family_care,あなたは家族の介護を長く担い、休む時間が減っている。本人の細かな希望を守ると手間が増えるが、それが本人らしい暮らしだとも感じる。何を相談したい？,仮の場面です。効率と休息だけでなく、本人が自分の生活だと感じる条件が並ぶ場面です。,,介護者の休息と本人の生活の形。,,,,最終確認待ち
exp26-care-0154,家族・ケア,4,3,decision_maker,receiving_family_care,家族の世話の分担をあなたが決めることになった。本人は自分を嫌っていそうな家族には頼みたくない。何を基準に組み直す？,仮の場面です。義務の公平だけでは関係の安心を測れない設定です。,,分担の公平と安心の差。,,,,最終確認待ち
exp26-care-0155,家族・ケア,4,3,decision_maker,receiving_family_care,あなたは長く家族のケア予定を組み、変更のたび自分の休みを削ってきた。本人はその日になって希望を選びたいと言う。今の支え方を続けるか決める時、自分の暮らしと本人の自由をどう守りたい？,仮の場面です。調整を続ける自分にも休む時間や将来の予定があり、ケアを受ける人もその日の感覚で選びたいと考えています。希望の変更を禁止すれば解決するとも、今の方法で担い続けられるとも決まっていません。,,前日の希望変更を予定へ入れる手順から、長く担った本人が自分の生活を削る支え方を続けるかという判断へ。,,,,最終確認待ち
exp26-care-0156,家族・ケア,4,3,affected,household_responsibility_and_credit,家の実作業は相手が多く、段取りはあなたが多く担う。相手は自分の方が働いていると言う。何を負担として話したい？,仮の場面です。準備や確認は見えにくく、どちらが常に重いとも決めていません。,,CS-F1の評価軸を保つ。,,caregiving-001 / caregiving-002 / bridge-011,,最終確認待ち
exp26-care-0157,家族・ケア,4,3,affected,household_responsibility_and_credit,家族から家事の得意な人と認められ、相談が全てあなたに来る。誇らしさもある中で、何を手放したい？,仮の場面です。評価されることと、判断を続ける責任を分ける場面です。,,家事の承認と固定化。,,,,最終確認待ち
exp26-care-0158,家族・ケア,4,3,affected,household_responsibility_and_credit,あなたが家の予定を覚える役をやめたら、用事を忘れる家族が増えた。困るのを待つことに、どんな気持ちを持つ？,仮の場面です。危険な失敗は置かず、役割を移す過程で小さな不便が生じる設定です。,,段取りを引き渡す迷い。,,,,最終確認待ち
exp26-care-0159,家族・ケア,4,3,actor,household_responsibility_and_credit,あなたは家事を頼まれればするが、相手は頼むこと自体に疲れたと言う。自分が気づかない責任をどう受け止める？,仮の場面です。作業の実施と、必要な作業を見つける役が分かれた設定です。,,頼まれる側の負担理解。,,,,最終確認待ち
exp26-care-0160,家族・ケア,4,3,actor,household_responsibility_and_credit,家事が得意なあなたが先に終わらせるうち、相手は自分の居場所がないと言う。家を回す役を手放すことをどう感じる？,仮の場面です。効率と家族として役割を持つ実感がずれる設定です。,,家事の有能さと相手の居場所。,,,,最終確認待ち
exp26-care-0161,家族・ケア,4,3,decision_maker,household_responsibility_and_credit,あなたは家族の世話と家事を一人で回し、学ぶ時間を失っている。相手へ任せると、慣れるまでは手間が増える。長く続けられる分担へ何を変えたい？,仮の場面です。今すぐの効率と、自分の時間を取り戻すための引継ぎが競合する設定です。,,偏りの是正一般から、引継ぎの手間と自分の時間を取り戻す判断へ。,,caregiving-002 / caregiving-003,,最終確認待ち
exp26-care-0162,家族・ケア,4,3,decision_maker,household_responsibility_and_credit,あなたは家族で食卓を囲む習慣に支えられてきたが、準備を担う家族は自分の時間を失っている。習慣を変える決定に何を大切にしたい？,仮の場面です。共同の安心と、その形を支える一人の時間が競合する場面です。,,家族の一体感と担い手の時間。,,,,最終確認待ち
exp26-care-0163,家族・ケア,4,3,affected,caring_and_personal_time,家族の世話が予定より長く続き、あなたはやりたかった学びを後回しにした。失った時間をどう受け止め、次を考えたい？,仮の場面です。ケアを無意味とせず、自分の時間に戻る希望も残す設定です。,,介護と仕事の選択から、失った学びの時間を意味づける問いへ。,,caregiving-006,,最終確認待ち
exp26-care-0164,家族・ケア,4,3,affected,caring_and_personal_time,世話を一部任せて自由な日ができたのに、家族のことが気になって楽しめない。あなたにとって休めたとはどんな状態？,仮の場面です。休みの形式と心が離れられることを分けて考えます。,,ケアから離れる感覚。,,,,最終確認待ち
exp26-care-0165,家族・ケア,4,3,affected,caring_and_personal_time,あなたが休む日に世話を引き受ける家族は、楽しんできてと言う。何か成果がない休日も自分に許せる？,仮の場面です。遊びや何もしない時間を負担からの逃げと固定しません。,,休息を認める理由。,,,,最終確認待ち
exp26-care-0166,家族・ケア,4,3,affected,caring_and_personal_time,家族の世話を続ける中で、あなたは以前好きだったことに関心が戻らない。昔の自分を取り戻すことをどれくらい望む？,仮の場面です。関心の変化を病気や失敗と断定せず、役割と自己像を考えます。,,ケアで変わる自己像。,,,,最終確認待ち
exp26-care-0167,家族・ケア,4,3,actor,caring_and_personal_time,世話をする相手が、あなたの楽しみを自分のために諦めたと気にしている。自分の選択をどう伝えたい？,仮の場面です。恩を感じさせたいとも、全て平気とも固定しない設定です。,,ケアする人の選択の語り。,,,,最終確認待ち
exp26-care-0168,家族・ケア,4,3,decision_maker,caring_and_personal_time,あなたは家族のケア計画を立て、用事を優先するうち自分の好きな時間を削ってきた。他の家族の遊びの時間も守るなら、何を変えたい？,仮の場面です。ケアの必要と家族それぞれの生活が競合する設定です。,,自分も含むケア家族の私生活。,,,,最終確認待ち
exp26-care-0169,家族・ケア,4,3,decision_maker,caring_and_personal_time,あなたは介護の当番を調整する。働いていない親族が趣味のため休むと、自分の休日が減る。働いているかに関わらず、何を大事な時間として認めたい？,仮の場面です。自分の負担が増える中で、他人の私生活をどのように認めるかを考えます。,,介護の分担における自分の負担。,,,,最終確認待ち
exp26-care-0170,家族・ケア,4,3,affected,family_after_bereavement,家族を亡くし、物を見ると近くに感じるがつらくもなる。同居家族は片づけたいと言う。何を大切に整理の時期を決めたい？,仮の場面です。悲しむ速度や物の意味は異なります。片づけることを忘れることとは固定しません。,medical_and_end_of_life,CS-F2の記憶の距離。,https://www.nhs.uk/mental-health/feelings-symptoms-behaviours/feelings-and-symptoms/grief-bereavement-loss/,r6-10-06-l4,,最終確認待ち
exp26-care-0171,家族・ケア,4,3,affected,family_after_bereavement,あなたは家族の死後、普段の食事を作れるようになった。周囲が立ち直ったねと言うと、どんな気持ちになる？,仮の場面です。日常の行動だけで悲しみが終わったとは決めない場面です。,medical_and_end_of_life,外からの回復評価。,,,,最終確認待ち
exp26-care-0172,家族・ケア,4,3,affected,family_after_bereavement,亡くなった家族の記念日を迎えたあなたは、今年は普段どおり過ごしたい。他の家族と違う望みをどう扱いたい？,仮の場面です。追悼を続ける方法や年ごとの気持ちが異なる設定です。,medical_and_end_of_life,悲嘆の時間の変化。,,,,最終確認待ち
exp26-care-0173,家族・ケア,4,3,actor,family_after_bereavement,あなたは故人との楽しい思い出を話したいが、家族の一人はまだ聞けないと言う。自分の語る場所をどう考える？,仮の場面です。語る側と聞く側の望みが違う場面です。沈黙だけを正解にしません。,medical_and_end_of_life,追悼を共有する境界。,,,,最終確認待ち
exp26-care-0174,家族・ケア,4,3,actor,family_after_bereavement,亡くなった家族の部屋をあなたが片づける。使わない物ほど手放しにくい時、何を残す基準にしたい？,仮の場面です。実用と記憶が一致しない設定です。金銭価値の判断は主題ではありません。,medical_and_end_of_life,遺品の実用以外の意味。,,,,最終確認待ち
exp26-care-0175,家族・ケア,4,3,decision_maker,family_after_bereavement,あなたが家族の追悼会を開く。親族の思い出が全く違う時、一つの紹介文にどうまとめたい？,仮の場面です。誰かの記憶を誤りと決めず、故人の複数の姿を扱います。,medical_and_end_of_life,家族の記憶を代表する責任。,,,,最終確認待ち
exp26-care-0176,家族・ケア,4,3,decision_maker,family_after_bereavement,故人の好きだった場所へ行く旅行をあなたが計画する。一人は楽しみ、一人は苦痛だと言う。何を共通の時間にしたい？,仮の場面です。同じ場所でも記憶への距離が異なる設定です。参加を義務にはしていません。,medical_and_end_of_life,追悼と新しい生活の共有。,,,,最終確認待ち
exp26-care-0177,家族・ケア,4,3,affected,care_relationships_after_end,家族の介護が終わり、あなたはほっとした気持ちが大きい。その安堵と家族への思いを、どう一緒に受け止めたい？,仮の場面です。安堵が愛情の欠如を示すとは決めない場面です。経験の告白は求めません。,medical_and_end_of_life,ケア後の安堵の意味。,,,,最終確認待ち
exp26-care-0178,家族・ケア,4,3,affected,care_relationships_after_end,長く介護に合わせた暮らしを終えたあなたは、何をしたいか分からない。自由な時間にまず何を求めたい？,仮の場面です。選択肢が戻っても気持ちがすぐ戻るとは限らない設定です。,,ケア終了後の自由。,,,,最終確認待ち
exp26-care-0179,家族・ケア,4,3,affected,care_relationships_after_end,家族を見送った後、あなたは自分が十分世話できたかを何度も考える。振り返る時、何を判断の基準にしたい？,仮の場面です。結果だけでケアの価値を採点しない余地を残します。,medical_and_end_of_life,ケアを振り返る納得。,,,,最終確認待ち
exp26-care-0180,家族・ケア,4,3,actor,care_relationships_after_end,あなたは介護経験を話してほしいと頼まれた。良い話としてまとめると迷いや疲れが消える時、どんな語り方を選ぶ？,仮の場面です。他の人の励みになることと、自分の実感を守ることが並びます。,,ケア経験の公的な語り。,,,,最終確認待ち
exp26-care-0181,家族・ケア,4,3,actor,care_relationships_after_end,あなたは長く介護する友人を支え、終わったら以前の時間を取り戻せると期待してきた。友人はまだ誘いに応じない。今の二人の関係に何を望む？,仮の場面です。介護が終わることと、昔の関係に戻ることが同時とは限らない設定です。,,支えた友人との時間への期待。,,,,最終確認待ち
exp26-care-0182,家族・ケア,4,3,decision_maker,care_relationships_after_end,長く介護した家族を見送り、あなたには悲しさと安堵がある。皆を集める役を引き受けたが、親族には安堵を口にするのはつらい人もいる。自分の介護が終わった時間を、どんな言葉で区切りたい？,仮の場面です。故人への思いと、ケアから解放された自分の実感が同時にあります。親族は同じ時間を違う立場で過ごしており、悲しみも安堵も誰かに合わせるとは限りません。集まりが本人にも区切りとなるかを考えます。,medical_and_end_of_life,集まりの企画の選択から、亡くなった人を思う場で自分のケアが終わった意味も表す責任へ。,,,,最終確認待ち
exp26-care-0183,家族・ケア,4,3,decision_maker,care_relationships_after_end,ケアの記録を家族が残すか、あなたが決める。詳細を見ると疲れも思い出す時、何を残したい？,仮の場面です。記録の便利さが終わった後は変わる設定です。故人の私信の公開ではありません。,,ケアの記録との距離。,,,,最終確認待ち
exp26-care-0184,家族・ケア,4,3,affected,family_forms_and_belonging,育った家と今の家の両方を大切にするあなたに、帰省先を一つにしてほしいと家族が言う。どんな所属を保ちたい？,仮の場面です。時間は限られても、家族への思いが一つとは限らない設定です。,,複数の家への帰属。,,,,最終確認待ち
exp26-care-0185,家族・ケア,4,3,affected,family_forms_and_belonging,血縁はないが長く世話し合った人を家族と感じるあなたに、親族が違うと言う。呼び名に何を求める？,仮の場面です。法的な権利ではなく、関係を説明する言葉の意味を聞きます。,,本人からの家族の定義。,,,,最終確認待ち
exp26-care-0186,家族・ケア,4,3,affected,family_forms_and_belonging,再婚した家の一員になったあなたは、新しい親を名前で呼び続けたい。周囲が家族らしい呼び名を勧めたらどう感じる？,仮の場面です。安全上の問題はなく、親密さを表す速度が違う設定です。,,家族になる速度と呼称。,,,,最終確認待ち
exp26-care-0187,家族・ケア,4,3,actor,family_forms_and_belonging,あなたが長く守った家の習慣を、新しい同居家族は自分の居場所がないと感じる。守ってきた家を変えることをどう受け止めたい？,仮の場面です。自分の家への愛着と新しい家族が参加する望みが並ぶ場面です。,,迎える人の家への愛着と変化。,,,,最終確認待ち
exp26-care-0188,家族・ケア,4,3,affected,family_forms_and_belonging,あなたが長く家族と思っていた人は、親しい友人と説明したいと言う。自分の親密さの感じ方をどう受け止める？,仮の場面です。関係が一方的に消えると決めず、言葉の違いを考えます。,,家族の感覚の非対称性。,,,,最終確認待ち
exp26-care-0189,家族・ケア,4,3,decision_maker,family_forms_and_belonging,あなたは離婚後も、家族が元配偶者を大切な一員と感じていると知った。次の集まりを任され、相手を呼ぶと自分は家族の中で別れを区切れない気がする。自分の居場所と、家族に続く相手との関係をどう考えて招きたい？,仮の場面です。安全への懸念はない設定ですが、離婚で終わった関係と、他の家族が続けたい関係が一致していません。集まりの招待を決める自分にも、別れを区切る意味と所属の安心があります。元配偶者を含めることが家族らしさの唯一の形とは決めません。,,招待する範囲の一般論から、離婚した本人が関係を区切る意味と他の家族の継続する親密さを背負う判断へ。,,,,最終確認待ち
exp26-care-0190,家族・ケア,4,3,decision_maker,family_forms_and_belonging,家族写真をまとめるあなたは、今は離れた人も写る写真を残すか選ぶ。現在の家族と過去の時間をどう扱いたい？,仮の場面です。関係の終了を過去の消去にするかは一つに固定しません。,,家族の記録の連続性。,,,,最終確認待ち
exp26-care-0191,家族・ケア,4,3,affected,parental_expectations_and_growth,大人になったあなたを親が昔の得意なことだけで紹介する。うれしさもあるが今の自分と違う時、何を知ってほしい？,仮の場面です。親の記憶と本人の変化がずれる設定です。,,親子での自己像の変化。,,,,最終確認待ち
exp26-care-0192,家族・ケア,4,3,affected,parental_expectations_and_growth,親が自分のために残した思い出の品を、あなたはほとんど覚えていない。残す責任をどう感じる？,仮の場面です。物が親には大切でも本人に同じ意味とは限らない設定です。,,親から渡された記憶の意味。,,,,最終確認待ち
exp26-care-0193,家族・ケア,4,3,affected,parental_expectations_and_growth,親から相談相手になってほしいと言われたあなたは、子どもの頃の立場に戻ってしまう。どんな関係へ変えたい？,仮の場面です。大人同士として話す望みと、親子の習慣が並ぶ場面です。,,成人した親子の対等さ。,,,,最終確認待ち
exp26-care-0194,家族・ケア,4,3,actor,parental_expectations_and_growth,子どもがあなたの大切な家の習慣をやめたいと言う。自分が受け継いだ思いを、どこまで理由として伝えたい？,仮の場面です。健康や安全を害さない習慣を想定し、継承を義務にしていません。,,伝統を渡す親の望み。,,,,最終確認待ち
exp26-care-0195,家族・ケア,4,3,actor,parental_expectations_and_growth,子どもに良い親だったと思ってほしいあなたは、相手が違う記憶を語るとつらい。その話をどう聞きたい？,仮の場面です。評価への思いと、子の経験を知る目的が並ぶ設定です。,family_conflict,親の自己評価と子の記憶。,,,,最終確認待ち
exp26-care-0196,家族・ケア,4,3,decision_maker,parental_expectations_and_growth,あなたは長年家族行事をまとめ、それが自分の役割だと感じてきた。成人した子が決める役を引き受けたいと言う。任せた後、家族とどう関わりたい？,仮の場面です。役割を渡すことと家族として必要とされる実感を分けます。,,家族の中心の役を手放す意味。,,,,最終確認待ち
exp26-care-0197,家族・ケア,4,3,affected,parental_expectations_and_growth,あなたは老後も成人した子の近くで暮らすつもりだったが、子は遠くで暮らすと決めた。家族がそばにいる未来を失う気持ちと、自分の暮らしを選び直すことをどう受け止める？,仮の場面です。子の独立が家族関係の終了とは限りません。思い描いた未来を失う本人の感情と、自分の生活を作り直す選択が並びます。,,予定を組む段階から、老後の家族像を失う本人の意味と選び直しへ。,,,,最終確認待ち
exp26-care-0198,家族・ケア,4,3,affected,parenthood_ambivalence,あなたは子育ての楽しさより疲れを感じる日が続く。幸せな親として見られることと、自分の実感をどう扱いたい？,仮の場面です。疲れから子への愛情を判定しない設定です。危険な行為は想定しません。,,親の役割の実感の幅。,,,,最終確認待ち
exp26-care-0199,家族・ケア,4,3,affected,parenthood_ambivalence,親になったあなたは、以前の友人たちとの話題が合わなくなった。家族以外の自分をどんな場所で保ちたい？,仮の場面です。友人が悪いという設定ではなく、生活の変化を考えます。,,養育者の複数の自己像。,,,,最終確認待ち
exp26-care-0200,家族・ケア,4,3,affected,parenthood_ambivalence,育児を周囲に頼めるあなたが一人で過ごしたいと言うと、子どもとの時間を惜しまれる。自分の時間をどう意味づけたい？,仮の場面です。家族との時間と自分の休息はどちらも価値を持つ設定です。,,養育者の休息の理由。,,,,最終確認待ち
exp26-care-0201,家族・ケア,4,3,actor,parenthood_ambivalence,子どもがあなたとは全く違う性格で、励ましたつもりの言葉が負担になる。親として何を学び直したい？,仮の場面です。どちらの性格も悪いとせず、支える方法の相性を考えます。,,養育での自己投影の見直し。,,,,最終確認待ち
exp26-care-0202,家族・ケア,4,3,actor,parenthood_ambivalence,子育てが生活の中心だったあなたは、子どもと一緒に始めた活動を自分も楽しむ。成人した子が離れた後、自分だけで続けることに何を感じる？,仮の場面です。親の役割から独立した楽しみを持つ場面です。,,養育後の自分の生活の意味。,,,,最終確認待ち
exp26-care-0203,家族・ケア,4,3,decision_maker,parenthood_ambivalence,あなたが育児の分担を決める。相手が不安で任せられず、自分が疲れている時、何を変えたい？,仮の場面です。任せる練習にも時間が要る設定です。能力不足を確定していません。,,養育の信頼と分担。,,caregiving-002,,最終確認待ち
exp26-care-0204,家族・ケア,4,3,decision_maker,parenthood_ambivalence,成人した子が家を出る時、あなたは自分を支えた記念の品を渡したいが、子は実用品を望む。受け継いでほしい思いを何として渡したい？,仮の場面です。物の受取りと、親の経験を受け取ることは同じとは限らない設定です。,,成人した子へ渡すケアの記憶。,,,,最終確認待ち
exp26-care-0205,家族・ケア,4,3,affected,siblings_and_different_positions,あなたはきょうだいの中で「しっかりした人」とされ、家族の相談が集まる。頼りにされる喜びと重さをどう受け止める？,仮の場面です。生まれた順だけで役割を決めず、長く続いた期待を考えます。,,家族の役割の固定化。,,,,最終確認待ち
exp26-care-0206,家族・ケア,4,3,affected,siblings_and_different_positions,きょうだいは同じ家で幸せだったと話すが、あなたは窮屈だった。自分の記憶をどんなふうに家族へ置いておきたい？,仮の場面です。一つの家でも経験が同じではない設定です。誰かを嘘つきにしません。,family_conflict,家族内の経験の複数性。,,,,最終確認待ち
exp26-care-0207,家族・ケア,4,3,affected,siblings_and_different_positions,家族の悩みを聞くことが居場所だったあなたは、自分の結婚を終えると決めた。頼れる人として家族を支えてきた分、自分の迷いを話すのが怖い。家族に知られることを、どんなつながりとして望みたい？,仮の家族関係です。自分は家族の相談を受け止める役に、親密さと頼られる価値を感じてきました。結婚を終える選択には本人の理由があり、迷いも残っています。家族が反対するとは決めず、支える役だけではない人生を知られることの意味を考えます。,,家族の集まりの話す順番から、頼れる聞き役に居場所を置いた本人が、自分の結婚の終わりと迷いを知られる関係を望む意味へ。,,,,最終確認待ち
exp26-care-0208,家族・ケア,4,3,actor,siblings_and_different_positions,あなたは家族の話を取りまとめてきたが、きょうだいが自分で話したいと言う。代弁をやめると何が変わると感じる？,仮の場面です。手助けが相手の語る機会を代わることもある設定です。,,代弁する側の役割の変化。,,,,最終確認待ち
exp26-care-0209,家族・ケア,4,3,actor,siblings_and_different_positions,あなたはきょうだいと家族の世話を分けている。お金より訪問を望まれるが、会うことが苦しい時、何を説明したい？,仮の場面です。費用と関係の時間のどちらもケアの一部となる設定です。,,分担の形と感情の違い。,,,,最終確認待ち
exp26-care-0210,家族・ケア,4,3,decision_maker,siblings_and_different_positions,あなたがきょうだいの連絡窓口を任される。相談は共有したいが、本人が別々に伝えたい話もある。何を取りまとめる？,仮の場面です。効率とそれぞれの私的な会話を分ける設定です。,privacy_and_surveillance,家族の代表役と秘密。,,,,最終確認待ち
exp26-care-0211,家族・ケア,4,3,decision_maker,siblings_and_different_positions,あなたが家族の役目を配ると、遠くに住むきょうだいが決定に入れないと不満を持つ。参加と作業をどう結びつけたい？,仮の場面です。現場の知識と当事者として関わる望みが並ぶ場面です。,,距離と家族の決定参加。,,,,最終確認待ち
exp26-care-0212,家族・ケア,4,3,affected,old_age_and_mutuality,高齢になったあなたは、家族から昔の功績を何度も紹介される。今の何もしていない日も自分として知ってほしい？,仮の場面です。過去の役割と今の暮らしに別の意味がある設定です。,,老いの自己像と承認。,,,,最終確認待ち
exp26-care-0213,家族・ケア,4,3,affected,old_age_and_mutuality,あなたは家族から大切にされているが、細かな用事まで先に決められる。便利さと自分の一日の感覚をどう比べる？,仮の場面です。家族の善意と本人の裁量がずれる設定です。,,老いと日常の選択の深さ。,,,,最終確認待ち
exp26-care-0214,家族・ケア,4,3,affected,old_age_and_mutuality,あなたは子に頼りたくないが、子は頼られるのがうれしいと言う。頼ることは自立をどう変えると感じる？,仮の場面です。自立を一人で全てすることに限定しない場面です。,,相互性から見た自立。,,caregiving-005,,最終確認待ち
exp26-care-0215,家族・ケア,4,3,actor,old_age_and_mutuality,あなたは高齢の親へ昔と同じ相談を持ちかけたい。親は今は聞く余裕がないと言う。親への期待をどう変えたい？,仮の場面です。親が支える役から離れる希望も残す設定です。,,親のケア役からの退出。,,,,最終確認待ち
exp26-care-0216,家族・ケア,4,3,actor,old_age_and_mutuality,親があなたに身の回りを任せた後も、親として助言したいと言う。世話する役と子の役をどう行き来したい？,仮の場面です。立場が一度に反転するとは決めず、複数の関係が続く場面です。,,世代間の相互的ケア。,,,,最終確認待ち
exp26-care-0217,家族・ケア,4,3,decision_maker,old_age_and_mutuality,あなたは高齢の親との時間を残したくて外出を計画するが、親は皆に合わせて疲れてしまう。自分が残したい思い出と親の今の時間をどう考える？,仮の場面です。家族の思い出と本人の一日の実感が異なる設定です。,,親との記憶を求める自分の望み。,,,,最終確認待ち
exp26-care-0218,家族・ケア,4,3,decision_maker,old_age_and_mutuality,家族の世話を調整するあなたは、親が新しい友人へ頼りたいと知る。親族の安心と親の関係をどう考える？,仮の場面です。友人の危険や不正は置いていません。頼れる人を増やす場面です。,,高齢期のケア関係の広さ。,,,,最終確認待ち
exp26-care-0219,家族・ケア,4,3,affected,tensions_without_forced_reconciliation,長く距離を置いた家族から、世話で関わってほしいと言われたあなたは、和解は望まない。どんな関係なら関われる？,仮の場面です。危険が差し迫った場面ではなく、ケアと仲直りを分ける余地があります。,family_conflict,ケアを和解にしない境界。,,family-001,,最終確認待ち
exp26-care-0220,家族・ケア,4,3,affected,tensions_without_forced_reconciliation,家族に頼むと昔の対立が戻るあなたは、外へ頼みたい。家族が寂しいと感じても、何を自分の安心の条件にしたい？,仮の場面です。血縁に頼ることだけを理想にしない設定です。,family_conflict,ケアの安心と家族の期待。,,,,最終確認待ち
exp26-care-0221,家族・ケア,4,3,affected,tensions_without_forced_reconciliation,あなたの家族が皆で仲直りしたと言うが、あなたの気持ちは追いつかない。家の一員として何を残しておきたい？,仮の場面です。合意した言葉と本人の感覚が同じとは限らない設定です。,family_conflict,家族の和解の速度の違い。,,,,最終確認待ち
exp26-care-0222,家族・ケア,4,3,actor,tensions_without_forced_reconciliation,昔家族を傷つけたあなたは、今は世話で支えたい。相手が受け取りたくない時、自分の償いをどう考える？,仮の場面です。ケアの申し出で許しを得られるとは決めない場面です。,family_conflict,世話と償いを分ける理由。,,family-001,,最終確認待ち
exp26-care-0223,家族・ケア,4,3,actor,tensions_without_forced_reconciliation,家族の集まりであなたが笑い話にした出来事を、一人が苦痛だったと話す。共有の記憶をどう変えたい？,仮の場面です。親しさのつもりと相手の経験の違いがある設定です。,family_conflict,家族の物語を変える責任。,,,,最終確認待ち
exp26-care-0224,家族・ケア,4,3,decision_maker,tensions_without_forced_reconciliation,あなたが家族の話合いを進める。今の世話の分担だけ決めたい人と、昔の対立も話したい人に何を提案する？,仮の場面です。実務と感情の必要が別々にある設定です。全員の和解を条件にしません。,family_conflict,話合いの範囲の決定。,,,,最終確認待ち
exp26-care-0225,家族・ケア,4,3,observer,tensions_without_forced_reconciliation,家族同士の対立で、あなたはどちらからも味方でいてと言われた。中立でいることをどんな関わりとして考える？,仮の場面です。事実の判断と関係の支持は同じとは限らない場面です。,family_conflict,家族の対立での立場。,,,,最終確認待ち
exp26-care-0226,家族・ケア,4,3,affected,memories_and_inheritance_of_roles,家の料理を受け継いだあなたは、味を変えると元の家族とのつながりが薄れる気がする。何を残せば継承と感じる？,仮の場面です。作り方と関係の記憶が一致しない場合もある設定です。,,日常のケアを継ぐ意味。,,,,最終確認待ち
exp26-care-0227,家族・ケア,4,3,affected,memories_and_inheritance_of_roles,あなたには家族が残した手紙があるが、読むと今の暮らしが止まる気がする。読まないまま持つことをどう感じる？,仮の場面です。アクセスの権利より記憶への距離を扱います。手紙の公開は求めません。,medical_and_end_of_life,残された言葉を受け取る時期。,,,,最終確認待ち
exp26-care-0228,家族・ケア,4,3,affected,memories_and_inheritance_of_roles,家族の写真にいつも写らないあなたは、準備や撮影を担ってきた。自分の時間をどんな形で残してほしい？,仮の場面です。家族の記録で見えない役割がある設定です。,,記録されないケアの承認。,,,,最終確認待ち
exp26-care-0229,家族・ケア,4,3,actor,memories_and_inheritance_of_roles,あなたは家族の昔の話を次の世代に伝える。自分には嫌だった習慣も含めるなら、どんな言葉で残す？,仮の場面です。良い思い出だけにそろえず、記憶と評価を分ける場面です。,,家族史を継ぐ語り方。,,,,最終確認待ち
exp26-care-0230,家族・ケア,4,3,actor,memories_and_inheritance_of_roles,あなたは親から受け継いだ世話の方法を変えたい。親が自分のやり方を否定されたと感じる時、何を伝えたい？,仮の場面です。世代の方法の違いと関係への思いが並ぶ設定です。,,ケアの継承と変更。,,,,最終確認待ち
exp26-care-0231,家族・ケア,4,3,decision_maker,memories_and_inheritance_of_roles,あなたは家族が離れてもつながりを保てるよう、育った家の記録を残したい。一人はつらかった過去の写真を載せたくない。どんな家族史を残す？,仮の場面です。共同の記憶を支えにする願いと、その記憶から距離を置く本人の願いが並びます。,privacy_and_surveillance / family_conflict,家族をつなぐ記録と個人の過去。,,,,最終確認待ち
exp26-care-0232,家族・ケア,4,3,decision_maker,memories_and_inheritance_of_roles,家族が大事にしてきた記念品を一人に渡す役をあなたが担う。所有する人と思い出を語る人をどう考える？,仮の場面です。物は一つでも記憶は複数の人に関わる設定です。市場価格の配分は主題ではありません。,,物と家族の記憶の帰属。,,,,最終確認待ち
exp26-care-0233,家族・ケア,4,3,affected,caregiving_identity_and_recognition,家族の世話を続けたあなたに、周囲が立派だと言う。立派ではいられなかった時間も知ってほしい？,仮の場面です。評価に励まされる面と実感が見えなくなる面を残します。,,ケアの称賛への複雑さ。,,,,最終確認待ち
exp26-care-0234,家族・ケア,4,3,affected,caregiving_identity_and_recognition,家族の世話を別の人へ渡したあなたは、必要とされなくなった気がする。家族とどんな形でつながりたい？,仮の場面です。実務の役目と親密さは別々に続きうる設定です。,,ケアを離れた役割感。,,,,最終確認待ち
exp26-care-0235,家族・ケア,4,3,affected,caregiving_identity_and_recognition,世話した家族が覚えていないあなたの努力を、誰に分かってほしい？分かってもらわなくてもよいと感じる？,仮の場面です。感謝が得られないことを一律に不幸としない設定です。,,記憶されないケアの意味。,,,,最終確認待ち
exp26-care-0236,家族・ケア,4,3,actor,caregiving_identity_and_recognition,あなたは家族の介護を楽しいとも感じるが、周囲は苦労だけを聞く。自分の経験をどう話したい？,仮の場面です。ケアの負担を否定せず、楽しみも同時にある場面です。,,ケア経験の一面的な見方。,,,,最終確認待ち
exp26-care-0237,家族・ケア,4,3,actor,caregiving_identity_and_recognition,親族があなたの世話を当然だと言う時、評価を求めることと役目を減らすことのどちらを望む？,仮の場面です。承認と実務の変化を別の希望として考えられる設定です。,,ケアの承認と分担の違い。,,,,最終確認待ち
exp26-care-0238,家族・ケア,4,3,decision_maker,caregiving_identity_and_recognition,長く家族を介護したあなたは、励まし合う集まりを開いた。仲間には不満を話す場が必要だと言われる。自分の支えにもなる場をどう作り直したい？,仮の場面です。主催者も経験者であり、望む感情が仲間と同じとは限らない設定です。,,自分も支えられるケアの場の責任。,,,,最終確認待ち
exp26-care-0239,家族・ケア,4,3,observer,caregiving_identity_and_recognition,あなたは身近な家族の世話を見て育った。その姿を美しいと思う一方、自分に同じ役を期待されると重い。何を受け継ぎたい？,仮の場面です。他人の選択への敬意と自分の役割の選択を分ける場面です。,,家族のケアモデルへの距離。,,,,最終確認待ち
exp26-care-0240,家族・ケア,4,3,affected,future_family_conversations,あなたは将来家族に世話を頼む可能性を話したいが、まだ元気だからと話を避けられる。何を今共有したい？,仮の場面です。具体的な介護開始を確定せず、望みを早く話す意味を扱います。,,将来のケアを話す時期。,,,,最終確認待ち
exp26-care-0241,家族・ケア,4,3,affected,future_family_conversations,あなたは家族に昔伝えた老後の希望を変えた。家族がそれに向けて準備していた時、変更をどう受け止める？,仮の場面です。本人の変化と家族の努力の両方がある設定です。,,過去の希望と今の自分。,,elderly-003,,最終確認待ち
exp26-care-0242,家族・ケア,4,3,affected,future_family_conversations,あなたは家族に迷惑をかけたくないが、本当は近くで暮らしたい。遠慮と希望のどちらを先に話したい？,仮の場面です。相手の負担が未確定の段階で、自分の望みを語る場面です。,,遠慮して語らない希望。,,,,最終確認待ち
exp26-care-0243,家族・ケア,4,3,actor,future_family_conversations,家族が将来の世話をあなたに任せたいと言う。今は約束できない時、関係を保ちながら何を伝えたい？,仮の場面です。将来の自分の余裕も支援も分からない設定です。,,ケアを約束する不確実さ。,,,,最終確認待ち
exp26-care-0244,家族・ケア,4,3,actor,future_family_conversations,あなたは親の希望を覚えているが、他の家族は別の発言を聞いた。唯一の本心を決めずに、何を確かめたい？,仮の場面です。時期で気持ちが変わる余地を残し、記憶の勝負にしません。,,家族が覚えた希望の違い。,,,,最終確認待ち
exp26-care-0245,家族・ケア,4,3,decision_maker,future_family_conversations,あなたは将来の家族の世話を自分だけで心配している。皆は今は話したくないと言うが、先送りすると役割が自分に集まりそうだ。何を今共有したい？,仮の場面です。将来の役割は未確定ですが、先に考える負担が一人にある設定です。,,家族の未来を先に背負う自分。,,,,最終確認待ち
exp26-care-0246,家族・ケア,4,3,decision_maker,future_family_conversations,あなたは将来の世話を家族へ託すため自分の希望を残す。まだ決められない部分があり、残さないと家族が判断を背負う。何を今の約束にし、何を迷いとして残したい？,仮の場面です。将来のケアの受け方を自分で残そうとしていますが、今は想像できない望みもあります。迷いを残すことが家族の判断の重さにつながる可能性と、現在の自分が将来を固定しない意味を考えます。記録の法律上の効力や医療判断の手順は扱いません。,,記録の編集一般から、自分の将来を決めきらない余地と、その判断を家族へ託す責任の境界へ。,,,,最終確認待ち
exp26-care-0247,家族・ケア,4,3,affected,family_solidarity_and_individuality,家族皆で乗り越えたと言われる出来事を、あなたは一人で耐えたと感じる。家族への思いと自分の経験をどう並べたい？,仮の場面です。共同の出来事と個別の経験が一致しない設定です。,family_conflict,家族の一体感と個人の記憶。,,,youth-pregnancy-037,最終確認待ち
exp26-care-0248,家族・ケア,4,3,affected,family_solidarity_and_individuality,あなたは家族の祝いで皆を明るくする役に、居場所を感じてきた。大切な相手との関係が終わった今、別の家族の結婚を喜びたいが明るく振る舞えない。その役なしで集まることを、家族とのつながりとしてどう望みたい？,仮の祝いです。自分には大切な関係が終わった悲しみがあり、同時に他の家族の結婚を大切にしたい気持ちもあります。家族に明るさを求められると決め付けず、皆を明るくする役がない自分にも居場所を感じられる条件を考えます。,,祝いへの参加の段取りから、自分の関係を失った時に、明るくする役を果たさないまま家族の場に居る意味へ。,,,,最終確認待ち
exp26-care-0249,家族・ケア,4,3,affected,family_solidarity_and_individuality,家事や世話をしない旅で、家族それぞれの夢を初めて聞いたあなた。家族を支えることに人生を置いてきたのに、その望みは知らなかった。世話をすることで近いと思ってきた関係を、これからどう知り直したい？,仮の家族旅行です。日常の世話の役を離れると、家族がそれぞれの計画や夢を話し、自分には知らなかった面があると分かりました。世話をしてきた時間の価値が消えるとは決めず、生活を支えることで得た親密さと、一人ずつの望みを知る親密さを考えます。,,家を離れて家事を忘れる感想から、家族の生活を支えることに人生を置いた本人が、世話では知れなかった望みに出会う関係の意味へ。,,,,最終確認待ち
exp26-care-0250,家族・ケア,4,3,actor,family_solidarity_and_individuality,あなたは家族の一人をいつも励ます役だが、自分がつらい日に同じ役を求められる。何を頼み返したい？,仮の場面です。支える人にもケアを受ける望みがある設定です。,,家庭の感情を支える役目。,,,,最終確認待ち
exp26-care-0251,家族・ケア,4,3,actor,family_solidarity_and_individuality,家族の問題を外へ相談するあなたに、家族が自分たちで解決したいと言う。何を守るために外へ話したい？,仮の場面です。緊急の危険はなく、相談と家族の否定は同一ではない場面です。,family_conflict,家族の閉じた支援への距離。,,,,最終確認待ち
exp26-care-0252,家族・ケア,4,3,decision_maker,family_solidarity_and_individuality,あなたは離れて暮らす家族が集まる旅行を大切にしてきた。一人が今回は別々の時間も欲しいと言う。家族が一つになる実感を、何に残したい？,仮の場面です。共有する時間の量と家族の近さが同じとは限らない設定です。,,離れて暮らす家族の一体感の形。,,,,最終確認待ち
exp26-care-0253,家族・ケア,4,3,observer,family_solidarity_and_individuality,あなたは家族の一人が違う価値観を語らなくなるのを見た。自分も昔、居場所を失う怖さから考えを隠していた。相手がなぜ黙ったかは分からない時、今の家族の穏やかさを何として受け止める？,仮の場面です。自分の過去の沈黙には所属への不安がありましたが、今の家族の一人が語らない理由も同じとは限りません。平穏を大切に思う自分と、違いを語れない関係かもしれないと見る自分の両方を考えます。,family_conflict,家族の一致を眺める一般論から、自分が所属のため沈黙した過去を重ねながら、今の平穏の意味を判断する問いへ。,,,,最終確認待ち
exp26-care-0254,ジェンダー・性・アイデンティティ,1,1,,identity_words_and_expression,自分を紹介する時、性別について何も言わない方が自然に感じる？,,,性別を語る入口の好み。,,,,最終確認待ち
exp26-care-0255,ジェンダー・性・アイデンティティ,1,1,,identity_words_and_expression,服を着た時、どんな性別の印象を持たれると自分に近いと感じる？,,,服の好み一般ではなく、本人の自己像と周囲に伝わる性別表現の近さを聞く。,,,,最終確認待ち
exp26-care-0256,ジェンダー・性・アイデンティティ,1,1,,identity_words_and_expression,「かっこいい」「かわいい」を、性別に関係なく使えると感じる？,,,自分が褒められる好みから、性別をまたいで同じ評価を使う日常の感覚へ。,,,,最終確認待ち
exp26-care-0257,ジェンダー・性・アイデンティティ,1,1,,identity_words_and_expression,「さん」「くん」「ちゃん」の使い分けに性別の印象を感じる？自分はどう呼ばれたい？,,,呼称一般から、性別を伝える呼び方と本人の望む呼ばれ方へ。,,,,最終確認待ち
exp26-care-0258,ジェンダー・性・アイデンティティ,1,1,,identity_words_and_expression,自分の声を「男性的」「女性的」と表されると、どんな感じがする？,,,声の好み一般から、声に性別の印象を重ねられる受け止めへ。,,,self-004 / self-005,最終確認待ち
exp26-care-0259,ジェンダー・性・アイデンティティ,1,1,,identity_roles_and_appearance,「男らしい」「女らしい」と言われる髪型を自分で選ぶ時、周りに合わせたと感じる？自分の好みと感じる？,,,0255の周囲に伝わる性別の自己像とは分け、性別の期待に合う表現を自分で選ぶことの意味を聞く。,,,,最終確認待ち
exp26-care-0260,ジェンダー・性・アイデンティティ,1,1,,identity_roles_and_appearance,服売場の性別表示は、選ぶ目安になる？自由に探しにくくなる？,,,日常の性別区分への感覚。,,,,最終確認待ち
exp26-care-0261,ジェンダー・性・アイデンティティ,1,1,,identity_roles_and_appearance,自分を表す色に、性別のイメージを重ねて選ぶことはある？,,,自己表現と性別イメージ。,,,,最終確認待ち
exp26-care-0262,ジェンダー・性・アイデンティティ,1,1,,identity_roles_and_appearance,名前を聞いただけで性別を予想されることを、どう感じる？,,,名前の選び方一般から、名前で性別を推測される感覚へ。,,,,最終確認待ち
exp26-care-0263,ジェンダー・性・アイデンティティ,1,1,,identity_roles_and_appearance,子どもの頃に遊ぶ物を選ぶ時、性別の区分をどれくらい意識していた？,,,仕草一般から、遊びを選ぶ時の性別の区分の経験へ。,,,,最終確認待ち
exp26-care-0264,ジェンダー・性・アイデンティティ,1,1,,identity_visibility_and_privacy,性別を知らない人に話しかける時、呼び方を迷うことはある？,,,0257の自分が呼ばれたい敬称から分け、相手の性別が分からない時に普段の言葉を選ぶ感覚を聞く。,,,friendship-005,最終確認待ち
exp26-care-0265,ジェンダー・性・アイデンティティ,1,1,,identity_visibility_and_privacy,自分の性のあり方に名前を付けるなら、周りに伝わることと自分に合うことをどう大事にしたい？,,,自己紹介の項目数一般から、性の自己認識の言葉に求める伝わりやすさと本人の納得の関係へ。,,,,最終確認待ち
exp26-care-0266,ジェンダー・性・アイデンティティ,1,1,,identity_visibility_and_privacy,性別を感じさせない呼び方には、気楽さとよそよそしさのどちらを感じる？,,,中立な呼称の感じ方。,,,,最終確認待ち
exp26-care-0267,ジェンダー・性・アイデンティティ,1,1,,identity_visibility_and_privacy,昔の写真に写る服装や髪型の性別の印象は、今の自分の感覚に近い？,,,服の趣味の変化一般から、過去の性別表現と今の自己感覚の距離を聞く。,,,,最終確認待ち
exp26-care-0268,ジェンダー・性・アイデンティティ,1,1,,identity_visibility_and_privacy,「男らしくない」「女らしくない」と言われたら、自分はどんな感じがしそう？,,,自分らしさ一般から、性別の期待に沿わないと表される言葉を自分がどう受け取るかへ。,,,,最終確認待ち
exp26-care-0269,ジェンダー・性・アイデンティティ,2,2,,choosing_identity_language,自分に合う性別の説明を探している人が、まだ名前を付けないでおきたいと言う。どんな距離で聞きたい？,,,分類しない自己認識への関わり。,,,,最終確認待ち
exp26-care-0270,ジェンダー・性・アイデンティティ,2,2,,choosing_identity_language,人から見られる性別と自分の感じ方が違う時、全員に説明する必要があると思う？,,,日常の自己説明の範囲。,,,,最終確認待ち
exp26-care-0271,ジェンダー・性・アイデンティティ,2,2,,choosing_identity_language,性別について自分の説明が変わった時、前の説明を訂正と呼びたい？変化と呼びたい？,,,自己理解の時間の受け止め。,,,,最終確認待ち
exp26-care-0272,ジェンダー・性・アイデンティティ,2,2,,choosing_identity_language,親しい相手から性のあり方を表す言葉を教えられたら、意味を調べたい？本人の感じ方を先に聞きたい？,,,知識と本人の語りの順序。,,,,最終確認待ち
exp26-care-0273,ジェンダー・性・アイデンティティ,2,2,,choosing_identity_language,同性の相手との交際を「普通の恋愛と同じ」と説明すると、何が伝わり、何が話しにくくなると思う？,,,自己を普通と呼ぶ一般論から、同性の相手との交際を周りへ伝える時、共通性を示す言葉が何を伝え何を見えにくくするかへ。,,,,最終確認待ち
exp26-care-0274,ジェンダー・性・アイデンティティ,2,2,,choosing_identity_language,自分の性別を一言で答えたくない時、どんな紹介なら話しやすい？,,,答えない自己紹介の入口。,,,,最終確認待ち
exp26-care-0275,ジェンダー・性・アイデンティティ,2,2,,choosing_identity_language,自分だけ恋愛感情を持たないのだと思っていた人が、それを表す言葉に出会ってほっとした。何が変わったのだと思う？,,,自己認識の言葉一般から、恋愛感情を持たない自分を一人だけの例外と思っていた人が言葉を得る意味へ。,,,,最終確認待ち
exp26-care-0276,ジェンダー・性・アイデンティティ,2,2,,expression_and_recognition,友人が新しい名前を使い始めたら、理由も知りたい？まずその名前で呼びたい？,,,選ぶ名前への関わりの順序。,,,,最終確認待ち
exp26-care-0277,ジェンダー・性・アイデンティティ,2,2,,expression_and_recognition,性別の印象と違う服を褒める時、意外だという言葉を添えることをどう感じる？,,,褒め方と期待の可視化。,,,,最終確認待ち
exp26-care-0278,ジェンダー・性・アイデンティティ,2,2,,expression_and_recognition,性別についての自分の感覚に近づくため、声の響きを変えたい人へ「今のままでいい」と伝える。励ましは、その人の変えたい気持ちにどう届くと思う？,,,好みの声への変化一般から、性別の自己感覚へ近づく望みと、現在のままを認める励ましがずれる意味へ。,,,,最終確認待ち
exp26-care-0279,ジェンダー・性・アイデンティティ,2,2,,expression_and_recognition,友人から性別を感じるあだ名を付けられたら、親しさと呼ばれ方の希望をどう伝えたい？,,,親密な呼称と自己像。,,,,最終確認待ち
exp26-care-0280,ジェンダー・性・アイデンティティ,2,2,,expression_and_recognition,服装の変化を周囲が性のあり方の変化と受け取ったら、どこまで説明したい？,,,表現からの推測への境界。,,,,最終確認待ち
exp26-care-0281,ジェンダー・性・アイデンティティ,2,2,,expression_and_recognition,性別を問わない役名で呼ばれることは、尊重と個性が消える感じのどちらに近い？,,,中立な表現の意味。,,,,最終確認待ち
exp26-care-0282,ジェンダー・性・アイデンティティ,2,2,,expression_and_recognition,写真では、自分が伝えたい性別の印象と違って見える。思い出の一枚を残すなら、当日の姿をそのまま残したい？自分の感覚に近く整えたい？,,,写真と身体の実感一般から、思い出を当日の姿として残す意味と、自分の性別表現に近い姿で残す意味を比べる。,,,,最終確認待ち
exp26-care-0283,ジェンダー・性・アイデンティティ,2,2,,intimacy_without_fixed_roles,性的な関わりを望まない人が、深い親密さは望むと言う。あなたはその関係をどうイメージする？,,,性と親密さを分ける入口。,,,,最終確認待ち
exp26-care-0284,ジェンダー・性・アイデンティティ,2,2,,intimacy_without_fixed_roles,恋愛感情を持つか分からないまま、特定の人と長く過ごしたいと感じることをどう思う？,,,関係を名付けない望み。,,,,最終確認待ち
exp26-care-0285,ジェンダー・性・アイデンティティ,2,2,,intimacy_without_fixed_roles,親しい人に触れられてうれしい日とそうでない日があるなら、どんな伝え方が気楽？,,,親密さの身体感覚の変動。,,,,最終確認待ち
exp26-care-0286,ジェンダー・性・アイデンティティ,2,2,,intimacy_without_fixed_roles,恋愛の話に加わらない人に、興味がないのか聞くことをどう感じる？,,,性や恋愛への関心の私的範囲。,,,,最終確認待ち
exp26-care-0287,ジェンダー・性・アイデンティティ,2,2,,intimacy_without_fixed_roles,交際の始まりに、誘う側や頼る側を性別で決めたいと言われた。自分が望む役割との違いを、二人でどう話したい？,,,恋人らしい振る舞い一般から、交際で性別に応じて分けたい役と、自分が望む役をどう話すかへ。,,,,最終確認待ち
exp26-care-0288,ジェンダー・性・アイデンティティ,2,2,,intimacy_without_fixed_roles,人を好きになる時、相手の性別を先に意識する？関わってから意識する？,,,惹かれ方の順序の違い。,,,,最終確認待ち
exp26-care-0289,ジェンダー・性・アイデンティティ,2,2,,intimacy_without_fixed_roles,恋愛感情はないが、互いを特別な相手と思っている二人がいる。恋人と呼ばずにその近さを伝えることへ、どんな安心や不安を感じる？,,,恋人と名付けない関係一般から、恋愛感情を前提としない特別な親密さを周りへ伝える呼び名の意味へ。,,,,最終確認待ち
exp26-care-0290,ジェンダー・性・アイデンティティ,2,2,,expectations_in_daily_life,「男らしい」「女らしい」と褒められる時、意図と受け止め方が違うことはあると思う？,,,性別の褒め言葉の入口。,,,,最終確認待ち
exp26-care-0291,ジェンダー・性・アイデンティティ,2,2,,expectations_in_daily_life,性別を理由に似合う役を薦められた時、自分も好きな役なら気にならない？,,,望みと期待が重なる時の感覚。,,,,最終確認待ち
exp26-care-0292,ジェンダー・性・アイデンティティ,2,2,,expectations_in_daily_life,弱音を話す集まりで性別が一人だけ違う時、何があれば話しやすい？,,,少数である場の安心。,,,,最終確認待ち
exp26-care-0293,ジェンダー・性・アイデンティティ,2,2,,expectations_in_daily_life,結婚の話で自分が望む役割を、性別に合わないと言われたら何を説明したい？,,,役割の本人の意味。,,,,最終確認待ち
exp26-care-0294,ジェンダー・性・アイデンティティ,2,2,,expectations_in_daily_life,性別に合う趣味だと言われてうれしい人と嫌な人は、何が違うのだと思う？,,,同じ期待の異なる受け方。,,,,最終確認待ち
exp26-care-0295,ジェンダー・性・アイデンティティ,2,2,,expectations_in_daily_life,身体が変わって自分に近づいたと感じるのに、「男らしい」「女らしい」と褒められると違うと感じる。その二つの気持ちを、人にどこまで説明したい？,,,身体の変化の説明一般から、変化を喜ぶ自分の感覚と、性別の印象で褒められる違和感が同時にある時に説明する範囲へ。,,,,最終確認待ち
exp26-care-0296,ジェンダー・性・アイデンティティ,2,2,,expectations_in_daily_life,初対面で性別を間違えて呼ばれたら、その場で直したい？親しくなってから話したい？,,,訂正する時期の選択。,,,,最終確認待ち
exp26-care-0297,ジェンダー・性・アイデンティティ,2,2,,identity_shared_spaces,性別ごとに分かれた雑談の輪がある集まりでは、どんな入りにくさがあると思う？,,,日常の所属の違い。,,,,最終確認待ち
exp26-care-0298,ジェンダー・性・アイデンティティ,2,2,,identity_shared_spaces,自分と同じ性のあり方の人が集まる場は、安心と期待に合わせる重さのどちらを感じそう？,,,当事者の場の多様さ。,,,,最終確認待ち
exp26-care-0299,ジェンダー・性・アイデンティティ,2,2,,identity_shared_spaces,性のあり方について話す友人が冗談も言う時、周囲は同じ調子で話してよいと思う？,,,自分の語りと他者の語りの境界。,,,,最終確認待ち
exp26-care-0300,ジェンダー・性・アイデンティティ,2,2,,identity_shared_spaces,性別を記入しなくてよい名札は、あなたに何を話しやすくすると思う？,,,自己紹介の情報の自由。,,,,最終確認待ち
exp26-care-0301,ジェンダー・性・アイデンティティ,2,2,,identity_shared_spaces,自分の性のあり方を身近な人に話すなら、質問されたい？まず聞くだけでいてほしい？,,,開示時に望む会話の形。,,,,最終確認待ち
exp26-care-0302,ジェンダー・性・アイデンティティ,2,2,,identity_shared_spaces,性別についての自分の感覚に合う新しい名前を、ある集まりでだけ試したい人がいる。場ごとに名前が違うことに、どんな自由や負担があると思う？,,,一つの場だけ呼び名を変える一般論から、性別の自己感覚に合う名前を限られた場で試す自由と負担へ。,,,,最終確認待ち
exp26-care-0303,ジェンダー・性・アイデンティティ,2,2,,identity_shared_spaces,性のあり方の説明が今の自分に合わなくなった時、気持ちが定まる前に周りへ話すことと、言葉が見つかるまで待つことをどう考える？,,,自己紹介の更新一般から、以前の性の説明が合わない時、まだ名付けきれない変化を周りへ話す時期へ。,,,,最終確認待ち
exp26-care-0304,ジェンダー・性・アイデンティティ,3,2,decision_maker,identity_in_institutions,性別の記入が必要ないサービスでも慣例で欄があるなら、残す理由を何で判断したい？,仮の場面です。連絡や提供内容に性別が関わらない仮のサービスです。統計の目的は別に確認できます。,,記入の目的から区分を聞く。,,,,最終確認待ち
exp26-care-0305,ジェンダー・性・アイデンティティ,3,2,actor,identity_in_institutions,相談窓口で本人が使う名前と登録名が違う時、日常の呼び方はどちらを優先したい？,仮の場面です。正式な確認の手続と、人を呼ぶ行為を分けられる設定です。,,記録と本人の呼称の違い。,,,,最終確認待ち
exp26-care-0306,ジェンダー・性・アイデンティティ,3,3,decision_maker,identity_in_institutions,性のあり方を本人が説明し直した時、支援記録は以前の表現をどう残すべきだと思う？,仮の場面です。経過を知る必要と、過去の説明を固定しない望みが並ぶ場面です。,privacy_and_surveillance,自己認識の更新を扱う記録。,,,,最終確認待ち
exp26-care-0307,ジェンダー・性・アイデンティティ,3,2,decision_maker,identity_in_institutions,当事者の交流会を初めて利用する人に、性のあり方を証明する説明はどこまで求めたい？,仮の場面です。安全な運営を考えつつ、まだ自分を名付けられない人もいる設定です。,,当事者の場の参加の条件。,,,,最終確認待ち
exp26-care-0308,ジェンダー・性・アイデンティティ,3,2,actor,identity_in_institutions,性別の呼称を統一する団体で、本人が昔からの呼称を望む時はどう扱いたい？,仮の場面です。中立な表現を標準にすることと本人の希望がずれる仮定です。,,中立性と個別の自己表現。,,,,最終確認待ち
exp26-care-0309,ジェンダー・性・アイデンティティ,3,2,observer,representation_and_voice,性のあり方について一人の当事者へ代表の発言を求める時、どんな範囲を代表できると思う？,仮の場面です。同じ分類でも生活や望みが同じとは限らない設定です。,,属性内の違いと代表の範囲。,,,,最終確認待ち
exp26-care-0310,ジェンダー・性・アイデンティティ,3,2,decision_maker,representation_and_voice,啓発の教材で性のあり方の名前を増やすことと、名前に当てはまらない例を入れることをどう考える？,仮の場面です。分類の知識と個人の多様さを両方伝える架空の教材です。,,名づけの知識と未分類の理解。,,,,最終確認待ち
exp26-care-0311,ジェンダー・性・アイデンティティ,3,2,actor,representation_and_voice,当事者の活動で肯定的な経験を中心に伝える時、迷いを持つ人の声をどこへ置きたい？,仮の場面です。権利への支持と個人の感情の明るさを同一にしない設定です。,,活動の語りに残す迷い。,,,,最終確認待ち
exp26-care-0312,ジェンダー・性・アイデンティティ,3,2,actor,representation_and_voice,性のあり方を説明する報道で、本人の言葉に一般的な名称を付け加えてよいと思う？,仮の場面です。本人の表現が分類名と完全に一致しない場面です。,,自己表現を分類する編集。,,,,最終確認待ち
exp26-care-0313,ジェンダー・性・アイデンティティ,3,2,observer,representation_and_voice,性別役割から自由になる活動は、役割を自分で好んで選ぶ人へどんな言葉を使うべき？,仮の場面です。慣習的な役割を全て強制とみなさない設定です。,,自由と自発的な役割の選択。,,,,最終確認待ち
exp26-care-0314,ジェンダー・性・アイデンティティ,3,2,actor,gender_body_and_intimacy_contexts,身体についての相談で、本人が身体の名称を別の言葉で表す時、支援者はどう聞きたい？,仮の場面です。確認が必要な内容と本人が話せる表現を分ける仮定です。医学上の対応を決める問いではありません。,,身体を話す言葉の尊重。,,,,最終確認待ち
exp26-care-0315,ジェンダー・性・アイデンティティ,3,2,decision_maker,gender_body_and_intimacy_contexts,恋愛や性的な関わりを望まない人の相談は、関係を作る支援とどんな違いが必要だと思う？,仮の場面です。本人が関心のなさで困っているとは限らない設定です。,,望まない関係を前提にしない支援。,,,,最終確認待ち
exp26-care-0316,ジェンダー・性・アイデンティティ,3,2,decision_maker,gender_body_and_intimacy_contexts,性のあり方の相談会で家族も参加できる回を作る時、本人だけの相談の場はどう残したい？,仮の場面です。家族の理解を助ける目的と本人の語る自由を分ける設計です。,,当事者と家族の別の相談。,,,,最終確認待ち
exp26-care-0317,ジェンダー・性・アイデンティティ,3,2,observer,gender_body_and_intimacy_contexts,身体の見え方を変える選択について、家族へ説明する責任をどこまで本人に求めたい？,仮の場面です。緊急の医療判断ではなく、成人の表現の選択を想定します。,,身体の自己決定と家族の理解。,,,,最終確認待ち
exp26-care-0318,ジェンダー・性・アイデンティティ,3,2,actor,gender_body_and_intimacy_contexts,「性別を意識しない」運営方針でも性別の期待が残る時、運営者は何を確かめるべき？,仮の場面です。名称を中立に変えることだけで実際の経験が同じになるとは固定しません。,,中立な方針の体験を聞く。,,,,最終確認待ち
exp26-care-0319,ジェンダー・性・アイデンティティ,4,3,affected,naming_identity_and_uncertainty,あなたは自分の性のあり方に合う言葉を見つけたが、今後も同じと約束できない。大切な人にどんな確かさで伝えたい？,仮の場面です。現在の実感と未来の変化を分ける場面です。名づけを永久の約束にしません。,,今の自己認識の語り。,,,,最終確認待ち
exp26-care-0320,ジェンダー・性・アイデンティティ,4,3,affected,naming_identity_and_uncertainty,自分を説明する言葉がなくても困らないあなたに、周囲は名前を付ければ理解できると言う。何を分かってほしい？,仮の場面です。分類に入ることと個人を理解されることが別の設定です。,,名づけられない自己の尊重。,,,,最終確認待ち
exp26-care-0321,ジェンダー・性・アイデンティティ,4,3,actor,naming_identity_and_uncertainty,あなたは自分の性別を説明した後、やはり前の言葉が合うと感じた。訂正することで軽く見られそうな時、何を伝えたい？,仮の場面です。変化を誤りや不誠実さと決めない場面です。,,自己理解を変える責任感。,,,,最終確認待ち
exp26-care-0322,ジェンダー・性・アイデンティティ,4,3,decision_maker,naming_identity_and_uncertainty,性のあり方の共通の呼び名を掲げた活動で、孤立から抜け出せたあなたは、団体の紹介文を任された。仲間はその呼び名には当てはまらず、自分の紹介には使わないでほしいと言う。自分の居場所を作った看板をどう扱いたい？,仮の場面です。団体の共通の言葉は、自分が仲間を見つけ活動を続ける支えでした。一方、紹介される人は所属の意味を感じながらも、同じ呼び名では自分を表せないと考えています。団体の看板と一人の自己説明の範囲を決める役を担います。,,0312の本人の言葉へ一般名を付ける編集から分け、自分を支えた共同体の看板を一人の紹介にも適用するかという意味と責任へ。,,,,最終確認待ち
exp26-care-0323,ジェンダー・性・アイデンティティ,4,3,decision_maker,naming_identity_and_uncertainty,あなたは自分に合う言葉を見つけた集まりを大切にし、今は運営している。新しい人が分類を選ばずにいたい時、名づけが支えだった自分の経験をどう扱う？,仮の場面です。主催者の大切な経験と、新しい人の自己理解が同じとは限らない設定です。,,自分を支えた名づけと他人の未確定。,,,,最終確認待ち
exp26-care-0324,ジェンダー・性・アイデンティティ,4,3,affected,names_and_continuity,あなたは今の自分に合う名前を使いたいが、家族は名付けた思いを大切にしている。呼ばれる名前に何を守りたい？,仮の場面です。登録名の変更ではなく、日常の呼び方を考える設定です。,,名前の本人と家族の意味。,,,,最終確認待ち
exp26-care-0325,ジェンダー・性・アイデンティティ,4,3,affected,names_and_continuity,新しい名前で暮らすあなたに、昔の友人が昔の名前を懐かしそうに使う。過去とのつながりをどう残したい？,仮の場面です。悪意はなく、懐かしさと今の呼称の希望が並ぶ場面です。,,名前と自己の連続性。,,,,最終確認待ち
exp26-care-0326,ジェンダー・性・アイデンティティ,4,3,actor,names_and_continuity,長い友情を人に読んでもらう回想として書くあなたは、相手の昔の名前を自分の人生の記録にも残したい。相手は性の自己理解に合う新しい名前で暮らし、昔の名を残さないでほしいと言う。自分の人生の語りと相手の知られ方を、どう選んで残したい？,仮の回想の公開相談です。日常の呼び方ではなく、自分が後の人にも読んでもらう人生の記録を決める場面です。昔の名前には自分が覚える関係の意味があり、相手には今の名前で知られることと過去の名前を残さないことの意味があります。名前の書き方や公開の範囲を変える余地も含め、二人にまたがる記憶を考えます。法的な権利を一律に決める問いではありません。,privacy_and_surveillance,0325の現在の呼び名と友情の連続性から、自分の回想を残す権限と相手の旧名を公開しない希望の境界へ。,,,,最終確認待ち
exp26-care-0327,ジェンダー・性・アイデンティティ,4,3,decision_maker,names_and_continuity,あなたは離れた家族のつながりを残す記録を作る。昔の名前に大切な思い出があるが、本人は今の名前だけで残してほしい。何を家族の歴史として残す？,仮の場面です。共同の記憶への愛着と、本人が現在の自分として記される望みが並びます。,privacy_and_surveillance,家族の記憶と本人の名前の歴史。,,,,最終確認待ち
exp26-care-0328,ジェンダー・性・アイデンティティ,4,3,decision_maker,names_and_continuity,あなたは昔の仲間との再会をまとめる。新しい名前の参加者は昔の仲間には覚えていてほしいが、今の呼ばれ方も守りたい。どんな再会を本人と作りたい？,仮の場面です。昔からのつながりと、現在の自己像が共に大切な設定です。,privacy_and_surveillance,再会でつなぐ過去と今の本人。,,,,最終確認待ち
exp26-care-0329,ジェンダー・性・アイデンティティ,4,3,affected,appearance_and_self_recognition,あなたは落ち着く服を選ぶと、周囲から性別が変わったのか聞かれる。服の意味を説明し続けることをどう感じる？,仮の場面です。表現と性自認が必ず連動するとは置いていません。,,外見を説明する負担。,,,,最終確認待ち
exp26-care-0330,ジェンダー・性・アイデンティティ,4,3,affected,appearance_and_self_recognition,外見を変えたあなたは自分に近づいたと感じるが、親しい人は別人みたいと言う。何が変わり、何が続くと思う？,仮の場面です。外の印象と内側の連続性が違う設定です。,,身体表現と自分の継続。,,,,最終確認待ち
exp26-care-0331,ジェンダー・性・アイデンティティ,4,3,actor,appearance_and_self_recognition,あなたは性別の期待を超える表現に勇気をもらい、同じ思いを発信してきた。紹介した人は、自分の服は勇気の象徴ではなく日常だと言う。自分を支えた物語をどう見直したい？,仮の場面です。自分は他者の性別表現に励まされ、その紹介を通じて同じように励まされる人とつながってきました。紹介された本人には、普段の服装を変革の象徴として背負わず暮らしたい意味があります。過去に受け取った勇気を誤りと決めず、今の発信の責任も考えます。,,服装の褒め方を直す日常課題から、自分を支え発信してきた物語と、紹介された本人の日常を扱う責任へ。,,,,最終確認待ち
exp26-care-0332,ジェンダー・性・アイデンティティ,4,3,decision_maker,appearance_and_self_recognition,あなたは性別にかかわらず表現できる舞台を作ってきた。参加者は選べる自由に賛成するが、選ぶと性のあり方を知られそうで怖いと言う。自分の企画をどう変える？,仮の場面です。自由を示す企画の目的と、本人が公開せず暮らす望みがずれる設定です。,privacy_and_surveillance,表現の自由を作る人の役目。,,,,最終確認待ち
exp26-care-0333,ジェンダー・性・アイデンティティ,4,3,decision_maker,appearance_and_self_recognition,写真展に出す自分の写真をあなたが選ぶ。昔の性別表現の姿も自分の歴史として残したい？今の姿に絞りたい？,仮の場面です。過去を消すことも全て見せることも義務にしない設定です。,privacy_and_surveillance,自己の身体史の見せ方。,,,,最終確認待ち
exp26-care-0334,ジェンダー・性・アイデンティティ,4,3,affected,body_and_private_language,あなたは自分の身体の一部を一般的な呼び名で話すと落ち着かない。親しい相手にはどんな言葉で知ってほしい？,仮の場面です。身体の特徴を告白する必要はありません。話せる表現の希望を考えます。,,身体を語る本人の言葉。,,,,最終確認待ち
exp26-care-0335,ジェンダー・性・アイデンティティ,4,3,affected,body_and_private_language,年齢とともに身体が変わり、以前の性別らしさが遠くなったと感じるあなたは、何を自分らしさとして残したい？,仮の場面です。身体の変化から価値の減少を決めず、自己像を扱います。,,加齢と性別の自己像。,,,,最終確認待ち
exp26-care-0336,ジェンダー・性・アイデンティティ,4,3,actor,body_and_private_language,あなたの親しい人は身体の変化を喜ぶが、あなたは以前の姿に愛着がある。本人への思いをどう伝えたい？,仮の場面です。自分の好みと相手が望む表現を別々に扱える設定です。,,他者の身体変化との関係。,,,,最終確認待ち
exp26-care-0337,ジェンダー・性・アイデンティティ,4,3,decision_maker,body_and_private_language,あなたは身体を一般的な名称で話すことで仲間に理解されてきた。今は集まりを進める役だが、別の名称でしか話せない人がいる。何を共有する場にしたい？,仮の場面です。主催者自身を支えた方法と、他の人が話せる表現が異なる設定です。,,身体の言葉の自分の経験と他者。,,,,最終確認待ち
exp26-care-0338,ジェンダー・性・アイデンティティ,4,3,decision_maker,body_and_private_language,あなたは長く使っていた身体の説明を更新したい。以前の記録を自分の一部として持つか、何を基準に決める？,仮の場面です。他者への公開とは別に、自分が過去を見る距離を考えます。,,身体の記録への本人の裁量。,,,,最終確認待ち
exp26-care-0339,ジェンダー・性・アイデンティティ,4,3,affected,sharing_identity_selectively,あなたは友人には性のあり方を話したが、家族には今は話したくない。一貫した自分でいることをどう考える？,仮の場面です。相手や場所で話す範囲が違っても、偽りとは決めない場面です。,,選択的な開示と自己像。,,,,最終確認待ち
exp26-care-0340,ジェンダー・性・アイデンティティ,4,3,affected,sharing_identity_selectively,自分の性のあり方を話した相手が「前と同じ」と言って話を終えた。安心ともっと知ってほしい気持ちをどう感じる？,仮の場面です。変わらない態度が必ず十分な理解とは限らない設定です。,,受容と知ってもらう望み。,,,,最終確認待ち
exp26-care-0341,ジェンダー・性・アイデンティティ,4,3,actor,sharing_identity_selectively,大切な友人が性のあり方を語った時、あなたは「何も変えず、ずっと同じ友人でいる」と約束した。友人は、これまでの恋愛の話し方も変えてほしいと言う。変わらないことが受容だと信じてきた自分の約束を、どう守り直したい？,仮の場面です。自分は以前と同じ関係を保つことで友人を安心させたいと考えています。相手は大切な自己理解を知った後も同じ話題や接し方が続くと、変化を聞いてもらえていないと感じています。二人が友情に期待する連続性と変化を考えます。,,開示後の関わり方の確認から、変わらない友情を自分の受容の証しとして約束した本人が、約束の意味を改める問いへ。,,,,最終確認待ち
exp26-care-0342,ジェンダー・性・アイデンティティ,4,3,decision_maker,sharing_identity_selectively,あなたが集まりを企画する。性のあり方を話したい人がいるが、招待先には知られたくない人も含まれる。何を確認する？,仮の場面です。開示の範囲を主催者の善意で広げない設定です。,privacy_and_surveillance,開示の場を作る責任。,,,,最終確認待ち
exp26-care-0343,ジェンダー・性・アイデンティティ,4,3,decision_maker,sharing_identity_selectively,あなたは自分の経験を文章にする。性のあり方を一緒に語る相手が、自分は公表しないと言ったら何を残す？,仮の場面です。自分の経験にも他人の情報が含まれる場面です。,privacy_and_surveillance,共同の性の経験を語る範囲。,,,,最終確認待ち
exp26-care-0344,ジェンダー・性・アイデンティティ,4,3,affected,intimate_relationships_beyond_labels,あなたは恋愛感情か分からなくても一人と暮らしたい。相手は恋人だとはっきりさせたい時、何を約束したい？,仮の場面です。関係の名称と共に過ごす望みを分ける設定です。,,恋愛と親密さの自己理解。,,,,最終確認待ち
exp26-care-0345,ジェンダー・性・アイデンティティ,4,3,affected,intimate_relationships_beyond_labels,あなたは性的な関わりを望まないが、深い触れ合いはほしい。相手にどんな違いを知ってほしい？,仮の場面です。具体的な経験の告白を求めず、望む親密さの範囲を考えます。,,性と身体の親密さの違い。,,,,最終確認待ち
exp26-care-0346,ジェンダー・性・アイデンティティ,4,3,actor,intimate_relationships_beyond_labels,あなたは親しい相手が恋愛を望まないと知った。自分の望みを変えずに、関係を続ける意味をどう考える？,仮の場面です。相手の性のあり方を変えることは前提にしません。,,異なる親密さへの望み。,,,,最終確認待ち
exp26-care-0347,ジェンダー・性・アイデンティティ,4,3,decision_maker,intimate_relationships_beyond_labels,恋愛関係と呼ばずに長く支え合った二人の暮らしを、あなたは記念に残したい。相手は記念を決めると関係の形まで固定される気がすると言う。二人で祝うとしたら、自分の人生のどんな時間を認めてほしい？,仮の場面です。恋人という名前を使わず積み重ねた共同生活が、自分には人生の大きな支えです。相手も関係を大切にしながら、記念の形が今後の関係を決めることを気にしています。日付の選択より、共有した年月にどんな意味を与えるかを考えます。,,二人の記念日の段取りから、恋愛と呼ばない人生の支えを認めてもらう意味と、関係を固定しない相手の望みへ。,,,,最終確認待ち
exp26-care-0348,ジェンダー・性・アイデンティティ,4,3,decision_maker,intimate_relationships_beyond_labels,あなたは性的な触れ合いを望まない相手と、互いを生涯の生活の中心にすると約束して暮らしてきた。自分には性的なつながりも必要だと気づいた今、相手のあり方を変えずに二人の約束をどう選び直したい？,仮の場面です。共同生活を決めた時とは、自分が親密さに求めるものが変わりました。相手は性的な触れ合いを望んでおらず、誰かがその望みを変えることを解決の前提にしません。一緒に暮らす意味、既にした約束、自分の必要を同時に考えます。,,分類名から日々の望みを聞く方法ではなく、共同生活を約束した後に自分の性的な望みが変わり、約束の範囲を選び直す判断へ。,,,,最終確認待ち
exp26-care-0349,ジェンダー・性・アイデンティティ,4,3,affected,changing_attraction_and_self,あなたは以前と違う性別の人に惹かれ、自分の説明が揺らいだ。今の気持ちをどう理解したい？,仮の場面です。一度の惹かれ方で新しい分類が確定するとは決めません。,,惹かれ方と自己像の変化。,,,,最終確認待ち
exp26-care-0350,ジェンダー・性・アイデンティティ,4,3,affected,changing_attraction_and_self,あなたは誰かを好きにならない自分を受け入れてきたが、初めて強く惹かれた。過去の自分をどう受け止める？,仮の場面です。昔の自己理解を誤りとしない場面です。,,関心が変わる自己の連続性。,,,,最終確認待ち
exp26-care-0351,ジェンダー・性・アイデンティティ,4,3,actor,changing_attraction_and_self,親しい相手の性別表現が変わり、あなたは惹かれ方も変わった。相手を尊重することと自分の気持ちをどう並べたい？,仮の場面です。受容と性的な魅力が同じとは限らない設定です。,,尊重と惹かれる感覚の違い。,,,,最終確認待ち
exp26-care-0352,ジェンダー・性・アイデンティティ,4,3,decision_maker,changing_attraction_and_self,あなたは自分の過去の恋愛を語る。今と違う性のあり方の言葉で説明した時間を、どう書きたい？,仮の場面です。現在の分類で過去を全て置き換える必要はありません。,,恋愛史の言葉を選ぶ責任。,,,,最終確認待ち
exp26-care-0353,ジェンダー・性・アイデンティティ,4,3,decision_maker,changing_attraction_and_self,あなたは同じ性のあり方の仲間と活動するが、自分の惹かれ方が変わった。所属を続ける基準を何に置きたい？,仮の場面です。共通の分類と関係の継続が別である設定です。,,自己変化と共同体への所属。,,,,最終確認待ち
exp26-care-0354,ジェンダー・性・アイデンティティ,4,3,affected,gender_roles_chosen_and_assigned,あなたは昔からの性別役割を自分で好んで選ぶ。周囲が自由になれていないと言う時、何を説明したい？,仮の場面です。慣習的な選択が常に強制とは限らない場面です。,,選んだ役割の本人の意味。,,,,最終確認待ち
exp26-care-0355,ジェンダー・性・アイデンティティ,4,3,affected,gender_roles_chosen_and_assigned,あなたは性別に期待される強さを手放したいが、その強さを支えにしてきた面もある。何を残したい？,仮の場面です。役割には負担と安心の両方がありうる設定です。,,期待から離れる複雑さ。,,,,最終確認待ち
exp26-care-0356,ジェンダー・性・アイデンティティ,4,3,actor,gender_roles_chosen_and_assigned,あなたは性別役割に合わせる言葉で人を励ましてきた。相手が重いと言った時、励ましの何を変えたい？,仮の場面です。善意と届き方の違いを残す設定です。,,性別を励ましに使う境界。,,,,最終確認待ち
exp26-care-0357,ジェンダー・性・アイデンティティ,4,3,decision_maker,gender_roles_chosen_and_assigned,共同生活の役割をあなたが決める。性別による希望が合っていても、後で変えられるよう何を話したい？,仮の場面です。今の一致を永久の役割にしない場面です。,,自発的な役割を更新する責任。,,,,最終確認待ち
exp26-care-0358,ジェンダー・性・アイデンティティ,4,3,decision_maker,gender_roles_chosen_and_assigned,あなたは性別で役を決めない活動を続け、仲間の紹介文を任された。本人は性別に結び付く役割を自分で選んだことを誇りとして出したいと言う。自分の活動で変えたかったものと、本人が選んだ生き方をどう書き分けたい？,仮の場面です。自分は性別で人生の役割を割り当てられないことを大切にして活動してきました。紹介される人は、同じ役を期待されることと、自分で選んでその役を担うことを区別しています。紹介を決める立場から、自分の活動の意味と相手の自己説明を考えます。,,紹介時に個人の特徴を伝える一般論から、自分の長い活動の目的が、仲間の自発的な選択にも及ぶかを見直す責任へ。,,,,最終確認待ち
exp26-care-0359,ジェンダー・性・アイデンティティ,4,3,affected,gendered_praise_and_discomfort,あなたは性別らしいと褒められ、うれしいのに少し窮屈でもある。褒められた何を受け取りたい？,仮の場面です。肯定と期待の重さが同時にある場面です。,,性別の称賛の両面。,,,self-008,最終確認待ち
exp26-care-0360,ジェンダー・性・アイデンティティ,4,3,affected,gendered_praise_and_discomfort,あなたが性別を意識せず達成したことを、同じ性別の誇りとして紹介される。何を自分の成果と感じる？,仮の場面です。集団の励みと個人の努力の意味が並ぶ設定です。,,属性に代表される成果。,,,,最終確認待ち
exp26-care-0361,ジェンダー・性・アイデンティティ,4,3,actor,gendered_praise_and_discomfort,あなたは人の成功を性別の壁を越えたと紹介したい。本人が性別の話はしないでと言ったら何を伝える？,仮の場面です。成果を社会へ伝える目的と本人の自己紹介を分けます。,,他者の成果の性別化。,,,,最終確認待ち
exp26-care-0362,ジェンダー・性・アイデンティティ,4,3,decision_maker,gendered_praise_and_discomfort,性別に沿った褒め言葉で認められたことが自分の支えだったあなたは、表彰でも同じ言葉を使いたい。受賞者も喜ぶが、別の参加者は同じ姿を求められるようでつらいと言う。自分を支えた承認を、公の場ではどんな基準として語りたい？,仮の場面です。表彰の言葉を決める自分と受賞者には、その褒め言葉で認められる喜びがあります。一方、聞く人には自分にも期待される姿を示されたと感じる人がいます。私的な承認と、場の評価の基準を示す責任が完全に同じかを考えます。,,称賛の聴衆への影響という役割判断から、自分を支えた承認を公の基準へ広げる際の意味と責任へ。,,,,最終確認待ち
exp26-care-0363,ジェンダー・性・アイデンティティ,4,3,affected,gendered_praise_and_discomfort,性別のイメージを変える写真企画にあなたが参加する。自分の普通の姿が挑戦的と評価される時、何を見てほしい？,仮の場面です。本人の日常と企画の象徴的な意味がずれる設定です。,,日常を象徴にされる感覚。,,,,最終確認待ち
exp26-care-0364,ジェンダー・性・アイデンティティ,4,3,affected,belonging_among_similar_people,あなたは同じ性のあり方の人が集まる場で安心するが、似た経験がないと話しにくい。どんな違いを置いておきたい？,仮の場面です。共通点が全ての経験の一致とはならない設定です。,,当事者の中の違いの居場所。,,,,最終確認待ち
exp26-care-0365,ジェンダー・性・アイデンティティ,4,3,affected,belonging_among_similar_people,自分の性のあり方を長く支えた仲間と、今は考えが合わないあなたは、何をつながりとして残したい？,仮の場面です。共有した自己理解と現在の価値観を分ける場面です。,,同じ属性の関係の変化。,,,,最終確認待ち
exp26-care-0366,ジェンダー・性・アイデンティティ,4,3,actor,belonging_among_similar_people,自分の性のあり方を受け入れる助けになった経験を、あなたは新しい仲間にも勧めてきた。相手はそれで自分を名付けるのが苦しくなったと言う。自分のよかった経験を語り続けるなら、勧めた結果をどう引き受けて話したい？,仮の場面です。自分にとって救いだった経験を、善意から他の人へ渡してきました。相手にはその経験に合う自己説明を探すことが負担になっています。自分の経験の価値が消えるとも、勧めた影響がなくなるとも決めず、これからの語り方を考えます。,,経験者が助言より聞くという一般的な姿勢から、自分に有益だった経験を勧めた行為と、その結果を今の語りへどう残すかへ。,,,,最終確認待ち
exp26-care-0367,ジェンダー・性・アイデンティティ,4,3,decision_maker,belonging_among_similar_people,あなたは自分の性のあり方を支えてくれた会を引き継いだ。仲間は同じ分類の安心を求めるが、分類がまだ分からない人も来たいと言う。何を会のつながりにする？,仮の場面です。既存の仲間の安心と新しい人の居場所が並ぶ設定です。,,当事者の共同体を引き継ぐ責任。,,,,最終確認待ち
exp26-care-0368,ジェンダー・性・アイデンティティ,4,3,affected,belonging_among_similar_people,性のあり方を同じ呼び名で語る仲間に居場所を得たあなたは、集団の要望が「皆が結婚して家族を作りたい」と紹介されるのを見た。自分は結婚を望まない時、その声をどこまで自分の願いとして感じる？,仮の活動です。同じ性のあり方を表す言葉でつながる仲間が、自分には孤立から抜け出す居場所でした。集団の公の要望には自分が望まない結婚や家族形成も含まれています。他の仲間の願いを否定せず、その声に自分も代表されることの意味を考えます。,,代表の語りを外から眺める立場ではなく、自分の居場所を作った集団の願いに自分の人生の望みが含まれない当人の感覚へ。,,,,最終確認待ち
exp26-care-0369,ジェンダー・性・アイデンティティ,4,3,affected,advocacy_and_personal_boundaries,自分の性のあり方を話したあなたに、周囲が説明役を求める。知ってほしい気持ちと説明を休む望みをどう考える？,仮の場面です。開示が教育の役目を引き受ける約束とは限らない場面です。,,当事者に集中する説明の負担。,,,,最終確認待ち
exp26-care-0370,ジェンダー・性・アイデンティティ,4,3,affected,advocacy_and_personal_boundaries,あなたは性のあり方を公表すると人の励みになると言われたが、静かに暮らしたい。何を自分の役目と感じる？,仮の場面です。個人の生活と活動への貢献を分ける設定です。,privacy_and_surveillance,公開の意義と私生活の選択。,,,,最終確認待ち
exp26-care-0371,ジェンダー・性・アイデンティティ,4,3,actor,advocacy_and_personal_boundaries,あなたは仲間を励ますため肯定的な経験を発信するが、自分には迷いもある。どこまで語りたい？,仮の場面です。迷いを持つことが権利への反対とはならない設定です。,,活動者の語りと内面。,,,,最終確認待ち
exp26-care-0372,ジェンダー・性・アイデンティティ,4,3,decision_maker,advocacy_and_personal_boundaries,性のあり方を知ってもらうため、あなたは自分の私生活を講座で語ってきた。今は講座を任され、次の登壇者は私生活を話したくないと言う。自分が開示してきた時間の価値と、別の人の貢献をどんな企画として認めたい？,仮の場面です。自分は経験の公開によって理解が進んだ手応えを持ち、その時間に活動の意味を感じています。次の登壇者は個人の生活を説明せずに参加したいと考えています。自分が引き受けた公開の重さを認めることと、後の人にも同じ公開を求めることを分けて考えます。,privacy_and_surveillance,私生活を聞かずに講座を進める方法から、自分が公開してきた活動の価値と、別の貢献の形を企画で認める責任へ。,,,,最終確認待ち
exp26-care-0373,ジェンダー・性・アイデンティティ,4,3,decision_maker,advocacy_and_personal_boundaries,あなたが取材を受ける条件を決める。性のあり方以外の自分も紹介してほしい時、何を中心に据える？,仮の場面です。属性の理解に役立つことと個人全体の紹介が並ぶ場面です。,,自己の紹介の重心。,,,,最終確認待ち
exp26-care-0374,ジェンダー・性・アイデンティティ,4,3,affected,family_recognition_of_identity,あなたの家族は性のあり方を受け入れると言うが、家の外では昔の呼び方を使う。受け入れられたと感じる条件は何？,仮の場面です。言葉による理解と行動の意味が違う設定です。,,受容を感じる具体的な条件。,,,,最終確認待ち
exp26-care-0375,ジェンダー・性・アイデンティティ,4,3,affected,family_recognition_of_identity,自分の性のあり方を話したあなたへ、家族は昔を失ったようで寂しいと言う。その気持ちをどこまで一緒に受け止めたい？,仮の場面です。家族の感情を理解することと本人の変化を止めることを分けます。,,家族の喪失感との距離。,,,,最終確認待ち
exp26-care-0376,ジェンダー・性・アイデンティティ,4,3,actor,family_recognition_of_identity,子の性別に沿った願いを込めて名前を付けたあなたは、成人した子から、その名で呼ばれるたび期待に合わせて生きなければと感じていたと聞く。よい贈り物だと思ってきた親としての年月を、どう受け止めて関わり直したい？,仮の家族の会話です。名付けた親には子の幸せを願った意味があり、子には性別に沿う期待を受けて過ごした重さがありました。名付けが必ず子を縛るという一般的な事実は示しません。同じ年月を異なる意味で経験した二人について、名付けた親の善意と子が生きてきた時間を考えます。,family_conflict,0324の現在の呼ばれ方と親の願いから、性別の願いを名に込めた本人が、子の長年の受け止めを後で知る責任へ。,,,,最終確認待ち
exp26-care-0377,ジェンダー・性・アイデンティティ,4,3,decision_maker,family_recognition_of_identity,家族の集まりをあなたが主催する。一人の性のあり方を説明しないまま新しい呼称を使うなら、何を事前に聞く？,仮の場面です。参加者への便利さより本人の開示の範囲を確認できます。,privacy_and_surveillance,家族の場での呼称の決定。,,,,最終確認待ち
exp26-care-0378,ジェンダー・性・アイデンティティ,4,3,decision_maker,family_recognition_of_identity,あなたは家族の昔の写真を展示する。本人が今の自己像と違う姿は見せたくないと言ったら、家族史をどう残す？,仮の場面です。共同の記憶と個人の見せたい範囲が異なる場面です。,privacy_and_surveillance,家族史と身体表現の私的範囲。,,,,最終確認待ち
exp26-care-0379,ジェンダー・性・アイデンティティ,4,3,affected,intimacy_and_changed_expectations,あなたは性別を意識しない関係が気楽だが、相手は性別に沿った呼ばれ方を親密に感じる。どんな違いを大切にしたい？,仮の場面です。中立な扱いが全ての人に同じ安心を与えるとは置きません。,,親密さの性別表現の違い。,,,,最終確認待ち
exp26-care-0380,ジェンダー・性・アイデンティティ,4,3,affected,intimacy_and_changed_expectations,あなたは性的な魅力より一緒にいる安心を大切にする。相手が魅力も伝えてほしい時、どんな気持ちを言葉にできる？,仮の場面です。安心と性的な感覚を同じ尺度へそろえない設定です。,,親密さを表す価値の違い。,,,,最終確認待ち
exp26-care-0381,ジェンダー・性・アイデンティティ,4,3,actor,intimacy_and_changed_expectations,あなたは親しい人が性のあり方を探る間、関係の見通しが立たず不安だ。自分の不安を何として伝えたい？,仮の場面です。相手の探索を止めることと不安を話すことを分けます。,,自己探索を共にする人の不安。,,,,最終確認待ち
exp26-care-0382,ジェンダー・性・アイデンティティ,4,3,decision_maker,intimacy_and_changed_expectations,あなたが同居の約束を決める。恋愛や性への望みが今後変わる可能性を、何を話す理由にしたい？,仮の場面です。永久の一致ではなく、更新できる約束を考える設定です。,,親密な関係の将来の裁量。,,,,最終確認待ち
exp26-care-0383,ジェンダー・性・アイデンティティ,4,3,actor,intimacy_and_changed_expectations,あなたは二人の関係を家族へ紹介する。相手の性のあり方を説明せず関係の大切さを伝えるなら、何を話したい？,仮の場面です。相手の私的情報と自分の関係の語りを分ける場面です。,privacy_and_surveillance,関係の紹介と属性の開示。,,,,最終確認待ち
exp26-care-0384,ジェンダー・性・アイデンティティ,4,3,affected,past_self_and_future_identity,昔の自分の性別表現を他人が黒歴史と呼んだ。あなたには大切な時期でもある時、どんな言葉で受け止めたい？,仮の場面です。過去の表現の価値を今の見え方だけで決めない設定です。,,過去の自己の尊重。,,,,最終確認待ち
exp26-care-0385,ジェンダー・性・アイデンティティ,4,3,affected,past_self_and_future_identity,あなたは今の性のあり方をずっと保ちたいが、将来変わるかもしれない。変わらないことにどんな安心を感じる？,仮の場面です。未来の変化を望むことも怖いことも認める場面です。,,自己像の安定への望み。,,,,最終確認待ち
exp26-care-0386,ジェンダー・性・アイデンティティ,4,3,actor,past_self_and_future_identity,あなたは以前と違う自己紹介を始める。昔の言葉で助けられた人に、変化をどう伝えたい？,仮の場面です。過去の言葉の価値が現在の変化で消えるとは決めません。,,他者を支えた自己説明の更新。,,,,最終確認待ち
exp26-care-0387,ジェンダー・性・アイデンティティ,4,3,decision_maker,past_self_and_future_identity,自分の記録を整理するあなたは、性のあり方について迷った文章も残すか決める。未来の自分に何を渡したい？,仮の場面です。他人への公開ではなく、自己理解の歴史を持つ選択です。,,自己探索の記録の意味。,,,,最終確認待ち
exp26-care-0388,ジェンダー・性・アイデンティティ,4,3,affected,past_self_and_future_identity,あなたは長く性別の期待に合わせた自分を振り返る。自由になった今、過去の選択を何として認めたい？,仮の場面です。合わせた時間を全て偽りと決めない設定です。,,期待に応えた過去の意味。,,,,最終確認待ち
exp26-care-0389,ジェンダー・性・アイデンティティ,4,3,affected,visible_identity_and_everyday_life,あなたの性別表現が人目を引き、毎回説明を求められる。理解が広がることと、普通の日を過ごすことをどう望む？,仮の場面です。本人がいつも話す気力を持つとは限らない場面です。,,見える表現と平凡な暮らし。,,,,最終確認待ち
exp26-care-0390,ジェンダー・性・アイデンティティ,4,3,affected,visible_identity_and_everyday_life,自分の性のあり方を尊重される場で、あなたは特別なゲストとして扱われる。歓迎と対等さをどう感じる？,仮の場面です。好意的な注目でも本人の居心地が同じとは限らない設定です。,,歓迎と日常の対等さ。,,,,最終確認待ち
exp26-care-0391,ジェンダー・性・アイデンティティ,4,3,actor,visible_identity_and_everyday_life,あなたは大切な相手を性のあり方で特別扱いしないため、その話を長く避けてきた。相手から「自分の喜びも怖さも、あなたには話せなかった」と聞く。尊重していたつもりの二人の歴史を、どう語り直して関わりたい？,仮の場面です。自分は性のあり方を問わないことを近い関係の証しとしてきました。相手には、その話題に関わる大事な時間を共有できなかった意味があります。過去の関係を全て否定するとも、これから全ての事情を聞くとも決めず、双方が覚えている歴史の違いを考えます。,,相手に話題にしてよいか確かめる方法から、長く尊重だと思ってきた自分の関わりと、語られなかった二人の歴史を見直す行為へ。,,,,最終確認待ち
exp26-care-0392,ジェンダー・性・アイデンティティ,4,3,decision_maker,visible_identity_and_everyday_life,あなたは同じ性のあり方の人と出会って安心できた集まりを企画する。次の参加者には性別で分けないでほしい人もいる。自分を支えた場の何を残したい？,仮の場面です。主催者自身の安心と、他の人にとっての所属の形が違う設定です。,,自己の安心を他人の場へ広げる境界。,,,,最終確認待ち
exp26-care-0393,ジェンダー・性・アイデンティティ,4,3,actor,visible_identity_and_everyday_life,仲間を歓迎したくて、あなたはその人が語った性のあり方を紹介文に入れ、外にも届けた。本人はその場だけで話したつもりだったと知った。善意で広げた自分の紹介を、何への責任として引き受けて関わりたい？,仮の場面です。自分は本人の言葉を尊重して紹介したつもりでしたが、本人が話した範囲と紹介を届けた範囲が違いました。どんな影響が出たかはまだ分からず、説明の意図と公開した行為の両方を考えます。法的責任を断定する問いではありません。,privacy_and_surveillance,紹介前に本人へ確認する手順から、善意による公開を既に行った本人が、意図と異なる範囲へ届いた結果を引き受ける責任へ。,,,,最終確認待ち
exp26-care-0394,ジェンダー・性・アイデンティティ,4,3,affected,self_expression_in_collective_projects,あなたは性別の定型に沿う服装を楽しむが、多様性の企画で別の姿を求められた。どんな自分を見せたい？,仮の場面です。自由な表現を示す目的が本人への新しい期待になる設定です。,,自由の象徴を担う負担。,,,,最終確認待ち
exp26-care-0395,ジェンダー・性・アイデンティティ,4,3,affected,self_expression_in_collective_projects,あなたは性のあり方を大切な自分の一部と感じるが、それだけで作品を読まれたくない。何を受け取ってほしい？,仮の場面です。自己認識と創作の評価を全て同一にしない場面です。,,属性と自分の表現の関係。,,,,最終確認待ち
exp26-care-0396,ジェンダー・性・アイデンティティ,4,3,actor,self_expression_in_collective_projects,あなたは性別役割を問う作品を作る。役割を好む身近な人も見ている時、どんな自由を伝えたい？,仮の場面です。批判の目的を個人の好みの否定へ広げる必要はありません。,,表現する側の役割への視点。,,,,最終確認待ち
exp26-care-0397,ジェンダー・性・アイデンティティ,4,3,decision_maker,self_expression_in_collective_projects,性のあり方を語る作者の作品に、自分を理解する支えを得てきたあなたは、今は展示を任されている。作者は属性の説明を外し、作品だけを見てほしいと言う。自分が受け取った意味と作者が見せたいものを、どんな解説にしたい？,仮の場面です。自分が作品から受け取った意味には、作者の性のあり方を知ったことが関わっています。一方、作者は今回の展示でその情報を解説の中心にしたくないと考えています。作品の受取りを残すことと、作者の属性を公開し続けることを同じとは決めません。,privacy_and_surveillance,属性を載せる編集一般から、自分の自己理解を支えた作品の受取りを、作者が今望む展示へどう置くかという意味と責任へ。,,,,最終確認待ち
exp26-care-0398,ジェンダー・性・アイデンティティ,4,3,affected,self_expression_in_collective_projects,あなたは性別の固定観念を変える企画へ、自分の人生を語って参加した。性別の役割を自分で選んで満たされた時期は省かれ、ずっと定型に抗った人として紹介される。自分の自由を、どんな歩みとして知ってほしい？,仮の企画です。自分は性別の役割から離れた時期も、好きでその役を選んだ時期も人生の一部として語りました。企画では前者を中心に紹介され、選んで満たされた過去が見えなくなっています。企画の目的への賛同を保つことと、自分が自由として生きた歩みを知られることを考えます。,,企画の観察一般から、自分が語った人生のうち性別役割を選んだ時期が省かれ、自由の意味を別の歩みとして紹介される影響へ。,,,,最終確認待ち
exp26-care-0399,ジェンダー・性・アイデンティティ,4,3,affected,sexuality_and_meaning_of_choice,あなたは性について話すことが自由の証だと言われるが、話さない自分も尊重されたい。何を自分の自由と感じる？,仮の場面です。開示の有無から進歩や抑圧を判定しない場面です。,,性を語らない自由の意味。,,,,最終確認待ち
exp26-care-0400,ジェンダー・性・アイデンティティ,4,3,affected,sexuality_and_meaning_of_choice,あなたは性的な関心が以前より小さくなり、親しい相手が自分への関心も減ったと思う。どんな違いを伝えたい？,仮の場面です。身体の関心と相手への思いを分ける設定です。原因を医療的に断定しません。,,性の関心の変化と関係。,,,,最終確認待ち
exp26-care-0401,ジェンダー・性・アイデンティティ,4,3,actor,sexuality_and_meaning_of_choice,あなたは相手の性のあり方を、自分が結婚を望まないことの根拠として周囲へ説明してきた。相手は、その名称では将来の望みまで決まらないと言う。自分が守ってきた生き方を、相手の分類に頼らずどう語りたい？,仮の場面です。自分は結婚を選ばない暮らしを大切にし、周囲への説明では相手の性のあり方に理由を置いてきました。相手が今後どんな関係を望むかはまだ決まっていません。自分の選択を説明することと、相手の望みまで代わりに説明することの境界を考えます。,,分類から個人の希望を聞く方法ではなく、自分の生き方の説明を相手の分類に預けてきた本人が、その語りを引き受け直す問いへ。,,,,最終確認待ち
exp26-care-0402,ジェンダー・性・アイデンティティ,4,3,decision_maker,sexuality_and_meaning_of_choice,あなたは大切な人との暮らしを決めたいが、相手は性についてまだ話せないと言う。先が分からない自分の不安と、相手の語る時間をどう大切にしたい？,仮の場面です。未来の関係への望みと、今話せる範囲が同時にある場面です。,,親密さの見通しと相手の時間。,,,,最終確認待ち
exp26-care-0403,ジェンダー・性・アイデンティティ,4,3,decision_maker,sexuality_and_meaning_of_choice,あなたは自分の性のあり方を振り返る節目を決める。理解を一度決めることと問い続けること、どちらに安心を感じる？,仮の場面です。確定も探索も一律に望ましいとは置かない設定です。,,自己理解を続ける意味。,,,,最終確認待ち
exp26-care-0404,健康・障害,1,1,,body_signals_and_rest,自分が疲れていると分かるのは、身体と気分のどちらの変化から？,,,体調を知る入口の感覚。,,,,最終確認待ち
exp26-care-0405,健康・障害,1,1,,body_signals_and_rest,休むなら、何もしない時間とゆっくり好きなことをする時間、どちらが回復した気になる？,,,休息に求める実感。,,,,最終確認待ち
exp26-care-0406,健康・障害,1,1,,body_signals_and_rest,体調が良い日に、まずしたくなることは何？,,,調子の良さの本人の意味。,,,conflict-010,最終確認待ち
exp26-care-0407,健康・障害,1,1,,body_signals_and_rest,自分に合う一日の速さは、どんな時に分かる？,,,身体と生活のリズム。,,,friendship-019,最終確認待ち
exp26-care-0408,健康・障害,1,1,,body_signals_and_rest,眠る前に安心するのは、静かさと誰かの気配、どちら？,,,休む身体の安心。,,,,最終確認待ち
exp26-care-0409,健康・障害,1,1,,receiving_help_and_information,身体の調子を説明するなら、言葉と図ではどちらが伝えやすい？,,,体調を語る手段。,,,,最終確認待ち
exp26-care-0410,健康・障害,1,1,,receiving_help_and_information,病院で説明を聞く時、先に要点と順に詳しい話、どちらが落ち着く？,,,健康情報の受け取り方。,,,,最終確認待ち
exp26-care-0411,健康・障害,1,1,,receiving_help_and_information,調子が悪い日にうれしいのは、温かい言葉と黙ってしてくれる手伝い、どちら？,,,健康上のケアの好み。,,,,最終確認待ち
exp26-care-0412,健康・障害,1,1,,receiving_help_and_information,自分の身体を気にかけてもらうと、どんな時に安心する？,,,健康を気遣われる感覚。,,,,最終確認待ち
exp26-care-0413,健康・障害,1,1,,receiving_help_and_information,体調の話をするなら、今の状態と一日の変化、どちらから話したい？,,,状態を伝える時間軸。,,,,最終確認待ち
exp26-care-0414,健康・障害,1,1,,accessible_comfort,歩く時に途中で座れる場所があると、出かける気持ちは変わる？,,,移動の安心の入口。,,,,最終確認待ち
exp26-care-0415,健康・障害,1,1,,accessible_comfort,明るさや音を自分で変えられる部屋には、どんな心地よさを感じる？,,,環境を調整できる感覚。,,,,最終確認待ち
exp26-care-0416,健康・障害,1,1,,accessible_comfort,説明を読むなら、文章と図が混ざった形と音で聞く形、どちらが楽？,,,情報に接する好み。,,,,最終確認待ち
exp26-care-0417,健康・障害,1,1,,accessible_comfort,誰かと動く時、自分の速さに合わせてもらうことをどう感じる？,,,身体のペースの共有。,,,,最終確認待ち
exp26-care-0418,健康・障害,1,1,,accessible_comfort,休憩の合図は、自分から出す方と先に聞いてもらう方、どちらが気楽？,,,休む希望の伝え方。,,,,最終確認待ち
exp26-care-0419,健康・障害,1,1,,bodily_self_and_change,自分の身体で、よく働いてくれていると感じる部分はある？,,,身体への価値の感じ方。,,,,最終確認待ち
exp26-care-0420,健康・障害,1,1,,bodily_self_and_change,久しぶりにできた動きがあると、どんなうれしさを感じる？,,,できることの変化の意味。,,,,最終確認待ち
exp26-care-0421,健康・障害,1,1,,bodily_self_and_change,体調を記録するとしたら、数字と短い言葉のどちらが自分に合う？,,,身体を記録する感覚。,,,,最終確認待ち
exp26-care-0422,健康・障害,1,1,,bodily_self_and_change,自分の身体を大切にしていると思えるのは、どんな小さな習慣？,,,健康の義務でなく本人の感覚。,,,,最終確認待ち
exp26-care-0423,健康・障害,1,1,,bodily_self_and_change,休むことを決めた日は、自分で決めた実感がどれくらい大事？,,,休息の主体性の入口。,,,,最終確認待ち
exp26-care-0424,健康・障害,2,2,,accepting_help_and_control,体調が悪く、身近な人が手伝うと楽になるが、自分でできることまで代わられると落ち着かない。どこを任せたい？,,,CS-H1、受け取る支援の境界。,,bridge-032 / disability-003,,最終確認待ち
exp26-care-0425,健康・障害,2,2,,accepting_help_and_control,具合の悪い日に予定を全て相手へ任せることは、安心する？自分の一日がなくなる感じがする？,,,健康時の生活の裁量。,,,,最終確認待ち
exp26-care-0426,健康・障害,2,2,,accepting_help_and_control,休みたい時に「できることはある？」と聞かれたら、気遣いと期待のどちらに感じる？,,,体調に合わせる言葉の違い。,,,,最終確認待ち
exp26-care-0427,健康・障害,2,2,,accepting_help_and_control,調子が戻りつつある日、手伝いを減らす時期は何で決めたい？,,,援助の終了の本人の基準。,,,,最終確認待ち
exp26-care-0428,健康・障害,2,2,,accepting_help_and_control,身体の不便を人が先に補ってくれる時、頼む機会も残してほしいと思う？,,,先回りと希望を話す余地。,,,,最終確認待ち
exp26-care-0429,健康・障害,2,2,,accepting_help_and_control,世話を頼む時、手間のかからない方法を選びたい？自分が楽な方法を伝えたい？,,,支援を受ける遠慮の感覚。,,,,最終確認待ち
exp26-care-0430,健康・障害,2,2,,accepting_help_and_control,体調が悪い日でも自分で続けたい小さな習慣は、どれくらい大事？,,,治療以外の日常の自律。,,,,最終確認待ち
exp26-care-0431,健康・障害,2,2,,accepting_help_and_control,休憩を勧められることがうれしい時と困る時は、何が違うと思う？,,,配慮の届き方の条件。,,,,最終確認待ち
exp26-care-0432,健康・障害,2,2,,accepting_help_and_control,手伝った人に毎回お礼を言うことは、関係を楽にする？特別に感じさせる？,,,支援への感謝の受け方。,,,,最終確認待ち
exp26-care-0433,健康・障害,2,2,,accepting_help_and_control,体調を理由に助けてもらう時、相手に分かってほしいのは困り方と気持ちのどちら？,,,ケアへの説明の焦点。,,,,最終確認待ち
exp26-care-0434,健康・障害,2,2,,variable_condition_and_plans,体調で参加できるか当日まで分からない集まりなら、どんな約束を先にしたい？,,,変動する身体と参加の望み。,,,,最終確認待ち
exp26-care-0435,健康・障害,2,2,,variable_condition_and_plans,元気な日もある不調を説明する時、どんな言葉なら誤解が少なそう？,,,調子の幅を語る基準。,,,,最終確認待ち
exp26-care-0436,健康・障害,2,2,,variable_condition_and_plans,昨日できたことが今日は難しい時、自分へどんな説明をしたい？,,,変動を受け止める自己像。,,,,最終確認待ち
exp26-care-0437,健康・障害,2,2,,variable_condition_and_plans,体調が良い日に予定を詰めることと、次の日の余裕を残すことをどう考える？,,,活動と余力の価値の違い。,,,,最終確認待ち
exp26-care-0438,健康・障害,2,2,,variable_condition_and_plans,予定を断った後に別の小さな外出をすることは、相手へ伝える必要があると思う？,,,体調の能力を一律にしない入口。,,,,最終確認待ち
exp26-care-0439,健康・障害,2,2,,variable_condition_and_plans,体調の悪い人を集まりへ誘い続けることは、安心と圧力のどちらになりそう？,,,参加への期待の感じ方。,,,,最終確認待ち
exp26-care-0440,健康・障害,2,2,,variable_condition_and_plans,不調の原因が分からない時、周囲にどこまで説明したい？,,,説明できない状態の語り。,,,,最終確認待ち
exp26-care-0441,健康・障害,2,2,,variable_condition_and_plans,会う予定を短く変えるなら、先に時間を決めるのと途中で切り上げるの、どちらが楽？,,,身体の変化に沿う予定。,,,,最終確認待ち
exp26-care-0442,健康・障害,2,2,,variable_condition_and_plans,周囲が元気そうだと言う日に自分はつらい時、そのずれをどう話したい？,,,見える調子と実感の違い。,,,,最終確認待ち
exp26-care-0443,健康・障害,2,2,,variable_condition_and_plans,よくなったと思う日が続いても、慎重に予定を組みたい気持ちをどう理解する？,,,回復の判断と安心の速度。,,,,最終確認待ち
exp26-care-0444,健康・障害,2,2,,health_information_and_conversation,健康の説明はその場で詳しく聞きたい？資料を持ち帰って考えたい？,,,情報を受け取る時期の好み。,,,,最終確認待ち
exp26-care-0445,健康・障害,2,2,,health_information_and_conversation,検査の説明を受けるなら、一人で聞くのと信頼する人と聞くの、どちらが落ち着く？,,,情報を共に受け止める望み。,,,,最終確認待ち
exp26-care-0446,健康・障害,2,2,,health_information_and_conversation,身体の記録を細かく見ると安心する？気になりすぎる？,,,健康情報との距離。,,,,最終確認待ち
exp26-care-0447,健康・障害,2,2,,health_information_and_conversation,説明を聞いて質問が浮かばない時、後で聞ける機会はどれくらい大事？,,,理解の時間を確保する感覚。,,,,最終確認待ち
exp26-care-0448,健康・障害,2,2,,health_information_and_conversation,体調について相手が詳しく調べてくれたら、うれしさと話しにくさは変わる？,,,知識で支えられる受け方。,,,,最終確認待ち
exp26-care-0449,健康・障害,2,2,,health_information_and_conversation,身体について新しい説明を聞いた日、すぐ誰かに話したい？一人で受け止めたい？,,,健康情報の共有の速度。,,,,最終確認待ち
exp26-care-0450,健康・障害,2,2,,health_information_and_conversation,「気にしすぎないで」と言われたら、安心する？考えることを止められた感じがする？,,,不確かな健康情報への励まし。,,,,最終確認待ち
exp26-care-0451,健康・障害,2,2,,health_information_and_conversation,病院の説明で分からなかった言葉を、すぐ尋ねると気持ちが変わる？,,,質問する安心の条件。,,,,最終確認待ち
exp26-care-0452,健康・障害,2,2,,health_information_and_conversation,自分の健康情報を家族へ伝える時、全部と必要な分だけでは何が違う？,,,本人の共有の範囲。,,,,最終確認待ち
exp26-care-0453,健康・障害,2,2,,health_information_and_conversation,調子を尋ねられるなら、毎回同じ聞き方と日によって触れないこと、どちらが楽？,,,健康の話題の継続の望み。,,,,最終確認待ち
exp26-care-0454,健康・障害,2,2,,accommodation_and_dignity,配慮を受ける時、他の人に理由が見える形と見えない形では気持ちが違う？,,,配慮の可視性と安心。,,disability-006,,最終確認待ち
exp26-care-0455,健康・障害,2,2,,accommodation_and_dignity,特別な席を用意されると、参加しやすさと目立つ感じをどう受け止める？,,,アクセスと所属の感覚。,,,,最終確認待ち
exp26-care-0456,健康・障害,2,2,,accommodation_and_dignity,配慮の内容を一度決めても、日によって変えたいと言いやすいことは大事？,,,必要の変化を語る入口。,,,,最終確認待ち
exp26-care-0457,健康・障害,2,2,,accommodation_and_dignity,誰かが自分の困り方を説明してくれる時、代わりに話す前に聞いてほしい？,,,代弁と本人の声。,,,,最終確認待ち
exp26-care-0458,健康・障害,2,2,,accommodation_and_dignity,みんなが同じ速さで動く集まりで、自分だけ別の速さを選べるなら参加したい？,,,共同活動の一体感と裁量。,,,,最終確認待ち
exp26-care-0459,健康・障害,2,2,,accommodation_and_dignity,説明を理解するために繰り返し聞く時、相手にどんな態度をしてほしい？,,,情報へのアクセスの安心。,,,,最終確認待ち
exp26-care-0460,健康・障害,2,2,,accommodation_and_dignity,自分の不便を「誰でも同じ」と言われると、共感と見落としのどちらに感じる？,,,共通性で受け止められる感覚。,,,,最終確認待ち
exp26-care-0461,健康・障害,2,2,,accommodation_and_dignity,手助けを受けてできたことを、自分でできたと呼びたい？,,,援助と達成の本人の意味。,,,,最終確認待ち
exp26-care-0462,健康・障害,2,2,,accommodation_and_dignity,必要な配慮を毎回確認することと、一度伝えて覚えてもらうことはどう違う？,,,配慮の説明の継続負担。,,,,最終確認待ち
exp26-care-0463,健康・障害,2,2,,accommodation_and_dignity,配慮を提案された時、「今は必要ない」と言いやすいことはどれくらい大事？,,,援助を選ぶ主体性。,,,,最終確認待ち
exp26-care-0464,健康・障害,2,2,,daily_life_and_bodily_self,身体の調子に合わせて趣味のやり方を変える時、何が残れば同じ趣味と感じる？,,,活動の形と本人の意味。,,,,最終確認待ち
exp26-care-0465,健康・障害,2,2,,daily_life_and_bodily_self,身体が変わった時、昔の自分の写真は励みになる？比べたくなくなる？,,,身体像と過去への距離。,,,,最終確認待ち
exp26-care-0466,健康・障害,2,2,,daily_life_and_bodily_self,通院が生活に入るなら、特別な日と普段の用事のどちらとして扱いたい？,,,医療の生活への位置づけ。,,,,最終確認待ち
exp26-care-0467,健康・障害,2,2,,daily_life_and_bodily_self,健康のために習慣を変えるなら、楽しみも残すことはどれくらい大事？,,,健康と生活の価値の入口。,,,,最終確認待ち
exp26-care-0468,健康・障害,2,2,,daily_life_and_bodily_self,体調が戻る途中で「もう大丈夫」と言いたくなるのは、どんな理由だと思う？,,,回復の語りと期待。,,,,最終確認待ち
exp26-care-0469,健康・障害,2,2,,daily_life_and_bodily_self,自分の身体を数値で説明される時、生活の感覚も伝えたい？,,,指標と身体の実感。,,,,最終確認待ち
exp26-care-0470,健康・障害,2,2,,daily_life_and_bodily_self,病気の話ばかりを心配される時、他の自分を何から知ってほしい？,,,病気以外の自己の入口。,,,jealousy-004,最終確認待ち
exp26-care-0471,健康・障害,2,2,,daily_life_and_bodily_self,体調に合わせる道具を使うと、自由が増えたと感じる？状態を意識しやすくなる？,,,補助の道具の自己像。,,,,最終確認待ち
exp26-care-0472,健康・障害,2,2,,daily_life_and_bodily_self,休むことを予定に入れると、安心する？活動できない気がする？,,,休息を生活へ組む感覚。,,,,最終確認待ち
exp26-care-0473,健康・障害,2,2,,daily_life_and_bodily_self,同じ不調を持つ人の話を聞くと、自分の違いも話したくなる？,,,似た経験の中の個別性。,,,,最終確認待ち
exp26-care-0474,健康・障害,3,3,actor,patient_information_choice,病気の見通しを聞く量を患者自身が選べるようにするなら、説明する側は何を確かめたい？,仮の場面です。今知りたい量と治療の判断に必要な説明を分ける仮の場面です。見通しの確かさは固定しません。,medical_and_end_of_life,知る量を選ぶ医療上の責任。,,,,最終確認待ち
exp26-care-0475,健康・障害,3,2,decision_maker,patient_information_choice,病院が検査結果を一度に渡す方式と段階的に説明する方式では、何を判断基準にしたい？,仮の場面です。待つ不安と情報が多い時の負担が異なる患者を想定します。,,説明の速度を設計する基準。,,,,最終確認待ち
exp26-care-0476,健康・障害,3,2,actor,patient_information_choice,患者が家族の同席を望まない時、説明の理解を支えるために何を用意すべきだと思う？,仮の場面です。家族の同席が理解を支える唯一の方法ではない設定です。,,説明を支える人の選択。,,,,最終確認待ち
exp26-care-0477,健康・障害,3,2,decision_maker,patient_information_choice,説明を聞いた患者が後で質問を考えることを前提に、病院はどんな相談機会を残したい？,仮の場面です。その場で質問がないことを理解の証明としない運営を考えます。,,医療の理解に必要な時間。,,,,最終確認待ち
exp26-care-0478,健康・障害,3,2,actor,patient_information_choice,患者が詳しい説明を今は聞きたくない時、医療者は知りたくない理由も尋ねるべき？,仮の場面です。説明を避ける医療者の都合ではなく、本人の情報の希望を考える設定です。,,情報の希望を聞く範囲。,,,,最終確認待ち
exp26-care-0479,健康・障害,3,2,observer,patient_information_choice,同じ病気でも患者ごとに説明の表現を変えることは、公平とどう両立すると思う？,仮の場面です。必要な情報は保ちつつ、伝わる形や言葉が異なる仮定です。,,同じ情報と同じ表現の違い。,,,,最終確認待ち
exp26-care-0480,健康・障害,3,3,decision_maker,patient_information_choice,検査結果の説明を記録して持ち帰れる仕組みに、どんな本人の選択を残したい？,仮の場面です。振り返る便利さと、記録を持ちたくない望みの両方がある設定です。,privacy_and_surveillance,医療の説明記録の裁量。,,,,最終確認待ち
exp26-care-0481,健康・障害,3,3,actor,patient_information_choice,患者の家族が先に詳しい情報を聞きたい時、本人が聞く時期とどのように調整すべき？,仮の場面です。家族の準備と本人の情報の望みが違う場面です。情報共有の権利を断定していません。,medical_and_end_of_life,本人と家族の知る速度。,,,,最終確認待ち
exp26-care-0482,健康・障害,3,2,actor,care_goals_and_quality_of_life,治療の目標を決める際、検査の値が改善することと本人が大切な活動を続けることをどう扱いたい？,仮の場面です。二つの目標が完全には一致しない架空の診療です。効能を一般化していません。,,医療の目標と生活の意味。,,,,最終確認待ち
exp26-care-0483,健康・障害,3,2,decision_maker,care_goals_and_quality_of_life,医療の成果に患者が感じる安心を含めるなら、何を確かめて評価したい？,仮の場面です。体の変化と本人の生活の実感を分ける架空の評価制度です。,,数値以外の医療の成果。,,,,最終確認待ち
exp26-care-0484,健康・障害,3,2,actor,care_goals_and_quality_of_life,治療中に生活の希望が変わった患者へ、最初の目標を見直す機会はどれくらい必要だと思う？,仮の場面です。一度の説明と同意を、永久の希望とはしない設定です。,,治療の目標の更新。,,,,最終確認待ち
exp26-care-0485,健康・障害,3,2,actor,care_goals_and_quality_of_life,本人が大事にする趣味を続けると体力の余裕が減る場合、支援者はどんな目標を提案したい？,仮の場面です。重大な危険は未確定で、楽しみと余力が並ぶ仮の場面です。,,健康と活動の価値の調整。,,,,最終確認待ち
exp26-care-0486,健康・障害,3,2,decision_maker,care_goals_and_quality_of_life,患者が元の生活へ戻ることより新しい暮らしを作りたい時、支援計画をどう考える？,仮の場面です。回復を過去への復帰だけに限定しない設定です。,,回復の本人の意味。,,,,最終確認待ち
exp26-care-0487,健康・障害,3,2,actor,care_goals_and_quality_of_life,健康を保つ計画に本人の楽しみがほとんど残らない時、専門職は何を見直すべき？,仮の場面です。楽しみの種類と健康上の条件は個別に確認する架空場面です。,,健康支援で残す生活の価値。,,,,最終確認待ち
exp26-care-0488,健康・障害,3,2,observer,care_goals_and_quality_of_life,診療の場で「普通に生活できる」を目標にする時、普通の意味は誰が決めるべきだと思う？,仮の場面です。生活に求める活動や関係が患者ごとに異なる設定です。,,健康の標準と本人の生活。,,,,最終確認待ち
exp26-care-0489,健康・障害,3,2,actor,care_goals_and_quality_of_life,患者が達成できなかった生活目標を見直す時、本人の努力以外に何を確かめたい？,仮の場面です。目標の条件や支援が合わなかった可能性もある設定です。,,医療目標の責任の分け方。,,,,最終確認待ち
exp26-care-0490,健康・障害,3,2,decision_maker,accessible_information_and_services,医療機関の予約を複数の方法で受け付けるなら、利用者が選べることをどう評価したい？,仮の場面です。一つの方法が全員に便利とは限らない架空の予約制度です。,,医療への入口の選択。,,,,最終確認待ち
exp26-care-0491,健康・障害,3,2,actor,accessible_information_and_services,診察の説明を通訳する人が必要な時、家族に頼むことと別の支援者へ頼むことをどう比べたい？,仮の場面です。説明の正確さと本人が話せる範囲が関わる場面です。,,通訳と本人の私的な話。,,,,最終確認待ち
exp26-care-0492,健康・障害,3,2,decision_maker,accessible_information_and_services,病院の案内を分かりやすくする時、情報を短くすることと細かく選べることをどう両立したい？,仮の場面です。必要な情報の量が人により違う架空の案内です。,,医療情報の量とアクセス。,,,,最終確認待ち
exp26-care-0493,健康・障害,3,2,observer,accessible_information_and_services,診察時間を同じ長さにすることと、伝えるのに時間が必要な人へ多く取ることはどう違う公平だと思う？,仮の場面です。時間を延ばす理由が説明のやり取りである設定です。,,診療の時間の公平。,,,,最終確認待ち
exp26-care-0494,健康・障害,3,2,actor,accessible_information_and_services,患者が一人で待つのが難しい時、付き添う人に病状の説明まで任せてよいと思う？,仮の場面です。待機の支援と意思の代弁は別の役割として考えられます。,,付き添いと代弁の範囲。,,,,最終確認待ち
exp26-care-0495,健康・障害,3,3,decision_maker,accessible_information_and_services,医療機関で身体の不便を毎回説明しなくて済む記録は、どんな共有範囲なら使いやすいと思う？,仮の場面です。説明の負担と本人の情報の裁量が並ぶ架空の仕組みです。,privacy_and_surveillance,配慮の記録と共有。,,,,最終確認待ち
exp26-care-0496,健康・障害,3,2,actor,accessible_information_and_services,支援の道具を試す場所で、本人が試さず説明だけ聞くことも認めたい？,仮の場面です。体験が理解を助ける場合と、人前で試したくない場合を残します。,,支援の学び方を選ぶ自由。,,,,最終確認待ち
exp26-care-0497,健康・障害,3,2,decision_maker,accessible_information_and_services,予約に遅れやすい身体的事情がある人へ、時間枠を柔軟にする仕組みをどう考える？,仮の場面です。利用者の事情と他の人の待ち時間がある架空の運営です。,,医療へのアクセスと時間調整。,,,,最終確認待ち
exp26-care-0498,健康・障害,3,2,decision_maker,fluctuation_and_accommodation,障害への配慮を決める時、良い日の状態と難しい日の状態をどう扱うべきだと思う？,仮の場面です。必要が一定でない人を想定し、片方だけで全体を判定しません。,,変動する必要の評価。,,disability-003,,最終確認待ち
exp26-care-0499,健康・障害,3,2,observer,fluctuation_and_accommodation,支援の利用条件に「継続してできないこと」を求める方式は、どんな状態を見落としそう？,仮の場面です。実在の給付条件ではなく、変動がある人への架空の支援を考えます。,,一貫した困り方を求める基準。,,,,最終確認待ち
exp26-care-0500,健康・障害,3,2,decision_maker,fluctuation_and_accommodation,配慮の希望を本人が変えるたびに確認し直す制度へ、何を残し何を省きたい？,仮の場面です。支援の適合と申請の負担が同時にある設定です。,,配慮の更新の仕組み。,,,,最終確認待ち
exp26-care-0501,健康・障害,3,2,actor,fluctuation_and_accommodation,不調が外から見えない人の支援で、本人の説明と観察をどう組み合わせたい？,仮の場面です。本人の語りも周囲の観察も一つだけで全てを把握するとは決めません。,,見えない体調を理解する方法。,,,,最終確認待ち
exp26-care-0502,健康・障害,3,2,actor,fluctuation_and_accommodation,支援者が本人の良い日だけを知る時、必要な配慮をどんな情報から考えるべき？,仮の場面です。生活全体を見ないまま能力を決めない設定です。,,一場面から判断する境界。,,,,最終確認待ち
exp26-care-0503,健康・障害,3,2,decision_maker,fluctuation_and_accommodation,体調で当日の利用を取りやめる人へ、予約の仕組みはどんな余地を残したい？,仮の場面です。使われない枠の問題と参加を諦めない望みが並ぶ設定です。,,体調の変動を支える参加。,,,,最終確認待ち
exp26-care-0504,健康・障害,3,2,observer,fluctuation_and_accommodation,支援の計画で「少し無理すればできる」をできることとして数えてよいと思う？,仮の場面です。実行後の負担がある架空場面です。具体的な身体効果は断定しません。,,能力と持続できる生活。,,,,最終確認待ち
exp26-care-0505,健康・障害,3,3,decision_maker,fluctuation_and_accommodation,身体の不調を毎日の報告で確認する方式は、安心と負担をどう比べたい？,仮の場面です。見守りが必要な理由と本人の暮らし方を別に聞ける設定です。,privacy_and_surveillance,状態確認の頻度と自律。,,,,最終確認待ち
exp26-care-0506,健康・障害,3,2,decision_maker,disability_identity_and_agency,障害のために支援を受ける人が、自分の生活の工夫を他の利用者へ教える役もしたいと言う。参加する役割を決める側は、受ける支援と担う責任をどう分けて相談したい？,仮の場面です。本人には工夫を他の人へ伝えたい望みがあり、今後も自分への支援は必要です。教える役を選ぶことが支援を受ける条件になるとは決めません。受ける側と支える側を一方だけの立場に固定せず、役を担う範囲を考えます。,,0145の能力向上以外の生活目標から分け、支援を受けながら他者も支える役を望む時の権利と責任の境界へ。,,,,最終確認待ち
exp26-care-0507,健康・障害,3,2,observer,disability_identity_and_agency,障害を紹介する記事で困難だけを書くことと工夫だけを書くことには、どんな違いがあると思う？,仮の場面です。どちらかが当事者の全体像とは限らない設定です。,,障害経験の一面的な紹介。,,,,最終確認待ち
exp26-care-0508,健康・障害,3,2,actor,disability_identity_and_agency,支援を受ける本人が「自分で話せる時も、説明はこの人に任せたい」と望んでいる。代弁を本人の選択として扱うことと、直接話す機会を残すことをどう考える？,仮の場面です。本人は自分で伝えることもできますが、説明を任せる相手を自分で選んでいます。代理を使うことと、意思を他人に決めてもらうことが同じとは限りません。希望を変えたり直接話したりできる余地も含めて考えます。,,0082の発話時間と代弁への同意から分け、本人があえて代理を選ぶ時、自己決定を発話の形で測れるかを聞く。,,,,最終確認待ち
exp26-care-0509,健康・障害,3,2,observer,disability_identity_and_agency,補助具の利用を卒業できることを目標にする支援は、本人の自由とどう関わると思う？,仮の場面です。道具がある方が活動できる本人を想定します。実際の治療方針ではありません。,,道具と自立の定義。,,,,最終確認待ち
exp26-care-0510,健康・障害,3,2,actor,disability_identity_and_agency,障害のある人の活動を感動的な成功として紹介する時、本人の普通の日も伝えたい？,仮の場面です。特別な物語への評価と日常の実感が並ぶ設定です。,,当事者を象徴にする語り。,,,,最終確認待ち
exp26-care-0511,健康・障害,3,2,actor,disability_identity_and_agency,支援を受けながら達成したことを評価する時、本人の努力と支援の役割をどう説明したい？,仮の場面です。どちらかの価値を消す必要はない架空の紹介です。,,援助と本人の達成の意味。,,,,最終確認待ち
exp26-care-0512,健康・障害,3,2,decision_maker,disability_identity_and_agency,当事者の相談の場に支援者が同席するなら、本人だけで話せる時間も必要だと思う？,仮の場面です。支える人がいる安心と話す範囲を選ぶ自由が並びます。,,支援者と当事者の別の声。,,,,最終確認待ち
exp26-care-0513,健康・障害,3,3,decision_maker,disability_identity_and_agency,障害について学ぶ企画で、当事者に困った体験を語ってもらうことをどこまで求めてよい？,仮の場面です。理解のためでも個人の開示は別の選択である設定です。,privacy_and_surveillance,啓発と体験の開示。,,,,最終確認待ち
exp26-care-0514,健康・障害,3,3,actor,end_of_life_conversations,人生の終わりに関する希望を確認する時、決められないという答えを記録にどう残したい？,仮の場面です。迷いがあるまま支援する架空の相談です。決定を急ぐ危険は置きません。,medical_and_end_of_life,看取りでの未決定の扱い。,,,,最終確認待ち
exp26-care-0515,健康・障害,3,3,actor,end_of_life_conversations,最期に望む過ごし方が前と違う患者へ、家族の準備と今の希望をどう扱うべき？,仮の場面です。本人の気持ちが変わり、以前の希望に家族が動いた設定です。,medical_and_end_of_life,看取りの希望の時間的変化。,,,,最終確認待ち
exp26-care-0516,健康・障害,3,3,actor,end_of_life_conversations,看取りの相談で、会いたい人より一人の時間を重視する希望をどう支えたい？,仮の場面です。多数の面会を望ましい最期とは固定しない場面です。,medical_and_end_of_life,最期の静けさへの支援。,,,,最終確認待ち
exp26-care-0517,健康・障害,3,3,decision_maker,end_of_life_conversations,終末期の面会を調整する担当者は、会う側の最後に会いたい気持ちをどこまで考慮すべき？,仮の場面です。患者の余力と訪問者の思いが別々にある架空の面会です。,medical_and_end_of_life,面会の患者と訪問者の望み。,,,,最終確認待ち
exp26-care-0518,健康・障害,3,3,actor,end_of_life_conversations,最期の場所を相談する時、場所の名称以外にどんな暮らしの条件を聞きたい？,仮の場面です。同じ自宅や施設でも安心できる関係や時間は違う設定です。,medical_and_end_of_life,看取りの場所の本人の意味。,,,,最終確認待ち
exp26-care-0519,健康・障害,3,3,observer,end_of_life_conversations,看取りの希望を話す場に、普段の冗談や好きなことも入るのをどう感じる？,仮の場面です。真剣さを一つの表情で判断しない架空の会話です。,medical_and_end_of_life,重い相談の話し方の幅。,,,,最終確認待ち
exp26-care-0520,健康・障害,3,3,actor,end_of_life_conversations,本人が最後に何かを残すことを望まない時、支援者はどこまで提案するべきだと思う？,仮の場面です。記録や手紙を残すことを理想には置かない設定です。,medical_and_end_of_life,看取りで意味を求める圧力。,,,,最終確認待ち
exp26-care-0521,健康・障害,3,3,decision_maker,end_of_life_conversations,終末期のケアを評価する際、家族の満足と本人が話した望みをどう分けて見たい？,仮の場面です。本人が後で評価できない場合もある架空のケアです。,medical_and_end_of_life,本人と家族の看取りの評価。,,,,最終確認待ち
exp26-care-0522,健康・障害,3,2,actor,trust_and_shared_decisions,医療者が患者へ自分ならどうするかを話すことは、理解と誘導にどう関わると思う？,仮の場面です。専門的な説明と個人の価値判断を分ける架空の相談です。,,医療者の個人的な助言の範囲。,,,,最終確認待ち
exp26-care-0523,健康・障害,3,2,actor,trust_and_shared_decisions,複数の選択肢で医学上の利点が近い時、医療者はどこまで薦めを示したい？,仮の場面です。生活上の違いがある設定です。実在の治療の同等性は述べていません。,,専門職の薦めと本人の価値。,,,,最終確認待ち
exp26-care-0524,健康・障害,3,2,actor,trust_and_shared_decisions,患者が以前の説明を忘れていても、同意した記録だけで進めてよいと思う？,仮の場面です。理解を確かめ直す時間がある架空の処置の前です。,,同意の記録と現在の理解。,,,,最終確認待ち
exp26-care-0525,健康・障害,3,2,observer,trust_and_shared_decisions,治療方針を変える患者へ、理由を説明することをどこまで求めたい？,仮の場面です。変更には調整が必要ですが、気持ちの変化もありうる設定です。,,患者が選び直す説明責任。,,,,最終確認待ち
exp26-care-0526,健康・障害,3,2,decision_maker,trust_and_shared_decisions,医療者と患者が重視する生活の条件が違う時、相談の成功を何で判断したい？,仮の場面です。同じ答えにそろうことだけを成功にしない架空の対話です。,,医療の対話での一致の意味。,,,,最終確認待ち
exp26-care-0527,健康・障害,3,2,decision_maker,trust_and_shared_decisions,患者が担当者との相性を気にする時、技術への信頼と話せる安心をどう扱いたい？,仮の場面です。能力に問題はないが会話の感じ方が違う場面です。,,医療の信頼の複数の条件。,,,,最終確認待ち
exp26-care-0528,健康・障害,3,2,actor,trust_and_shared_decisions,患者が家族に決める役を頼むなら、医療者は本人の参加をどのように残したい？,仮の場面です。任せる選択も本人の望みになりうる架空の場面です。,,決定を任せる主体性。,,,,最終確認待ち
exp26-care-0529,健康・障害,3,2,observer,trust_and_shared_decisions,質問を多くする患者を、納得していない人として扱ってよいと思う？,仮の場面です。知ることが安心になる人もいる設定です。質問量だけで不信を断定しません。,,質問と医療の信頼の違い。,,,,最終確認待ち
exp26-care-0530,健康・障害,3,2,actor,health_support_without_moral_judgment,健康支援で本人が習慣を変えない時、意欲の問題と決める前に何を聞きたい？,仮の場面です。環境や楽しみ、生活上の制約が異なる設定です。,,行動の理由を知る支援。,,,,最終確認待ち
exp26-care-0531,健康・障害,3,2,decision_maker,health_support_without_moral_judgment,健康の目標を達成した人へ特典を出す企画は、達成が難しい事情をどう扱うべき？,仮の場面です。本人の努力以外の条件が違う架空の企画です。,,健康の成果で評価する公平。,,,,最終確認待ち
exp26-care-0532,健康・障害,3,2,actor,health_support_without_moral_judgment,病気を防げなかったことを自己責任として説明する記事に、どんな不確実さを残したい？,仮の場面です。原因を一つに確定していない設定です。医学的な原因の断定はしません。,,病気の責任を語る姿勢。,,,,最終確認待ち
exp26-care-0533,健康・障害,3,2,observer,health_support_without_moral_judgment,健康相談で「できたこと」だけを尋ねる方式は、どんな話を聞きにくくすると思う？,仮の場面です。失敗や迷いにも支援に必要な情報がある仮の相談です。,,肯定だけで聞く支援の限界。,,,,最終確認待ち
exp26-care-0534,健康・障害,3,2,actor,health_support_without_moral_judgment,生活習慣を調べる支援で、本人が楽しみにしている理由も聞くことをどう思う？,仮の場面です。習慣の医学的な是非を決めるのではなく、意味を知る場面です。,,健康と楽しみの本人の理由。,,,,最終確認待ち
exp26-care-0535,健康・障害,3,2,actor,health_support_without_moral_judgment,健康のための勧めを本人が断る時、支援を続ける関係に何が必要だと思う？,仮の場面です。差し迫った危険はなく、全ての助言へ同意するとは限らない設定です。,,不同意でも続く健康支援。,,,,最終確認待ち
exp26-care-0536,健康・障害,3,2,observer,health_support_without_moral_judgment,体調の記録を付けない人へ、支援の必要が低いと考えてよいと思う？,仮の場面です。記録のしやすさと不調の重さは別かもしれない設定です。,,記録を求める支援の基準。,,,,最終確認待ち
exp26-care-0537,健康・障害,3,2,decision_maker,health_support_without_moral_judgment,健康支援で高い目標を望む本人に、支援者は失敗して落胆しないよう小さな目標を勧めている。目標を決める側は、挑戦したい希望と失敗から守ることをどう考える？,仮の健康支援です。目標に挑むことで身体に重大な危険が生じるとは設定せず、支援者は達成できなかった時の落胆を心配しています。本人は達成だけでなく挑戦することにも意味を感じています。失敗への備えと、本人の希望の大きさを支援者が決めることの違いを考えます。,,0482/0483の数値と生活実感の比較から分け、失敗から守るために本人の挑戦する希望を制限してよいかを聞く。,,,,最終確認待ち
exp26-care-0538,健康・障害,3,2,actor,recovery_and_return_to_life,病気から回復した人が元の役割を再び担いたいと言うが、代わりに引き受けた仲間も今の役を大切にしている。復帰を支える人は、双方の時間が進んだことをどう伝え合う場にしたい？,仮の場面です。元の役を担うことは回復した本人にとって再参加の意味があり、後を支えた仲間にも新しく育った役割があります。病気で離れた間の時間をなかったことにせず、誰か一人に当然の優先権があるとも決めない架空の活動の場です。,,0486の元の生活へ戻るかという本人の目標から分け、本人の復帰と後を担った人の継続する役割を支援者がつなぐ判断へ。,,,,最終確認待ち
exp26-care-0539,健康・障害,3,2,decision_maker,recovery_and_return_to_life,支援が終わる基準を作る際、状態の安定と自分で相談できる安心をどう考える？,仮の場面です。不調が落ち着いても移行に不安がある架空の支援です。,,支援終了の安心の条件。,,,,最終確認待ち
exp26-care-0540,健康・障害,3,2,decision_maker,recovery_and_return_to_life,長い治療を終えた人の交流会で、病気以外の話を中心にすることをどう思う？,仮の場面です。共有する経験はあっても、今話したい内容は異なる設定です。,,治療後の自己を語る場。,,,,最終確認待ち
exp26-care-0541,健康・障害,3,2,actor,recovery_and_return_to_life,回復中の人が過去の能力を超えることより好きなことを少し続けたい時、何を応援したい？,仮の場面です。目標の大きさで価値を決めない架空の支援です。,,小さな継続を支える価値。,,,,最終確認待ち
exp26-care-0542,健康・障害,3,2,observer,recovery_and_return_to_life,通院が減ることを支援の成功とする評価は、何を見落とす可能性があると思う？,仮の場面です。医療の必要と支えの実感が同じとは限らない設定です。,,利用量と健康支援の成果。,,,,最終確認待ち
exp26-care-0543,健康・障害,3,2,actor,recovery_and_return_to_life,回復の経過を人へ紹介する時、良くならなかった期間もどんな意味で含めたい？,仮の場面です。直線的な改善だけにまとめない架空の語りです。,,回復の過程の見せ方。,,,,最終確認待ち
exp26-care-0544,健康・障害,3,3,actor,recovery_and_return_to_life,病気の経験を話す役を本人へ頼む時、今は過去に触れたくない希望をどう扱いたい？,仮の場面です。社会へ役立つ意義と本人の距離が別にある設定です。,privacy_and_surveillance,回復経験を語る裁量。,,,,最終確認待ち
exp26-care-0545,健康・障害,3,2,decision_maker,autonomy_in_supporting_environments,支援施設で本人の生活時間と運営の予定が合わない時、どの範囲を本人が選べるようにしたい？,仮の場面です。職員の勤務や共同の作業に制約がある架空の暮らしです。,,支援される生活の時間の裁量。,,,,最終確認待ち
exp26-care-0546,健康・障害,3,2,actor,autonomy_in_supporting_environments,身体の支援を行う人が声をかけずに先に触れることを、効率のためどこまで認めてよい？,仮の場面です。緊急の救助ではなく、日常の手助けを想定します。,,身体の支援の確認の意味。,,,,最終確認待ち
exp26-care-0547,健康・障害,3,2,actor,autonomy_in_supporting_environments,本人が一人で試したい活動に支援者が同行する場合、見守る距離をどう決めたい？,仮の場面です。重大な危険は確定していない仮の活動です。試す自由と支援を並べます。,,見守りの物理的な距離。,,,,最終確認待ち
exp26-care-0548,健康・障害,3,2,actor,autonomy_in_supporting_environments,必要な支援を全て受けても本人が自分で暮らしていると感じない時、何を聞きたい？,仮の場面です。支援の量だけでは主体性が決まらない設定です。,,支援の充足と自分の生活。,,,,最終確認待ち
exp26-care-0549,健康・障害,3,2,observer,autonomy_in_supporting_environments,支援施設の共用時間に参加しない人を、孤立していると判断する前に何を確かめたい？,仮の場面です。一人でいる希望と交流がない状態を区別する架空の暮らしです。,,孤独と一人の選択を分ける。,,,,最終確認待ち
exp26-care-0550,健康・障害,3,2,decision_maker,autonomy_in_supporting_environments,支援の利用を本人が休みたい時、再開しやすい仕組みはどれくらい必要だと思う？,仮の場面です。一度の中断を永久の拒否にしない架空のサービスです。,,支援から離れて戻る自由。,,,,最終確認待ち
exp26-care-0551,健康・障害,3,2,decision_maker,autonomy_in_supporting_environments,生活の支援を受ける人が担当者に好みを言いにくい時、意見を聞く方法をどう変えたい？,仮の場面です。日々助けられる関係で遠慮が生じる可能性を残す設定です。,,依存する関係での発言の安心。,,,,最終確認待ち
exp26-care-0552,健康・障害,3,2,actor,autonomy_in_supporting_environments,補助具や道具を使う人へ、不要な時も持つよう勧めるならどんな条件を確かめたい？,仮の場面です。安心の備えと身軽に動く希望が並ぶ仮の場面です。,,支援の備えと本人の裁量。,,,,最終確認待ち
exp26-care-0553,健康・障害,4,3,affected,prognosis_information_and_meaning,あなたは重い病気で過ごせる時間に限りがあると説明された。見通しを知れば準備できるが、毎日がその情報に縛られそうだ。何をどこまで知りたい？,仮の場面です。詳しい見通しも確定した期限ではありません。治療に必要な説明と、今知りたい情報の量を分けて考えます。,medical_and_end_of_life,CS-H2、知る量と毎日の意味。,https://www.cancer.gov/about-cancer/diagnosis-staging/prognosis,healthcare-012 / life-002,,最終確認待ち
exp26-care-0554,健康・障害,4,3,affected,prognosis_information_and_meaning,重い病気のあなたは先の見通しを少しずつ聞きたいが、家族は一度に詳しく聞いて備えたい。情報を一緒に受け取ることをどう考える？,仮の場面です。本人と家族が準備する速度に差がある場面です。法律上の情報共有を断定しません。,medical_and_end_of_life,本人と家族の知る速度の利害。,,,,最終確認待ち
exp26-care-0555,健康・障害,4,3,affected,prognosis_information_and_meaning,あなたは詳しい見通しを聞いて生活を決めた後、その情報を意識しない日も欲しくなった。何を今の毎日の中心に戻したい？,仮の場面です。得た情報を消せるとは置かず、情報との距離を変える望みを考えます。,medical_and_end_of_life,知った後の暮らしの裁量。,,,,最終確認待ち
exp26-care-0556,健康・障害,4,3,actor,prognosis_information_and_meaning,医療者として、希望を保ちたい患者と準備をしたい家族に見通しを伝えるあなた。自分の家族の病気では、明るい説明に支えられつつ別れの準備を逃したと感じている。その経験を、今の本人の人生にどこまで重ねて話したい？,仮の場面です。自分の家族の病気の時、見通しの説明には不確実さがあり、明るい言葉を支えにも、準備を逃した原因にも感じていました。その解釈が今の患者や家族にも当てはまるとは決めません。希望と準備は両立する余地があり、実際の予後や説明の法的・医学的な正しさを断定せず、経験を持つ自分が語る責任を考えます。,medical_and_end_of_life,見通しを断定せず伝える方法から、自分の家族の病気で支えと喪失を感じた経験を、今の患者の人生へどこまで重ねて説明するかへ。,,,,最終確認待ち
exp26-care-0557,健康・障害,4,3,actor,prognosis_information_and_meaning,あなたは重い病気の説明に同席してほしいと頼まれた。本人が後で詳しい話を聞きたくないと言った時、自分が知ったことをどう支えに使う？,仮の場面です。同席者の知識と本人が今受け取りたい量が違う場面です。,medical_and_end_of_life,同席者の知識と本人の望み。,,,,最終確認待ち
exp26-care-0558,健康・障害,4,3,decision_maker,prognosis_information_and_meaning,あなたは家族の病気の説明の場を整える。本人は一人で聞きたいが、家族は共に受け止めたい。どんな時間を残したい？,仮の場面です。本人の私的な受け止めと家族の準備を分ける余地があります。,medical_and_end_of_life,重い情報を受け取る場の責任。,,,,最終確認待ち
exp26-care-0559,健康・障害,4,3,affected,remaining_time_and_relationships,人生の終わりが近いと説明されたあなたは、会いたい人もいるが静かに普段どおり過ごしたい。家族が面会を勧める中、誰とどんな時間を大切にしたい？,仮の場面です。会う人数で良い最期を決めません。気持ちが変わることも、一人で過ごすことも選べる架空場面です。,medical_and_end_of_life,CS-H3、残る時間の本人の意味。,https://www.mhlw.go.jp/acp-jinseikaigi/about/,elderly-003 / life-002,,最終確認待ち
exp26-care-0560,健康・障害,4,3,affected,remaining_time_and_relationships,あなたは残る時間に古い友人へ会いたいが、弱った姿では会いたくない気持ちもある。どんな自分として会うことを望む？,仮の場面です。会うことだけを正解にせず、関係と見られる自己像を考えます。,medical_and_end_of_life,最期の再会と自己像。,,,,最終確認待ち
exp26-care-0561,健康・障害,4,3,affected,remaining_time_and_relationships,残る時間が限られるあなたは、家族の思い出作りより一人でいつもの本を読みたい。家族の望みと自分の一日をどう扱う？,仮の場面です。家族の思いも本人の静かな楽しみも否定しない設定です。,medical_and_end_of_life,最期の普通の日の価値。,,,,最終確認待ち
exp26-care-0562,健康・障害,4,3,actor,remaining_time_and_relationships,あなたは看取りに関わる家族から、本人の旧友への連絡を頼まれた。本人は人を増やしたくない時、自分は誰の望みを支えたい？,仮の場面です。会う機会が減ることと本人の余力が並ぶ架空の面会です。,medical_and_end_of_life,面会をつなぐ人の責任。,,,,最終確認待ち
exp26-care-0563,健康・障害,4,3,decision_maker,remaining_time_and_relationships,あなたは大切な人の最後の面会を調整する。会えないままの人が出ると分かる時、何を基準に本人へ相談する？,仮の場面です。本人の体力と訪問者の思いが同じではない設定です。,medical_and_end_of_life,限られた面会の決定の重さ。,,,,最終確認待ち
exp26-care-0564,健康・障害,4,3,affected,remaining_time_and_relationships,あなたは人生の終わりに何かを残してほしいと家族に言われたが、形にせず今を過ごしたい。何を残す責任を感じる？,仮の場面です。手紙や記録を残すことを義務にせず、関係の意味を考えます。,medical_and_end_of_life,最期に成果を残す期待。,,,,最終確認待ち
exp26-care-0565,健康・障害,4,3,affected,changing_end_of_life_wishes,あなたは以前望んだ最期の過ごし方を今は変えたい。家族がその希望を守るため動いてきた時、何を伝え直したい？,仮の場面です。過去の希望と現在の安心が異なる場面です。家族の準備も意味を持ちます。,medical_and_end_of_life,看取りの希望を変える本人。,,,,最終確認待ち
exp26-care-0566,健康・障害,4,3,affected,changing_end_of_life_wishes,あなたは最期の希望を決めておくと安心すると思ったが、今は決めずにいたい。迷っている時間をどう大切にしたい？,仮の場面です。急ぐ医学的理由は置きません。未決定も現在の気持ちとして扱います。,medical_and_end_of_life,看取りで迷う自分の意味。,,,,最終確認待ち
exp26-care-0567,健康・障害,4,3,affected,changing_end_of_life_wishes,家族があなたの以前の希望を守ろうとするが、あなたは今日は違う過ごし方がよい。大切にされたと感じるのは何を聞かれる時？,仮の場面です。一貫性とその日の希望を分ける設定です。,medical_and_end_of_life,看取りでの尊重の実感。,,,,最終確認待ち
exp26-care-0568,健康・障害,4,3,actor,changing_end_of_life_wishes,あなたは終末期の患者の希望を長く支えてきた。本人が急に変えると言うと、自分の支えが無意味に感じる。どう受け止めたい？,仮の場面です。支えた時間の価値が希望の変更で消えるとは決めません。,medical_and_end_of_life,支援者の継続への思い。,,,,最終確認待ち
exp26-care-0569,健康・障害,4,3,decision_maker,changing_end_of_life_wishes,あなたは家族の看取りの相談を進める。本人は前と違うと言い、別の家族は昔こそ本心だと言う。何を確かめたい？,仮の場面です。一つの時点を本心と固定しない架空の相談です。,medical_and_end_of_life,希望の時間を選ぶ責任。,,,,最終確認待ち
exp26-care-0570,健康・障害,4,3,decision_maker,changing_end_of_life_wishes,あなたは自分の最後の希望を記録する。変える可能性も書くなら、後で読む人にどんな判断を託したい？,仮の場面です。具体的な法律上の効力は述べず、記録に残す意図を考えます。,medical_and_end_of_life,将来へ託す希望の柔軟さ。,,,,最終確認待ち
exp26-care-0571,健康・障害,4,3,affected,treatment_and_living_priorities,あなたには二つの治療案があり、一方は長く治療に通うが大切な活動を続けやすい。もう一方は通院が少ないがその活動が難しくなるとする。何を生活の中心に選ぶ？,仮の場面です。利点の違いは架空の条件です。実際の治療の効能や比較を述べていません。,medical_and_end_of_life,治療の形と生活の価値。,,,,最終確認待ち
exp26-care-0572,健康・障害,4,3,affected,treatment_and_living_priorities,あなたは治療のため暮らしの習慣を変えたが、その習慣こそ毎日の楽しみだった。何を失いたくないと医療者へ話す？,仮の場面です。専門家と相談できる余地がある設定です。習慣を続ける医学上の是非は決めません。,medical_and_end_of_life,健康のために失う生活の意味。,,,,最終確認待ち
exp26-care-0573,健康・障害,4,3,affected,treatment_and_living_priorities,あなたは治療が生活の大半を占め、病気の人以外の自分が見えなくなった。どんな時間や役割を残したい？,仮の場面です。治療の必要を否定せず、生活全体の自己像を考えます。,medical_and_end_of_life,治療中の複数の自己。,,,,最終確認待ち
exp26-care-0574,健康・障害,4,3,actor,treatment_and_living_priorities,あなたは医療者で、患者が大切な活動を治療より優先したいと話す。自分が良いと考える計画をどう相談に置く？,仮の場面です。専門的な見通しと本人の生活の価値がずれる設定です。,medical_and_end_of_life,医療者の判断と患者の価値。,,,,最終確認待ち
exp26-care-0575,健康・障害,4,3,actor,treatment_and_living_priorities,あなたは家族の治療の相談役を頼まれた。本人は生活を守りたいが、あなたは少しでも長く一緒にいたい。どんな自分の望みを伝える？,仮の場面です。本人への支援と相談役自身の感情を分ける余地があります。,medical_and_end_of_life,相談役の人生への願い。,,,,最終確認待ち
exp26-care-0576,健康・障害,4,3,decision_maker,treatment_and_living_priorities,あなたは自分の治療方針を決める。最も安全そうな生活では好きな仕事を続けられないとする時、何を安全以外の理由にしたい？,仮の場面です。比較条件は架空で、実在の危険度は示しません。生活の意味を考える問いです。,medical_and_end_of_life,治療で守る仕事の意味。,,,,最終確認待ち
exp26-care-0577,健康・障害,4,3,affected,hope_and_uncertainty_in_health,回復の見通しが分からないあなたは、期待して計画することが支えにも怖さにもなる。どんな希望を持って暮らしたい？,仮の場面です。希望を楽観の義務にせず、不確実なまま過ごす設定です。,medical_and_end_of_life,予測できない健康での希望。,,,,最終確認待ち
exp26-care-0578,健康・障害,4,3,affected,hope_and_uncertainty_in_health,あなたは体調が良くなる日を目標にしてきたが、まだ来ない。待つことと今を作ることに、どんな意味を感じる？,仮の場面です。改善の時期を約束していない設定です。諦めるか頑張るかだけにはしません。,,回復を待つ時間の本人の意味。,,,,最終確認待ち
exp26-care-0579,健康・障害,4,3,affected,hope_and_uncertainty_in_health,あなたが慎重に話した病気の見通しを、家族が必ず良くなると励ます。何を聞いてもらえば一人ではないと感じる？,仮の場面です。励ます意図と本人が支えられる感覚が違う場面です。,medical_and_end_of_life,楽観を求められない支え。,,,,最終確認待ち
exp26-care-0580,健康・障害,4,3,actor,hope_and_uncertainty_in_health,あなたは医療者として不確かな見通しを伝える。患者から希望がなくなったと言われた時、何を知ってほしい？,仮の場面です。曖昧に隠すことと確実でないことを正確に伝えることを分けます。,medical_and_end_of_life,不確実さを伝える責任。,,,,最終確認待ち
exp26-care-0581,健康・障害,4,3,actor,hope_and_uncertainty_in_health,あなたは不調の家族を励ましてきたが、本人は先を期待しない方が楽だと言う。自分の願いをどこへ置きたい？,仮の場面です。本人の現在の安心と家族の回復への願いを並べる設定です。,,希望の持ち方の非対称性。,,,,最終確認待ち
exp26-care-0582,健康・障害,4,3,decision_maker,hope_and_uncertainty_in_health,病気の先が読めない中で、あなたは希望を語る集まりを開き、自分も支えられてきた。仲間は先を期待しない方が今を生きられると言う。希望の置き方が違う人と続けるなら、自分の支えも残すために何を会の約束にしたい？,仮の場面です。自分には先を思い描くことが病気と暮らす支えであり、仲間には期待に縛られず過ごすことの支えがあります。いずれの語り方も治療の結果を予測するものではありません。会を続ける本人の支えと、他の人が参加する条件を考えます。,,感情の違う相談会の運営一般から、自分を支える将来への希望を他の人の条件にせず、場にも残す責任へ。,,,,最終確認待ち
exp26-care-0583,健康・障害,4,3,affected,chronic_condition_and_ongoing_life,あなたは長く不調と暮らし、良い日を待つより今の状態で生活を作りたい。周囲が治ったらと言う時、何を今の人生と感じる？,仮の場面です。回復への望みと現在の生活が同時にある設定です。,,病気と共にある現在の価値。,,,,最終確認待ち
exp26-care-0584,健康・障害,4,3,affected,chronic_condition_and_ongoing_life,体調の変動で計画を取り消すことが続いたあなたは、約束をしない方が楽になった。参加したい気持ちをどう残したい？,仮の場面です。不参加を望むと断定せず、変動と関係の継続を考えます。,,体調と約束からの退出。,,,,最終確認待ち
exp26-care-0585,健康・障害,4,3,affected,chronic_condition_and_ongoing_life,あなたは外からは元気に見えるが、一日の活動に限りがある。大切な人と過ごすため、何を見えない努力として知ってほしい？,仮の場面です。見える行動と必要な余力が違う架空の生活です。,,変動する身体の見えない選択。,,,,最終確認待ち
exp26-care-0586,健康・障害,4,3,actor,chronic_condition_and_ongoing_life,あなたは不調の友人と約束を続けたいが、変更が続くと自分も疲れる。関わりたい気持ちと余裕をどう伝える？,仮の場面です。身体の事情を疑うことと、自分の負担を話すことを分けます。,,長期不調を支える人の利害。,,,,最終確認待ち
exp26-care-0587,健康・障害,4,3,decision_maker,chronic_condition_and_ongoing_life,病気で予定が変わる相手と、仕事や家事を分けて暮らすと約束したあなた。支える役が自分に続き、二人で決めた自分の学び直しを何度も見送っている。今後の分担を決め直すなら、過去の約束と自分の将来をどう大事にしたい？,仮の共同生活です。相手の不調には変動があり、本人の怠慢とは決めません。自分にも学び直す計画があり、今の分担を続けるとその未来が見通せなくなっています。約束した時には予想できなかった生活を、誰かが希望を諦めるだけの形にせず選び直す意味を考えます。,,当日の不調による予定変更から、共同生活を選んだ本人が、繰り返し見送った自分の未来と二人の約束を持って分担を決め直す責任へ。,,,,最終確認待ち
exp26-care-0588,健康・障害,4,3,decision_maker,chronic_condition_and_ongoing_life,あなたは長い不調の記録を続けるか決める。役立つか分からなくても、自分の時間を証明する意味を感じる？,仮の場面です。記録の医学的効果ではなく、本人の経験を残す価値を扱います。,,不調を記録する自己の意味。,,,,最終確認待ち
exp26-care-0589,健康・障害,4,3,affected,assistance_and_self_agency,自分の暮らしに支援が必要になったあなたは、全て整えてもらうと楽だが選ぶ機会が減った。何を自分の役目に残したい？,仮の場面です。身体的な実施と判断する主体を分ける場面です。,,支援の中で残す主体性。,,disability-003,,最終確認待ち
exp26-care-0590,健康・障害,4,3,affected,assistance_and_self_agency,あなたは道具を使えば自由に活動できるが、昔の自分と違う姿を意識する。自由と自己像をどう受け止めたい？,仮の場面です。道具が自立を減らすとは置かず、身体の意味の変化を扱います。,,補助具と本人の自由の実感。,,,,最終確認待ち
exp26-care-0591,健康・障害,4,3,affected,assistance_and_self_agency,あなたは手助けを頼むと、相手が生活全体を心配するようになった。必要な支援と自分の私生活をどう区切りたい？,仮の場面です。支援者の善意と本人の暮らしの裁量が並ぶ設定です。,privacy_and_surveillance,支援を求めた後の境界。,,,,最終確認待ち
exp26-care-0592,健康・障害,4,3,actor,assistance_and_self_agency,長く支援してきたあなたは、自分が代われば早く終わることをよい支援としてきた。本人は、遅くても自分で試した時間こそ暮らしだと言う。自分の有能さを手放すと感じても、何を支えた手応えとして関わりたい？,仮の場面です。重大な危険はなく、作業を早く完了することと、自分で試して過ごす時間に意味を感じることが並びます。支援者である自分には成果を出す役に長く誇りがあり、待つ関わりを選ぶと手応えが変わります。本人が一人でできることを増やす訓練に限定しません。,,作業を代わるか待つかという方法から、自分の有能さが支えだった人が、相手の生活の時間を支援の手応えにどう置くかへ。,,,,最終確認待ち
exp26-care-0593,健康・障害,4,3,decision_maker,assistance_and_self_agency,あなたは生活の支援計画を決める役を頼まれた。本人が安全より選ぶ機会を増やしたいと言う時、何を一緒に確認する？,仮の場面です。危険の程度はまだ不明で、選ぶ自由も計画に入れる設定です。,,支援計画で自由を背負う責任。,,,,最終確認待ち
exp26-care-0594,健康・障害,4,3,decision_maker,assistance_and_self_agency,あなたは自分の支援を引き継ぐ準備をする。細かな希望を書くと負担を増やす気がする時、何を自分の生活の条件として残す？,仮の場面です。希望を話すことと支援者への命令を同一にしない場面です。,,本人の望みを記録する遠慮。,,,,最終確認待ち
exp26-care-0595,健康・障害,4,3,affected,visible_and_invisible_disability,あなたの障害は外から見えず、できる日に疑われた経験があるとする。配慮を受けるため、何をどこまで知ってほしい？,仮の場面です。病名を明かす以外に困り方を話す余地を残す仮定です。,discrimination_and_hate,見えない障害の信頼と開示。,,,,最終確認待ち
exp26-care-0596,健康・障害,4,3,affected,visible_and_invisible_disability,あなたは配慮を受ける場で、できないことを毎回説明する必要がある。説明をやめると機会を失う時、何を変えてほしい？,仮の場面です。支援にアクセスする負担と参加する望みが並ぶ架空の仕組みです。,,配慮の説明で失う時間と尊厳。,,,,最終確認待ち
exp26-care-0597,健康・障害,4,3,affected,visible_and_invisible_disability,外から見える障害があるあなたは、会う人が最初に手助けを申し出る。自分の何を先に知ってほしい？,仮の場面です。手助けの意図を否定せず、本人の紹介の順序を考えます。,,見える障害と自己紹介の主導。,,,,最終確認待ち
exp26-care-0598,健康・障害,4,3,actor,visible_and_invisible_disability,あなたは配慮を頼む人の相談相手で、周囲へ説明した方が楽だと思う。本人が隠したいと言う時、どんな支えを選ぶ？,仮の場面です。本人の情報を善意で広げない設定です。支援が一つの方法には限りません。,privacy_and_surveillance,支援と本人の非公開の望み。,,disability-006,,最終確認待ち
exp26-care-0599,健康・障害,4,3,decision_maker,visible_and_invisible_disability,あなたが集まりの参加方法を決める。理由を公表せず配慮を受けたい人に、皆の理解をどのように求めたい？,仮の場面です。個人情報を出すことだけを理解の条件にしない設計です。,privacy_and_surveillance,非公開の配慮を支える責任。,,,,最終確認待ち
exp26-care-0600,健康・障害,4,3,actor,visible_and_invisible_disability,あなたは配慮を受けて達成したことを紹介する。支援の存在を話すと努力が軽く見られそうな時、何を自分の成果と語る？,仮の場面です。支援と本人の努力を競合する価値へ固定しない場面です。,,援助がある達成の本人の意味。,,,,最終確認待ち
exp26-care-0601,健康・障害,4,3,affected,bodily_change_and_self_image,あなたは身体が変わり、以前楽しんだ姿を見せる場へ行きたくなくなった。自分の何を変わらないものとして知ってほしい？,仮の場面です。活動の形と人としての自己像を分ける設定です。,,身体の変化と関係の中の自己。,,disability-010,,最終確認待ち
exp26-care-0602,健康・障害,4,3,affected,bodily_change_and_self_image,あなたは以前できた動きを失ったが、新しいやり方で同じ趣味を続けられる。失ったことと続くことをどう受け止める？,仮の場面です。変更した方法が劣ると決めず、活動の本人の意味を考えます。,,能力の喪失と継続する楽しみ。,,,,最終確認待ち
exp26-care-0603,健康・障害,4,3,affected,bodily_change_and_self_image,あなたの身体の変化を家族がかわいそうと言う。自分には今の生活の喜びもある時、何を一緒に見てほしい？,仮の場面です。困難と喜びの両方を残す場面です。相手の同情を悪意にしません。,,身体への他者の評価との違い。,,,,最終確認待ち
exp26-care-0604,健康・障害,4,3,actor,bodily_change_and_self_image,あなたは大切な人の身体の変化を、昔の姿と比べてしまう。相手が今の自分を見てほしいと言う時、何を学び直したい？,仮の場面です。昔への愛着と本人の現在の自己像が並ぶ設定です。,,支える人の比較の見直し。,,,,最終確認待ち
exp26-care-0605,健康・障害,4,3,decision_maker,bodily_change_and_self_image,あなたは自分の身体の記録を残すか選ぶ。変化を認めるために見ることと、毎日比べないことをどう大切にしたい？,仮の場面です。写真や数値の効果を一律に断定しない場面です。,,身体の記録との深い距離。,,,,最終確認待ち
exp26-care-0606,健康・障害,4,3,decision_maker,bodily_change_and_self_image,あなたは生活の方法を変える決定をする。以前のやり方への誇りがあっても、今の楽さを選ぶことをどう感じる？,仮の場面です。変えることを敗北とせず、過去の努力の意味も残します。,,身体の暮らし方を選び直す意味。,,,,最終確認待ち
exp26-care-0607,健康・障害,4,3,affected,pain_and_understanding,あなたのつらさは数値で十分に説明できず、相手には軽く見える。理解されるために何を言い、何は説明せず信じてほしい？,仮の場面です。身体の苦痛の実感と観察の差を扱う架空場面です。診断を求めません。,medical_and_end_of_life,痛みを説明する限界と信頼。,,,,最終確認待ち
exp26-care-0608,健康・障害,4,3,affected,pain_and_understanding,あなたは痛みがなくなることだけを願ってきたが、少し楽になっても日々が満たされない。次に何を生活へ戻したい？,仮の場面です。架空の経過で、痛みの軽減が心の回復を保証するとはしません。,medical_and_end_of_life,症状と生活の充足の違い。,,,,最終確認待ち
exp26-care-0609,健康・障害,4,3,affected,pain_and_understanding,あなたはつらさを話すと周囲が心配するため黙るようになった。負担をかけないことと支えられることをどう望む？,仮の場面です。痛みを語ることが相手を傷つけるとは固定しない場面です。,medical_and_end_of_life,苦痛を語らない遠慮。,,,,最終確認待ち
exp26-care-0610,健康・障害,4,3,actor,pain_and_understanding,あなたは医療者として、検査で確かめられることを重く見てきた。長く診ている患者から、検査には表れない苦痛を信じてもらえず、もう話せなくなったと言われる。自分の確かさへのこだわりと築いてきた信頼を、どう受け止めて関わり直したい？,仮の場面です。検査の数値だけで全ての苦痛を説明できるという医学上の主張ではなく、双方が相談をどう経験してきたかが異なる設定です。自分は確かめた情報を大切にしてきましたが、相手は苦痛の言葉が届かなかったと感じています。診断や治療の正解を求めず、自分の関わりへの信頼と責任を考えます。,medical_and_end_of_life,0483の医療の成果の評価から、医療者本人が大切にしてきた確かさと、長い相談で失われた信頼を引き受ける行為へ。,,,,最終確認待ち
exp26-care-0611,健康・障害,4,3,decision_maker,ethical_weight_of_medical_roles,患者の痛みを楽にする仕事が自分の生きがいだったあなたは、長く診た人の苦痛を支えきれないまま、体力の限界から担当を離れる時期を決める必要がある。自分の人生を守る決定を、患者への責任とどう結び付けたい？,仮の場面です。本人の苦痛は続いており、自分は支え続けたい意味を仕事に感じていますが、今の体力で同じ担当を続けることにも限界があります。他の支援へ引き継ぐ余地はある一方、同じ関係が続くとは限りません。治療効果や引継ぎの医療上の手順を一般化せず、自分の人生と責任の終え方を考えます。,medical_and_end_of_life,0482の治療の目標の比較から分け、苦痛を支える仕事を生きがいとした本人が、未完の責任を持ちながら担当を離れる人生の決定へ。,,,,最終確認待ち
exp26-care-0612,健康・障害,4,3,actor,pain_and_understanding,あなたは痛みのある家族への関わり方を決める。話題にしない時間も欲しいと言われたら、心配をどこへ置きたい？,仮の場面です。何も話さないことが無関心とは限らない設定です。,medical_and_end_of_life,苦痛から離れる関係の時間。,,,,最終確認待ち
exp26-care-0613,健康・障害,4,3,affected,trust_in_medical_relationships,あなたは長く頼った医療者と今の生活の目標が合わない。信頼した人から離れることと、自分の望みを守ることをどう考える？,仮の場面です。専門的な問題は確定しておらず、話す価値の違いを扱う設定です。,medical_and_end_of_life,医療の信頼と自分の目標。,,,,最終確認待ち
exp26-care-0614,健康・障害,4,3,affected,trust_in_medical_relationships,あなたは病気の説明を理解したふりを続け、家族も納得したと思っている。今から分からないと話す時、何が怖い？,仮の場面です。理解を確かめる余地がある架空の場面です。以前の返事で責めることは目的にしません。,medical_and_end_of_life,医療の理解を語り直す重さ。,,,,最終確認待ち
exp26-care-0615,健康・障害,4,3,affected,trust_in_medical_relationships,あなたは医療者の薦めより別の方針を選びたいが、関係が悪くなりそうで言えない。何があれば自分の望みを話せる？,仮の場面です。医学上の優劣は断定せず、同意しない時の関係の安心を考えます。,medical_and_end_of_life,医療への不同意を話す条件。,,,,最終確認待ち
exp26-care-0616,健康・障害,4,3,actor,trust_in_medical_relationships,あなたは医療者で、信頼した患者が別の意見も聞きたいと言う。自分への評価と患者の選択をどう受け止める？,仮の場面です。他の意見を求めることが不信とは限らない架空場面です。,medical_and_end_of_life,専門職の信頼と相談先の自由。,,,,最終確認待ち
exp26-care-0617,健康・障害,4,3,decision_maker,trust_in_medical_relationships,あなたは家族から治療を選ぶ役を任された。本人が後から迷い始めた時、決めた責任と現在の希望をどう扱う？,仮の場面です。決定後でも再相談できる設定です。法的な代理権限は述べません。,medical_and_end_of_life,代理で選んだ責任と本人の迷い。,,,,最終確認待ち
exp26-care-0618,健康・障害,4,3,decision_maker,trust_in_medical_relationships,あなたは患者との治療の相談を進める役だが、自分の薦めに賛成してほしい気持ちもある。何を自分の責任として区切りたい？,仮の場面です。専門的に説明する役と本人の価値を決める役を分ける架空場面です。,medical_and_end_of_life,相談を進める側の誘導への自覚。,,,,最終確認待ち
exp26-care-0619,健康・障害,4,3,affected,tests_and_not_knowing,あなたは今すぐ治療に関わらないが将来の病気の可能性を示す情報を得られるとする。知れば計画を変えたくなる時、何を知りたい？,仮の場面です。検査の精度や予防効果は置かず、架空の情報の受け取り方を考えます。,medical_and_end_of_life,将来の身体を知る負担。,,healthcare-012,,最終確認待ち
exp26-care-0620,健康・障害,4,3,affected,tests_and_not_knowing,あなたは健康情報を詳しく知るほど安心してきたが、ある結果を聞くのが怖い。自分らしい判断を保つため何を待ちたい？,仮の場面です。知る勇気と逃避の二択にせず、情報を受け取る時期を考えます。,medical_and_end_of_life,知りたい自分と怖い自分の併存。,,,,最終確認待ち
exp26-care-0621,健康・障害,4,3,affected,tests_and_not_knowing,あなたは身体の情報を受け取ったが、起こるか分からないことのために毎日を変えたくない。準備と普段の暮らしをどう置く？,仮の場面です。未来は不確実な仮定です。具体的な健康行動を推奨しません。,medical_and_end_of_life,不確かな情報と生活の優先。,,,,最終確認待ち
exp26-care-0622,健康・障害,4,3,actor,tests_and_not_knowing,あなたは医療者として不確かな結果を説明する。患者がはっきりした答えだけを求める時、どんな責任を背負う？,仮の場面です。確定していないことを断定しない場面です。安心を与える望みも残します。,medical_and_end_of_life,確かさを求められる説明の倫理。,,,,最終確認待ち
exp26-care-0623,健康・障害,4,3,decision_maker,tests_and_not_knowing,あなたは家族へ健康の情報を伝える役を頼まれた。詳しく知りたい人と今は知りたくない人へ、どう別々に関わりたい？,仮の場面です。必要な治療の説明を省く提案ではなく、架空の情報共有の範囲です。,medical_and_end_of_life,家族内の情報の裁量の調整。,,,,最終確認待ち
exp26-care-0624,健康・障害,4,3,decision_maker,tests_and_not_knowing,あなたは自分の健康記録を見る頻度を決める。細かく知ると安心するが一日中身体が気になる時、何を守りたい？,仮の場面です。記録の効能を断定せず、本人の注意と生活の意味を考えます。,,健康記録への注意と生活の自由。,,,,最終確認待ち
exp26-care-0625,健康・障害,4,3,affected,returning_after_treatment,長い治療を終えたあなたに、周囲は元に戻れたねと言う。自分は前と違うと感じる時、どんな変化を知ってほしい？,仮の場面です。治療の区切りと本人の時間が同時とは限らない設定です。,medical_and_end_of_life,治療後の変わった自己の尊重。,,,,最終確認待ち
exp26-care-0626,健康・障害,4,3,affected,returning_after_treatment,あなたは治療中に失った時間を取り戻そうと予定を詰めたくなる。新しい身体のペースと、取り戻したい自分をどう考える？,仮の場面です。活動できる余力が以前と違う架空の生活です。休むことを敗北にしません。,,失った時間と身体のペース。,,,,最終確認待ち
exp26-care-0627,健康・障害,4,3,affected,returning_after_treatment,あなたは治療の支援が終わると病気の話をする場所も失うと感じる。生活へ戻ることにどんなつながりを残したい？,仮の場面です。支援を使わない生活と、一人で抱える生活を同一にしない設定です。,,治療後の支えの継続の意味。,,,,最終確認待ち
exp26-care-0628,健康・障害,4,3,actor,returning_after_treatment,あなたは回復した友人へ以前の役割をまた頼みたいが、本人は違う暮らしを望む。懐かしさをどのように受け止める？,仮の場面です。復帰が全ての過去の役割を引き受けるとは限らない場面です。,,回復した人への過去の期待。,,,,最終確認待ち
exp26-care-0629,健康・障害,4,3,decision_maker,returning_after_treatment,あなたは支援を終了する面談を担当する。状態は安定したが本人はまだ不安だと話す時、終了に何を託したい？,仮の場面です。無期限の継続だけに限らず、再相談などの余地を考える架空の支援です。,,支援を終える側の責任。,,,,最終確認待ち
exp26-care-0630,健康・障害,4,3,decision_maker,returning_after_treatment,あなたは回復の経験を紹介するか決める。成功した話にすると、戻らなかったものが消える時、何を残したい？,仮の場面です。良い変化と失ったものを両方語れる場面です。,,回復の語りの本人の意味。,,,,最終確認待ち
exp26-care-0631,健康・障害,4,3,affected,health_identity_and_other_roles,あなたは長く病気で知られ、新しい友人にも最初に体調を聞かれる。自分の何を知られることで対等と感じる？,仮の場面です。病気への気遣いを悪意にせず、複数の自分を考えます。,,健康状態以外の自己と対等さ。,,,,最終確認待ち
exp26-care-0632,健康・障害,4,3,affected,health_identity_and_other_roles,あなたは必要な配慮がある場所で過ごすと楽だが、趣味の仲間とは離れる。安心と自分の居場所をどう選びたい？,仮の場面です。どちらの場にも価値があり、完全に同時に使えない仮定です。,,身体への安心と所属の利害。,,,,最終確認待ち
exp26-care-0633,健康・障害,4,3,affected,health_identity_and_other_roles,あなたは病気を経験したことで他の人を支えられると言われるが、今は自分の人生を過ごしたい。何を役割として引き受ける？,仮の場面です。経験を社会へ返すことを義務としない設定です。,,病気の経験を返す期待。,,,,最終確認待ち
exp26-care-0634,健康・障害,4,3,actor,health_identity_and_other_roles,あなたは同じ病気の新しい仲間へ自分の経験を話す。相手が違う生き方を望む時、自分の方法をどう置きたい？,仮の場面です。同じ病気でも生活の価値は一致しない架空の関係です。,,経験者の助言と個人の価値。,,,,最終確認待ち
exp26-care-0635,健康・障害,4,3,decision_maker,health_identity_and_other_roles,治療中につながった仲間の会を、あなたは守ってきた。回復した人は会を離れ、病気が続く自分と仲間が残るようになった。退会を喜びたい気持ちと取り残される感覚がある時、自分の居場所でもある会をどう続けたい？,仮の場面です。病気を経験した仲間との会が、自分には続く病気と暮らす居場所です。回復後に離れる人にも自分の生活を広げる意味があり、残ることが回復の遅さを示す基準とは決めません。運営を担う自分が、離れる人との違いを抱えながら場を続ける意味を考えます。,,0540の交流会の話題の選択から分け、回復とともに離れる仲間を見送り、病気の続く自分も居る場を続ける意味へ。,,,,最終確認待ち
exp26-care-0636,健康・障害,4,3,decision_maker,health_identity_and_other_roles,あなたは自分の紹介文を選ぶ。障害を語ると活動を理解されやすいが、それだけで見られたくない時、何を載せる？,仮の場面です。理解への便利さと自己紹介の主導権が並ぶ場面です。,privacy_and_surveillance,障害の紹介と複数の自己。,,,,最終確認待ち
exp26-care-0637,健康・障害,4,3,affected,accommodating_life_without_debt,あなたは配慮のおかげで活動を続けるが、毎回恩を返す気持ちになる。参加すること自体をどう自分の権利や関係と感じる？,仮の場面です。具体的な法的権利ではなく、本人が感じる対等さを考えます。,,配慮の負債感と対等な参加。,,,,最終確認待ち
exp26-care-0638,健康・障害,4,3,affected,accommodating_life_without_debt,あなたの配慮が集まりの皆に便利だと分かった。便利でない時も必要だったことを、どう理解してほしい？,仮の場面です。他人への利点だけで本人の必要を測らない設定です。,,配慮を正当化する本人の必要。,,,,最終確認待ち
exp26-care-0639,健康・障害,4,3,affected,accommodating_life_without_debt,あなたは配慮を求める時に前向きに振る舞う方が聞いてもらえると感じる。つらいまま話す自分をどう守りたい？,仮の場面です。態度で支援の必要を判定する仕組みを実際の制度とは断定しません。,,配慮を求める感情の自由。,,,,最終確認待ち
exp26-care-0640,健康・障害,4,3,actor,accommodating_life_without_debt,あなたは支援する人からお礼を受けるのがうれしい。本人が毎回謝るようになった時、自分の関わりをどう変えたい？,仮の場面です。感謝を望むことと負い目を強めることを分ける場面です。,,支援者の感謝への期待。,,,,最終確認待ち
exp26-care-0641,健康・障害,4,3,decision_maker,accommodating_life_without_debt,あなたは配慮を続ける方法を決める。本人が「迷惑ならやめる」と言う時、必要と遠慮をどう別々に聞く？,仮の場面です。他の人の実際の負担と本人の想像が同じとは限らない設定です。,,支援の決定で遠慮を扱う責任。,,,,最終確認待ち
exp26-care-0642,健康・障害,4,3,decision_maker,accommodating_life_without_debt,あなたは自分への配慮を選び直す。助かった方法が今は目立ってつらい時、過去のお礼と今の望みをどう伝える？,仮の場面です。一度助かったことが継続の同意とはならない場面です。,,配慮を変更する本人の負い目。,,,,最終確認待ち
exp26-care-0643,健康・障害,4,3,affected,health_and_future_life_projects,あなたは身体の変化で将来の夢を同じ形では続けにくいと知る。形を変えることと夢を手放すことをどう区別したい？,仮の場面です。夢の内容や能力の医学的評価は仮定です。本人の意味を考えます。,,身体と人生の企ての継続。,,,,最終確認待ち
exp26-care-0644,健康・障害,4,3,affected,health_and_future_life_projects,あなたは体調の先が読めず、長く続く約束を避けている。大切な人と未来を話す時、何を約束できると感じる？,仮の場面です。確かな健康が約束の唯一の条件とは置きません。,,不確かな身体と未来への約束。,,,,最終確認待ち
exp26-care-0645,健康・障害,4,3,affected,health_and_future_life_projects,あなたは今の身体で新しい生活を始めたいが、家族はもっと良くなってからと望む。始める時期に何を大切にする？,仮の場面です。準備の条件は未確定で、今を生きる望みと安心を待つ望みが並びます。,,回復を待たない人生の開始。,,,,最終確認待ち
exp26-care-0646,健康・障害,4,3,actor,health_and_future_life_projects,あなたは将来の生活を相談する人を支える。本人が今の希望を先に話す時、自分の心配をどこへ置きたい？,仮の場面です。心配を隠すことと相手の未来を止めることは別である設定です。,,健康の将来を支える人の不安。,,,,最終確認待ち
exp26-care-0647,健康・障害,4,3,decision_maker,health_and_future_life_projects,あなたは体調に合わせる暮らしの計画を決める。失敗に備えると夢が小さくなる気がする時、何を備えと希望に分ける？,仮の場面です。備えが夢の否定とは限らない場面です。具体的なリスクは示しません。,,健康の備えと希望を持つ責任。,,,,最終確認待ち
exp26-care-0648,健康・障害,4,3,decision_maker,health_and_future_life_projects,あなたは病気の前に立てた長期計画を見直す。続けなかったことを後で悔やみそうな時、今の自分へ何を認めたい？,仮の場面です。未来の評価が分からない中で現在の身体と価値を扱う設定です。,,病気で選び直す人生の納得。,,,,最終確認待ち
exp26-care-0649,健康・障害,4,3,affected,dignity_in_intimate_support,あなたは身体の世話を受ける暮らしになり、親しい人に見せたくない姿もある。安心と親密さの距離をどう守りたい？,仮の場面です。介助の必要と私的な身体の範囲を分ける仮定です。具体的な経験は求めません。,medical_and_end_of_life,身体のケアと親密さの境界。,,,,最終確認待ち
exp26-care-0650,健康・障害,4,3,affected,dignity_in_intimate_support,あなたは人に触れてもらう支援が必要だが、日によって相手が近いとつらい。必要な支援の中で何を選べると安心する？,仮の場面です。必要の存在と同じ方法への同意を区別する架空の介助です。,,身体の援助を選ぶ主体性。,,,,最終確認待ち
exp26-care-0651,健康・障害,4,3,affected,dignity_in_intimate_support,あなたは自分の支援を親しい相手に任せると、相手との時間が世話ばかりになる。どんな二人の時間を取り戻したい？,仮の場面です。支援と親密な関係が重なった生活を想定します。,,ケアと私的関係を分ける望み。,,,,最終確認待ち
exp26-care-0652,健康・障害,4,3,actor,dignity_in_intimate_support,あなたは大切な人の身体を支える役を初めて担う。本人の希望を聞くことと、失敗が怖い自分をどう扱う？,仮の場面です。技術の説明だけでは不安が消えない架空のケアです。,,身体を預かる側の不安と責任。,,,,最終確認待ち
exp26-care-0653,健康・障害,4,3,decision_maker,dignity_in_intimate_support,あなたが介助の方法を決める時、本人は効率が悪くても恥ずかしさの少ない方法を望む。何を優先の理由にしたい？,仮の場面です。利用できる時間と本人の尊厳が並ぶ場面です。具体的な手順は求めません。,,身体の介助で尊厳を守る判断。,,,,最終確認待ち
exp26-care-0654,健康・障害,4,3,affected,dignity_in_intimate_support,あなたは介助する人から親しみのある冗談を言われる。普段は楽しいが身体の世話の時は嫌なら、どんな関係を望む？,仮の場面です。場面によって同じ言葉の意味が変わる設定です。,,支援の場面による親密さの変化。,,,,最終確認待ち
exp26-care-0655,健康・障害,4,3,actor,ethical_weight_of_medical_roles,医療者として多くの人へ、支援を頼ってよいと伝えてきたあなた。自分が病気になった今、助けを頼むと専門家としての信頼が揺らぐ気がして隠している。仲間へ助けを求めることに、自分はどんな意味を引き受けたい？,仮の場面です。病気になったことが実際に専門家への信頼を失わせるとは決めません。自分には専門的な役を担い続けたい意味があり、自分の病気については支援を頼むことをためらっています。人へ伝えてきた考えを自分にも向けることと、話す範囲を選ぶことを考えます。,medical_and_end_of_life,0574の患者の治療観と生活の価値から分け、支援を勧めてきた専門家が自分にも支援を求める時の自己像と行為へ。,,,,最終確認待ち
exp26-care-0656,健康・障害,4,3,actor,ethical_weight_of_medical_roles,あなたは患者の希望を家族へ伝える役で、家族は自分たちの準備も聞いてほしいと言う。誰の味方であることをどう考える？,仮の場面です。本人への支援と家族の声を聞くことは一つの立場に限りません。,medical_and_end_of_life,医療の相談役の複数の責任。,,,,最終確認待ち
exp26-care-0657,健康・障害,4,3,actor,ethical_weight_of_medical_roles,あなたは長年診た人の看取りに関わる。自分が思う良い最期と本人の希望が違う時、何を手放したい？,仮の場面です。医療者にも関係への思いがあるが、本人の意味は別にある設定です。,medical_and_end_of_life,専門職の良い最期への思い。,,,,最終確認待ち
exp26-care-0658,健康・障害,4,3,actor,ethical_weight_of_medical_roles,あなたは患者に治療を薦めたが、本人は後で生活を失ったと話す。結果の責任と当時の相談をどう振り返りたい？,仮の場面です。選択時の情報も結果も架空で、不正な説明は確定していません。,medical_and_end_of_life,医療の薦めを振り返る責任。,,,,最終確認待ち
exp26-care-0659,健康・障害,4,3,decision_maker,ethical_weight_of_medical_roles,あなたは複数の支援案から本人と一つを選ぶ役を担う。安全を優先して自由を減らす案に本人が同意した時、何を確かめ続けたい？,仮の場面です。一度の同意だけで今後の希望を固定しない設定です。,,支援の同意と継続した責任。,,,,最終確認待ち
exp26-care-0660,健康・障害,4,3,decision_maker,ethical_weight_of_medical_roles,看取りの面会を調整したあなたは、本人から内密に頼まれ、ある家族との面会を断った。亡くなった後、その家族から「あなたの判断で会えなかった」と責められる。本人との約束と、自分を守るために事情を説明したい気持ちをどう扱う？,仮の場面です。本人はその家族と会わない希望を持ち、その希望を他の人には伝えないでほしいとあなたに頼んでいました。あなたが本人の希望だったと説明すれば、自分への誤解を解ける可能性がありますが、約束した内容も知らせることになります。説明する範囲を変える余地も含め、本人が亡くなった後も残る約束と、自分が負う責任を考えます。法律上の義務を断定する問いではありません。,medical_and_end_of_life / privacy_and_surveillance,0563の面会前の相談基準から分け、看取り後に故人との約束を守ることが自分への非難を引き受けることにもなる時、何を守りたいかを聞く。,,,,最終確認待ち
exp26-care-0661,健康・障害,4,3,actor,listening_to_changed_bodies,あなたの大切な人は身体が変わってもいつもどおり接してほしいと言う。手助けが必要な場面を、どんな関係として聞きたい？,仮の場面です。普段どおりの関係と必要な支援が両立する余地があります。,,身体の変化を受ける側の理解。,,,,最終確認待ち
exp26-care-0662,健康・障害,4,3,actor,health_support_and_reciprocity,あなたは病気の友人へ「助けは返さなくていい」と伝え、長く支えてきた。友人が回復した今、自分も助けを必要としている。あの約束を守ることと新しく頼ることを、どう分けて伝えたい？,仮の場面です。支援をしていた時は見返りを求めず、友人にもそう伝えていました。今は自分が助けを必要としていますが、友人が何を引き受けられるかは分かりません。過去の支援への返済を求めることと、今の友人として頼ることが同じかを考えます。,,0628の友人に元の役割を期待する気持ちから分け、返さなくてよいと伝えた過去のケアと、新たに自分が頼る関係の境界へ。,,,,最終確認待ち
exp26-care-0663,健康・障害,4,3,actor,listening_to_changed_bodies,あなたは身近な人の不調を何とかしたいが、本人は解決より一緒に過ごしたいと言う。何を支える行為と感じる？,仮の場面です。援助の成果と関係の時間を分ける架空の関わりです。,,健康の支援で解決を手放す意味。,,,,最終確認待ち
exp26-care-0664,健康・障害,4,3,actor,listening_to_changed_bodies,あなたは家族の身体の変化を心配し続けている。本人が自分の良い日も見てほしいと言う時、どんな注意を変えたい？,仮の場面です。心配が本人の生活を一面だけにする可能性を残します。,,心配する人の見る範囲。,,,,最終確認待ち
exp26-care-0665,健康・障害,4,3,actor,listening_to_changed_bodies,病気後の暮らしを変えたあなたは、同じ病気でも以前の生活を続けて満たされている仲間の話を聞く役を引き受けた。自分の決断を正しかったと思いたい気持ちを、相手との会話にどこまで持ち込みたい？,仮の場面です。自分が選んだ暮らしにも理由があり、違う道を選んだ仲間の満足を聞くと、選ばなかった生活への思いが揺らぎます。二人の治療や回復の良し悪しを比較する条件は置きません。相手を支えて聞く時間を、自分の選択の評価にも使うことの意味を考えます。,,0634の経験者の助言と相手の望みから分け、他者を支えて聞く本人が、自分の選ばなかった暮らしへの思いを会話へどこまで持ち込むかへ。,,,,最終確認待ち
exp26-care-0666,健康・障害,4,3,observer,listening_to_changed_bodies,あなたは、支援を受ける人にはできるだけ冒険しない暮らしがよいと、長く周りに語ってきた。ある人が自分なら選ばない生活に満たされる姿を見て、その考えは誰の安心を守っていたのか分からなくなった。自分の基準をどう受け止める？,仮の場面です。本人の生活には重大な危険を置かず、見ている自分の予想とは違う満足がある設定です。自分は安全を大切にする原則を長く支持してきましたが、その原則が本人の生活にも同じ意味を持つかが揺らいでいます。今ここで支援方針を決める役ではなく、支持してきた基準を見る立場です。,,第三者が選択を尊重する基準一般から、長く自分が支持してきた安全の原則の意味が、他者の暮らしを見ることで揺らぐ内省へ。,,,,最終確認待ち
exp26-care-0667,健康・障害,4,3,affected,choosing_support_and_farewell,あなたは長く頼った支援者から離れれば生活を広げられるが、安心を失う気がする。どんな別れ方なら次を始めたい？,仮の場面です。支援の終了に役割と感情の両方がある設定です。,,支援関係を離れる人生の節目。,,,,最終確認待ち
exp26-care-0668,健康・障害,4,3,affected,choosing_support_and_farewell,あなたは体調が落ち着き、支援の必要が減った。まだ頼りたい気持ちを贅沢と言われたら、何を支えとして説明したい？,仮の場面です。医学上の必要と関係の安心を同じとは決めない場面です。,,支援が減る時の安心の意味。,,,,最終確認待ち
exp26-care-0669,健康・障害,4,3,actor,choosing_support_and_farewell,あなたは、本人が自分に何でも話せることに支援者としての価値を感じてきた。新しい担当へ任せた後、本人が自分には語らなかった望みをその人とかなえたと聞く。積み重ねた関係を、引継ぎの最後にどう語って手放したい？,仮の支援の引継ぎです。自分は本人が望みを率直に話せる関係を作れたことに、支援する仕事の意味を感じてきました。新しい担当とは別の望みが語られ、本人はそれがかなったと感じています。以前の支援を失敗と決めず、分かっていたと思う自己像と、支援を離れた後も続く本人の人生を考えます。,,支援のやり方を新担当へ任せる一般論から、何でも話せる関係を仕事の価値とした本人が、自分には語られなかった望みを知り関係を手放す意味へ。,,,,最終確認待ち
exp26-care-0670,健康・障害,4,3,decision_maker,choosing_support_and_farewell,あなたが自分の生活を新しい支援へ託す。これまでの方法を全て守ってもらうことと新しく試すことを、どう大切にしたい？,仮の場面です。安心する慣習と新しい自由が同時にある架空の変更です。,,支援を変える本人の継続と探索。,,,,最終確認待ち
exp26-livelihood-0001,仕事・経済,1,1,,work_meaning,仕事で「今日はよかった」と感じるのは、どんな瞬間？,,,働く満足の手触りを聞く。,,,,最終確認待ち
exp26-livelihood-0002,仕事・経済,1,1,,work_meaning,仕事を選ぶ時、仕事内容のどんなところに目が向く？,,,興味が向く仕事の要素を知る。,,,,最終確認待ち
exp26-livelihood-0003,仕事・経済,1,1,,work_craft,人に教えてみたい仕事の工夫はある？ 仮に考えてもいい。,,,技能を分ける喜びを聞く。,,,,最終確認待ち
exp26-livelihood-0004,仕事・経済,1,1,,work_rhythm,仕事に集中しやすいのは、一人の時間と人がいる時間のどちら？,,,集中を支える環境を聞く。,,,contact-013,最終確認待ち
exp26-livelihood-0005,仕事・経済,1,1,,work_rhythm,仕事を終えた気分になる、自分なりの区切りは？,,,労働から離れる感覚を聞く。,,,,最終確認待ち
exp26-livelihood-0006,仕事・経済,1,1,,work_recognition,感謝されないまま仕事が進む日も、終わった時に何を手応えにしたい？,,,他者の称賛がない労働の実感を聞く。,,,,最終確認待ち
exp26-livelihood-0007,仕事・経済,1,1,,work_learning,できるようになった作業を任せてもらう時、どんな言葉があるとうれしい？,,,習熟した人へ任せる承認を聞く。,,,,最終確認待ち
exp26-livelihood-0008,仕事・経済,1,1,,work_space,作業する場所に一つ自由に置けるなら、何を置く？,,,仕事場に欲しい安心を聞く。,,,,最終確認待ち
exp26-livelihood-0009,仕事・経済,1,1,,work_team,一緒に働きたい人には、どんな雰囲気がある？,,,働く相手の心地よさを知る。,,,,最終確認待ち
exp26-livelihood-0010,仕事・経済,1,1,,work_craft,同じ作業を繰り返すことに、どんな楽しさや退屈を感じる？,,,反復の受け止めを聞く。,,,,最終確認待ち
exp26-livelihood-0011,仕事・経済,1,1,,work_visibility,仕事の成果が形に残ることは、どのくらいうれしい？,,,成果を実感する形を知る。,,,,最終確認待ち
exp26-livelihood-0012,仕事・経済,1,1,,work_learning,いつか触れてみたい、今は知らない仕事は？,,,未経験の労働への関心を聞く。,,,,最終確認待ち
exp26-livelihood-0013,仕事・経済,1,1,,work_rhythm,忙しい日の休憩に、何があると仕事へ戻りやすい？,,,休息を整える好みを知る。,,,,最終確認待ち
exp26-livelihood-0014,仕事・経済,1,1,,work_team,仕事を頼まれる時、先に目的と手順のどちらを聞きたい？,,,依頼を受け取る入口を聞く。,,,,最終確認待ち
exp26-livelihood-0015,仕事・経済,1,1,,work_identity,名刺に肩書き以外の一言を書くなら、仕事の何を伝えたい？,,,職業を表す言葉を知る。,,,,最終確認待ち
exp26-livelihood-0016,仕事・経済,1,1,,work_learning,仕事が上達したと感じる、自分なりの目印は？,,,成長を実感する基準を知る。,,,,最終確認待ち
exp26-livelihood-0017,仕事・経済,1,1,,work_meaning,人から直接お礼を言われない仕事にも、どんな魅力があると思う？,,,見えない労働への感覚を聞く。,,,,最終確認待ち
exp26-livelihood-0018,仕事・経済,1,1,,work_rhythm,予定を詰めて早く終える働き方と、余白のある働き方。どちらが合いそう？,,,仕事の時間の好みを聞く。,,,,最終確認待ち
exp26-livelihood-0019,仕事・経済,1,1,,work_memory,仕事で使う道具に、愛着を持ちそう？ 使いやすさだけで選びそう？,,,道具と労働の距離を知る。,,,,最終確認待ち
exp26-livelihood-0020,仕事・経済,1,1,,work_future,仕事を一日体験できるなら、結果より何を見てみたい？,,,働く現場への好奇心を聞く。,,,,最終確認待ち
exp26-livelihood-0021,仕事・経済,2,1,,work_boundaries,職場の連絡に「返信は次の出勤日でいい」とある。休日にも届くことを、どう感じる？,,,返信義務と休息の感覚を分ける。,,r6-11-03-l3 / bridge-002,,最終確認待ち
exp26-livelihood-0022,仕事・経済,2,1,,work_meaning,収入と働く時間が同じなら、興味は薄いが人に頼られる仕事と、好きだがまだうまくできない仕事。どちらにひかれる？,,,頼られる意義と興味の重みを聞く。,,ethics-006 / work-003 / study-007,,最終確認待ち
exp26-livelihood-0023,仕事・経済,2,1,,work_recognition,共同作業で名前が出るのは代表者だけ。自分の貢献を知っている人がいれば、気にならない？,,,承認の範囲への感覚を聞く。,,,,最終確認待ち
exp26-livelihood-0024,仕事・経済,2,1,,work_team,頼まれた仕事の目的が分からない。まず引き受けるか、理由を聞くか、何で決める？,,,職場で納得を求める境界を聞く。,,,,最終確認待ち
exp26-livelihood-0025,仕事・経済,2,1,,work_feedback,職場で仕事の成果を褒められた後に改善点を聞くのと、改善点だけを詳しく聞くのでは、受け止め方が変わる？,,,仕事の成果の評価について、肯定を添えることと改善点だけを受け取ることの違いを聞く。,,,,最終確認待ち
exp26-livelihood-0026,仕事・経済,2,1,,work_learning,教わった方法より速いやり方を思いついた。まだ新人なら、いつ試してみたい？,,,習熟と工夫の距離を聞く。,,,,最終確認待ち
exp26-livelihood-0027,仕事・経済,2,1,,work_boundaries,退勤後に仕事のアイデアが浮かんだ。すぐ共有したい？ 自分のメモに留めたい？,,,自発的な関わりと休みを聞く。,,,,最終確認待ち
exp26-livelihood-0028,仕事・経済,2,1,,work_team,同僚が「手が空いたら助けて」と言う。余裕はあるが自分の仕事を磨きたい時、どう考える？,,,余力を差し出す基準を聞く。,,,,最終確認待ち
exp26-livelihood-0029,仕事・経済,2,1,,work_craft,仕上がりは同じでも手順が違う同僚に、自分のやり方をすすめたい？,,,技能と裁量の感覚を知る。,,,,最終確認待ち
exp26-livelihood-0030,仕事・経済,2,1,,work_visibility,準備が丁寧だとトラブルが起きず、仕事量が見えにくい。何を見てもらえたら納得する？,,,予防の貢献の承認を聞く。,,,,最終確認待ち
exp26-livelihood-0031,仕事・経済,2,1,,work_rhythm,始業前の雑談が好きな人と、すぐ作業したい人がいる。職場の朝に何を求める？,,,交流と始業の感覚を聞く。,,,,最終確認待ち
exp26-livelihood-0032,仕事・経済,2,1,,work_identity,知り合いから仕事の専門知識を無料で教えてと頼まれた。どこから仕事として扱いたい？,,,技能提供の私的境界を聞く。,,,,最終確認待ち
exp26-livelihood-0033,仕事・経済,2,1,,work_learning,分からないことをすぐ質問すると、相手の作業が止まる。どこまで自分で調べてから聞く？,,,質問と負担の基準を聞く。,,study-018,,最終確認待ち
exp26-livelihood-0034,仕事・経済,2,1,,work_recognition,役立つ改善をしたが、評価制度の対象外だった。自分の満足はどのくらい変わる？,,,評価と仕事の喜びを分ける。,,,,最終確認待ち
exp26-livelihood-0035,仕事・経済,2,1,,work_future,今の仕事は慣れて楽だが、新しい仕事には不安も興味もある。動くきっかけは何になりそう？,,,変化に向く条件を聞く。,,,,最終確認待ち
exp26-livelihood-0036,仕事・経済,2,1,,work_team,一人で速く終える仕事を、教えながら二人ですることになった。何が楽しみで何が負担？,,,育成を担う日常の感覚を聞く。,,,,最終確認待ち
exp26-livelihood-0037,仕事・経済,2,1,,work_rhythm,毎日同じ時間に働くのと、仕事内容に合わせて時間を変えるのでは、暮らしの何が違いそう？,,,予測可能な勤務の価値を聞く。,,,,最終確認待ち
exp26-livelihood-0038,仕事・経済,2,1,,work_boundaries,職場の昼食会は自由参加だが、そこで仕事の話も進む。欠席する人への配慮をどう考える？,,,任意交流と情報の境界を聞く。,,,,最終確認待ち
exp26-livelihood-0039,仕事・経済,2,1,,work_feedback,職場で仕事の失敗をすぐ指摘される方が助かる？ 人前を避けて後で伝えてほしい？,,,仕事の失敗を伝える時期と周囲の目の違いを聞く。,,,,最終確認待ち
exp26-livelihood-0040,仕事・経済,2,1,,work_craft,客は気づかない細部を整えるのに時間がかかる。仕事のどこまでこだわりたい？,,,本人の仕上げの基準を聞く。,,,,最終確認待ち
exp26-livelihood-0041,仕事・経済,2,1,,work_team,同僚の手伝いを「恩」として覚えていたい？ 次に困った人へ返す形でもいい？,,,職場の互恵性を聞く。,,,,最終確認待ち
exp26-livelihood-0042,仕事・経済,2,1,,work_identity,転職して前の肩書きがなくなった。初対面の人に、何を仕事の紹介として話したい？,,,肩書きと働く自己像を聞く。,,,,最終確認待ち
exp26-livelihood-0043,仕事・経済,2,1,,work_recognition,感謝の言葉と、小さな報酬。臨時の仕事を頼まれた時、受け止め方はどう違う？,,,ねぎらいの形への感覚を聞く。,,,,最終確認待ち
exp26-livelihood-0044,仕事・経済,2,1,,work_team,予定通り進めたい人と、途中で案を変えたい人が組む。どんな約束があると働きやすい？,,,協働の変更の余地を聞く。,,,,最終確認待ち
exp26-livelihood-0045,仕事・経済,2,1,,work_future,好きな趣味を仕事にする誘いがある。楽しさが変わることを、どう想像する？,,,趣味の職業化への感覚を聞く。,,,,最終確認待ち
exp26-livelihood-0046,仕事・経済,2,1,,work_learning,新しい作業の練習中、自分の失敗が同僚の確認を増やす。何があれば練習を続けやすい？,,,学びに必要な安心を聞く。,,,,最終確認待ち
exp26-livelihood-0047,仕事・経済,2,1,,work_boundaries,勤務中の休憩では、一人になりたい？ 同僚と話したい？ 誘いを断る時に何が気になる？,,,休憩の対人境界を聞く。,,school-013,school-013,最終確認待ち
exp26-livelihood-0048,仕事・経済,2,1,,work_visibility,長く担当している仕事ほど当たり前に思われる。何を言われると大切にされていると感じる？,,,継続労働の承認を聞く。,,,,最終確認待ち
exp26-livelihood-0049,仕事・経済,2,1,,work_feedback,客の好みと自分がよいと思う仕上がりが違う。提案をどこまで続けたい？,,,専門性を伝える日常の境界を聞く。,,,,最終確認待ち
exp26-livelihood-0050,仕事・経済,2,1,,work_team,チームの予定を立てる人に雑用が集まる。担当を交代するか、得意な人に任せるか、どう感じる？,,,調整役の固定化を聞く。,,,,最終確認待ち
exp26-livelihood-0051,仕事・経済,2,1,,work_rhythm,暇な時間にも職場にいる仕事と、終われば帰れる仕事。同じ報酬なら何を重く見る？,,,拘束と作業の違いを聞く。,,,,最終確認待ち
exp26-livelihood-0052,仕事・経済,2,1,,work_learning,独学で覚えた技能を「正式に習っていない」と心配された。自分なら何を見てもらいたい？,,,学びの経路と信頼を聞く。,,,,最終確認待ち
exp26-livelihood-0053,仕事・経済,2,1,,work_boundaries,同僚と休日に会った時も職場の呼び方を使う？ 別の距離に切り替えたい？,,,仕事関係の切替を聞く。,,,,最終確認待ち
exp26-livelihood-0054,仕事・経済,2,1,,work_recognition,自分の案が他の人の説明で採用された。伝えた人の力と案の貢献を、どう受け止める？,,,発案と伝達の貢献を分ける。,,,,最終確認待ち
exp26-livelihood-0055,仕事・経済,2,1,,work_craft,以前より楽にできるようになった作業を、同じ報酬で続けることに何を感じる？,,,習熟と対価の納得を聞く。,,,,最終確認待ち
exp26-livelihood-0056,仕事・経済,2,1,,work_team,職場で誰にも頼らず進める人がいる。自立した人と感じる？ 少し心配になる？,,,仕事で頼ることの意味を聞く。,,,,最終確認待ち
exp26-livelihood-0057,仕事・経済,2,1,,work_future,試して合わなかった仕事も、経歴として話したい？ 忘れて次へ進みたい？,,,職業上の試行の捉え方を聞く。,,,,最終確認待ち
exp26-livelihood-0058,仕事・経済,2,1,,work_boundaries,休暇中に、自分しか知らない手順を一度だけ聞かれた。どんな条件なら答えたい？,,,限定的な休暇連絡の条件を聞く。,,,,最終確認待ち
exp26-livelihood-0059,仕事・経済,2,1,,work_team,会議で自分の案と違う案に決まった。その後どんな関わり方なら力を出しやすい？,,,不採用後の協働を聞く。,,,,最終確認待ち
exp26-livelihood-0060,仕事・経済,2,1,,work_feedback,仕事を頼まれる時に「好きにしていい」と言われる。安心する？ 期待が読めず困る？,,,仕事を頼まれた時の裁量と期待の読みにくさを聞く。,,,,最終確認待ち
exp26-livelihood-0061,仕事・経済,2,1,,work_meaning,仕事の役立つ相手を知る機会がない。成果の数字以外に、何があると働く意味を感じる？,,,受益者が見えない仕事を聞く。,,,,最終確認待ち
exp26-livelihood-0062,仕事・経済,2,1,,work_rhythm,勤務中に集中が切れてきたのに、予定より早く進んでいる。休む時に何が気になる？,,,勤務中の進み具合と自分が休む感覚の違いを聞く。,,,,最終確認待ち
exp26-livelihood-0063,仕事・経済,2,1,,work_craft,仕事の手順書を細かく残すと、代わりが務まる人が増える。どんなうれしさや寂しさがある？,,,技能を開く感覚を聞く。,,,,最終確認待ち
exp26-livelihood-0064,仕事・経済,2,1,,work_recognition,職場で「何でもできる人」と呼ばれた。うれしい？ 専門を決めにくくなる？,,,万能という評価の受け止めを聞く。,,,,最終確認待ち
exp26-livelihood-0065,仕事・経済,2,1,,work_team,前の担当者が、今もあなたの作業に助言する。ありがたさと任された実感をどう感じる？,,,引継ぎ後の裁量を聞く。,,,,最終確認待ち
exp26-livelihood-0066,仕事・経済,2,1,,work_future,勤務地は気に入っているが仕事内容が合わない。仕事探しで場所をどれくらい重く見る？,,,職業選択の場所の価値を聞く。,,,,最終確認待ち
exp26-livelihood-0067,仕事・経済,2,1,,work_visibility,丁寧な接客より作業の速さをほめられた。自分のよい仕事の基準は揺らぐ？,,,顧客対応の評価を聞く。,,,,最終確認待ち
exp26-livelihood-0068,仕事・経済,2,1,,work_boundaries,仕事の場で私生活を尋ねられると親しみを感じる？ どんな話なら分けておきたい？,,,職場に見せる私生活を聞く。,,,,最終確認待ち
exp26-livelihood-0069,仕事・経済,2,1,,work_team,チームで同じ方法を使うと教えやすいが、自分の慣れた方法より遅い。どこをそろえたい？,,,統一と個人の効率を聞く。,,,,最終確認待ち
exp26-livelihood-0070,仕事・経済,2,1,,work_learning,年下の同僚から新しい技能を教わる。どんな関わりだと質問しやすい？,,,年齢を越えた学びの感覚を聞く。,,,,最終確認待ち
exp26-livelihood-0071,仕事・経済,2,1,,work_meaning,自分が得意な仕事を他の人もできると分かった。安心と物足りなさのどちらを感じそう？,,,代替可能性の受け止めを聞く。,,,,最終確認待ち
exp26-livelihood-0072,仕事・経済,2,1,,work_feedback,「期待している」と言われて難しい仕事を任された。期待のどこが励みで、どこが重い？,,,期待される仕事の感覚を聞く。,,,,最終確認待ち
exp26-livelihood-0073,仕事・経済,2,1,,work_future,別の部署の仕事を少し手伝う機会がある。今の専門が深まらなくても、知りたい？,,,探索と専門の距離を聞く。,,,,最終確認待ち
exp26-livelihood-0074,仕事・経済,2,1,,work_team,作業の途中を見せる人と完成してから見せる人がいる。どちらと組むと安心する？,,,途中共有の好みを聞く。,,,,最終確認待ち
exp26-livelihood-0075,仕事・経済,2,1,,work_boundaries,自分の勤務日は休みの同僚がいる。急がない依頼を送る時、相手の予定をどこまで意識する？,,,非同期勤務の気遣いを聞く。,,,,最終確認待ち
exp26-livelihood-0076,仕事・経済,2,1,,work_recognition,誰かに教えた工夫が広まり、自分の名前は忘れられた。何が残れば満足できる？,,,技能が広がる承認を聞く。,,,,最終確認待ち
exp26-livelihood-0077,仕事・経済,2,1,,work_identity,仕事の制服を着ると気持ちが変わる？ 自分らしさはどこに残したい？,,,職務役割と自己表現を聞く。,,,,最終確認待ち
exp26-livelihood-0078,仕事・経済,2,1,,work_rhythm,短い仕事をいくつも終える日と、一つの仕事をじっくり進める日。充実の感じ方は違う？,,,成果の単位の好みを聞く。,,,,最終確認待ち
exp26-livelihood-0079,仕事・経済,2,1,,work_memory,前の職場のよい習慣を今の職場へ持ち込みたい。何が違ったら、その習慣を手放す？,,,仕事の経験を移す条件を聞く。,,,,最終確認待ち
exp26-livelihood-0080,仕事・経済,2,1,,work_exit,短期の仕事が終わった後も連絡してと言われた。どんな関わりなら気持ちよく続けられる？,,,終了後の職場関係を聞く。,,,,最終確認待ち
exp26-livelihood-0081,仕事・経済,3,1,decision_maker,work_recognition,成果が見える部署ほど評価される会社で、事故を防ぐ裏方の貢献を何で測るべき？,仮の評価制度。起きなかった損失は測りにくく、評価を増やすと基準の説明が難しくなる。,,予防の貢献の制度評価を問う。,,,,最終確認待ち
exp26-livelihood-0082,仕事・経済,3,1,observer,work_recognition,昇進すると専門の仕事を離れる会社に、管理職にならない昇給の道を求めたい？,架空の会社。専門性を深める道と人をまとめる道で、待遇の根拠を考える。,,専門職の成長の道を問う。,,work-002,,最終確認待ち
exp26-livelihood-0083,仕事・経済,3,2,decision_maker,work_recognition,会社が客の感想を賃金評価に使うなら、担当した客の違いをどこまで調整すべき？,仮の評価。接客の質と客側の好みを分ける難しさがあり、補正にも判断が入る。,,受け手評価の比較条件を問う。,,ethics-006,,最終確認待ち
exp26-livelihood-0084,仕事・経済,3,1,actor,work_recognition,チームの成果への報酬は、参加時間と独自の工夫のどちらを基準に分けたい？,架空の共同事業。時間では技能を測れず、工夫だけでは継続した作業が見えない。,,共同成果の分配を問う。,,,,最終確認待ち
exp26-livelihood-0085,仕事・経済,3,1,observer,work_recognition,在宅勤務の成果を同じ基準で確認できるなら、出社回数を昇進の材料にしてよいと思う？,仮定では成果確認の条件をそろえる。現場の交流の価値を別の貢献として扱うかを考える。,,勤務場所の評価を問う。,,,,最終確認待ち
exp26-livelihood-0086,仕事・経済,3,2,decision_maker,work_recognition,相談に乗る仕事が多い人の貢献を記録すると、相談した人の事情まで残る。何を記録すべき？,架空の職場。支える仕事の評価と、相談を記録しない安心が関わる。,privacy_and_surveillance,支援労働の記録範囲を問う。,,,,最終確認待ち
exp26-livelihood-0087,仕事・経済,3,1,observer,work_recognition,会社の表彰は最もよい成果だけでなく、失敗を共有した行動も対象にすべき？,仮の表彰。学びを広げる行動と、成果を上げる行動を同じ制度で扱う難しさがある。,,失敗共有の評価を問う。,,,,最終確認待ち
exp26-livelihood-0088,仕事・経済,3,2,decision_maker,work_recognition,給与の決め方を全員に説明するため、個人ごとの評価理由も公開してよいと思う？,架空の制度。基準への信頼と、個人の不得意な点を職場に知られる負担が重なる。,privacy_and_surveillance,待遇説明の公開単位を問う。,,,,最終確認待ち
exp26-livelihood-0089,仕事・経済,3,1,decision_maker,work_recognition,同じ成果でも難しい担当を自分から選んだ人を高く評価する？ 担当を選べなかった人もいる。,仮の職場。挑戦を促す評価と、仕事の割当による機会差を分けて考える。,,評価機会の配分を問う。,,ethics-006,,最終確認待ち
exp26-livelihood-0090,仕事・経済,3,1,decision_maker,work_learning,会社の研修時間を、今の業務に役立つ学びと本人が選ぶ学びにどう分けたい？,仮の研修予算。即時の業務効果と、将来の可能性や本人の意欲を比べる。,,学習目的の制度配分を問う。,,,,最終確認待ち
exp26-livelihood-0091,仕事・経済,3,1,observer,work_learning,会社が費用を出した技能を身につけてすぐ転職する人を、どう受け止める？,架空の研修。費用返還の法的な可否ではなく、育成への期待と職業選択の感覚を問う。,,育成と退出の期待を問う。,,,,最終確認待ち
exp26-livelihood-0092,仕事・経済,3,1,decision_maker,work_learning,未経験者の練習に必要な確認作業を、教える人の通常業務から減らすべきだと思う？,仮の人員配置。育成の時間を確保すると、当面処理できる仕事の量が減る。,,育成負担の業務化を問う。,,,,最終確認待ち
exp26-livelihood-0093,仕事・経済,3,1,decision_maker,work_learning,社内で同じ講座を受けても習得速度が違う。再受講の機会は何で決めるべき？,仮の研修制度。本人の意欲、業務の必要、最初の学習条件を比較する。,,学び直しの機会を問う。,,,,最終確認待ち
exp26-livelihood-0094,仕事・経済,3,1,actor,work_learning,経験者の勘を手順にすると例外に対応しにくい。職場はどこまで方法を共通化したい？,架空の作業。引継ぎの容易さと、状況を読む裁量の両方に意味がある。,,暗黙知の共有範囲を問う。,,,,最終確認待ち
exp26-livelihood-0095,仕事・経済,3,1,observer,work_learning,短期間だけ働く人にも、長く勤める人と同じ技能研修を用意すべき？,仮の雇用。研修費を回収する期間と、働く期間の長さで学びを分ける納得が関わる。,,短期雇用の学習機会を問う。,,,,最終確認待ち
exp26-livelihood-0096,仕事・経済,3,2,decision_maker,work_learning,技能が古くなった人を新しい部署へ移す時、本人の過去の専門をどのくらい尊重すべき？,架空の配置転換。仕事の必要性と、築いた熟練を失う感覚がある。,,熟練の転換の扱いを問う。,,,,最終確認待ち
exp26-livelihood-0097,仕事・経済,3,1,observer,work_learning,職場の勉強会で、参加した人だけが新しい仕事を任される。任意参加のままでよいと思う？,仮の勉強会。学びの自発性と、参加しにくい人の機会の差を考える。,,任意学習と職務機会を問う。,,,,最終確認待ち
exp26-livelihood-0098,仕事・経済,3,1,decision_maker,work_learning,個人が作った便利な道具を会社全体で使う時、作った人の保守作業をどう位置づける？,架空の改善活動。広く使う利益と、善意の工夫が恒常的な仕事になる負担がある。,,自発的改善の継続責任を問う。,,,,最終確認待ち
exp26-livelihood-0099,仕事・経済,3,1,actor,work_boundaries,異なる時間帯で働く職場は、連絡を送る自由と受け取らない自由をどう両立させるべき？,仮の交代勤務。全員の休みに送らない運用は難しく、通知を切る裁量も問題になる。,,非同期勤務の連絡設計を問う。,,,,最終確認待ち
exp26-livelihood-0100,仕事・経済,3,1,decision_maker,work_boundaries,休憩中にも客が来る店で、応対した人に別の休憩を用意する費用は誰が負うべき？,架空の店。応対を断らない営業と、休息の時間を確保する人員の負担を比べる。,,中断される休憩の責任を問う。,,,,最終確認待ち
exp26-livelihood-0101,仕事・経済,3,1,affected,work_boundaries,勤務予定を直前まで決めない会社では、働く人にどんな選択肢を用意すべきだと思う？,仮の勤務編成。注文への対応と、生活を先に計画できることを考える。,,勤務の予測可能性を問う。,,,,最終確認待ち
exp26-livelihood-0102,仕事・経済,3,1,decision_maker,work_boundaries,会社が通勤の長い人に在宅勤務を優先する時、近くに住む人の希望をどう扱う？,架空の勤務制度。通勤負担の軽減と、住む場所に左右されない裁量が関わる。,,勤務裁量の配分を問う。,,,,最終確認待ち
exp26-livelihood-0103,仕事・経済,3,1,observer,work_boundaries,仕事の繁忙期が読めるなら、暇な時期に多く休む仕組みを本人の希望なしで導入してよい？,仮の繁閑。休みの総量だけでなく、使いたい時期が合うかも生活に影響する。,,休暇の時期の裁量を問う。,,,,最終確認待ち
exp26-livelihood-0104,仕事・経済,3,1,decision_maker,work_boundaries,会議を減らすため文書で意見を集めると、文章が得意な人ほど通る。何を補うべき？,架空の運用。時間の節約と、異なる伝え方で参加できる機会を比べる。,,非同期協働の発言条件を問う。,,,,最終確認待ち
exp26-livelihood-0105,仕事・経済,3,1,observer,work_boundaries,職場の連絡先を私用端末に登録することを避けたい人に、会社は別の手段を用意すべき？,仮の連絡環境。端末費用と、私生活へ仕事の連絡が入る境界を考える。,privacy_and_surveillance,仕事の連絡手段の分離を問う。,,,,最終確認待ち
exp26-livelihood-0106,仕事・経済,3,1,decision_maker,work_boundaries,客の緊急依頼にいつも答える人がいる。職場は熱意として評価するか、依頼の窓口を制限するか？,架空の職場。本人の満足、他の人への期待、対応を続ける負担が絡む。,,例外対応の常態化を問う。,,,,最終確認待ち
exp26-livelihood-0107,仕事・経済,3,1,observer,work_boundaries,副業で違う分野を学ぶ人に、本業の会社は何を確認する必要があると思う？,仮の副業。仕事内容や疲労の確認と、勤務外の活動の自由を分ける。,,勤務外労働の確認範囲を問う。,,,,最終確認待ち
exp26-livelihood-0108,仕事・経済,3,2,decision_maker,work_boundaries,休暇の理由を聞かずに希望を調整する制度でも、理由を伝えた人を優先してよいと思う？,仮の休暇調整。説明した事情への配慮と、話さない人の扱いが関わる。,,休暇理由の開示による差を問う。,,r6-18-04-l3,,最終確認待ち
exp26-livelihood-0109,仕事・経済,3,1,actor,work_team,チームの中で誰にも決まっていない雑務は、気づいた人より担当を決めて担う方がよい？,架空の協働。柔軟さが減る一方、気づく力への負担を見える形にできる。,,未定義の仕事の配分を問う。,,,,最終確認待ち
exp26-livelihood-0110,仕事・経済,3,1,observer,work_team,分業を細かくして速く働ける会社は、全体を学ぶ機会も勤務時間に設けるべき？,仮の生産体制。今の効率と、全体を理解して工夫する機会を比べる。,,分業下の仕事理解を問う。,,,,最終確認待ち
exp26-livelihood-0111,仕事・経済,3,1,decision_maker,work_team,外部の協力者を会議に入れると意見は増えるが、内部の迷いも知られる。どこから参加を求めたい？,架空の共同事業。発注だけの関係と、途中から一緒に決める関係を考える。,,外部協働の意思決定範囲を問う。,,,,最終確認待ち
exp26-livelihood-0112,仕事・経済,3,1,actor,work_team,小さな失敗を本人が直している職場で、全員へ報告する基準を何に置くべき？,仮の作業。報告の負担、再発への学び、担当者の裁量を比較する。,,失敗共有の必要範囲を問う。,,,,最終確認待ち
exp26-livelihood-0113,仕事・経済,3,1,affected,work_team,欠員が出るたび一時的に助け合う職場で、いつから増員を求めるべきだと思う？,架空の人員不足。短い助け合いと、仕事量を増やしたままの運営を分ける。,,一時支援と人員責任を問う。,,,,最終確認待ち
exp26-livelihood-0114,仕事・経済,3,1,decision_maker,work_team,担当外でも知識がある人に、確認を求める範囲を広げてよい？ 任された人の判断は遅くなる。,仮の職場。質の確認と、専門家へ集中する負担や責任の所在が関わる。,,専門家に頼る職務範囲を問う。,,,,最終確認待ち
exp26-livelihood-0115,仕事・経済,3,1,decision_maker,work_team,チームで案を一つに決めた後も、反対した人に代案の試作を認めるべき？,架空の開発。決定した案へ集中する利益がある一方、少数案を試さないと分からないことも残る。試作が他の人の作業を使う条件を考える。,,決定後の探索の余地を問う。,,,,最終確認待ち
exp26-livelihood-0116,仕事・経済,3,1,observer,work_team,仕事が滞らないなら、同僚同士の親しさを会社は積極的に育てるべきだと思う？,仮の職場。つながりの安心と、交流を職務として期待される感覚を分ける。,,親密さを求める組織を問う。,,,,最終確認待ち
exp26-livelihood-0117,仕事・経済,3,1,decision_maker,work_team,急な依頼を引き受ける人だけが頼られる会社で、断る人にも同じ成長機会を用意すべき？,仮の配置。急な依頼に応じる働き方の評価と、事前の約束を守る働き方の評価を分ける。頼まれやすさが成長の入口を決める問題がある。,,柔軟対応と成長の条件を問う。,,,,最終確認待ち
exp26-livelihood-0118,仕事・経済,3,1,actor,work_team,互いに確認する工程を減らす時、担当者の裁量と、失敗した時の責任をどう組にしたい？,架空の作業変更。任せることが責任だけの移転にならない条件を考える。,,裁量と責任の組合せを問う。,,,,最終確認待ち
exp26-livelihood-0119,仕事・経済,3,1,observer,work_exit,退職した人にしか分からない仕事が残る会社で、引継ぎ不足の責任を誰に置くべき？,仮の退職後。本人が書けた範囲と、記録する時間を会社が確保したかを分ける。,,引継ぎの組織責任を問う。,,work-002,,最終確認待ち
exp26-livelihood-0120,仕事・経済,3,1,decision_maker,work_exit,閉店する店の技能を残すため、地域が記録や見学の費用を負担してよいと思う？,架空の店。事業を続ける支援とは別に、仕事の知識を残す価値を考える。,,仕事の記憶の保存を問う。,,,,最終確認待ち
exp26-livelihood-0121,仕事・経済,3,1,observer,work_exit,長年の担当を離れる人に、後任を自分で選ぶ権限を残すべきだと思う？,仮の交代。築いた仕事への思いと、引き継ぐ組織や新担当の判断が関わる。,,退出者の影響の境界を問う。,,,,最終確認待ち
exp26-livelihood-0122,仕事・経済,3,1,decision_maker,work_exit,経験者を呼び戻す制度では、以前の役職と今の技能のどちらで仕事を任せるべき？,架空の再雇用。過去の承認と、今の仕事に必要な力量は一致するとは限らない。,,戻る人の職務の位置を問う。,,,,最終確認待ち
exp26-livelihood-0123,仕事・経済,3,1,actor,work_exit,事業を受け継ぐ人が仕事の方法を変えたい時、前の経営者の条件をどこまで尊重したい？,仮の継承。営業の継続と、過去の価値を残す約束の範囲を考える。,,事業継承の変更裁量を問う。,,,,最終確認待ち
exp26-livelihood-0124,仕事・経済,3,2,observer,work_exit,働く人が減る職場で、辞める理由を全員へ説明する制度を設けてよいと思う？,仮の退職調査。組織が学ぶ利益と、本人が理由を共有しない選択がある。,privacy_and_surveillance,退出理由の説明責任を問う。,,,,最終確認待ち
exp26-livelihood-0125,仕事・経済,3,1,decision_maker,work_exit,引継ぎ期間を確保できない短期事業を、組織はどんな条件で始めてよいと思う？,架空の計画。開始の利益だけでなく、終了時の記録や残る負担を考える。,,終了を含む仕事の設計を問う。,,,,最終確認待ち
exp26-livelihood-0126,仕事・経済,3,2,decision_maker,work_exit,廃止する業務を担当していた人に、新しい仕事を選ぶ優先権を認めるべき？,仮の再配置。変化の負担への配慮と、他の人が望む機会を比較する。,,業務廃止後の機会を問う。,,,,最終確認待ち
exp26-livelihood-0127,仕事・経済,3,1,actor,work_exit,離職する人の仕事を「誰でもできるように」整える時、技能への敬意をどう示したい？,架空の標準化。継続する仕事の安心と、個人が築いた熟練の意味を扱う。,,標準化で残す熟練の尊重を問う。,,,,最終確認待ち
exp26-livelihood-0128,仕事・経済,3,1,observer,work_meaning,生活に欠かせないが希望者の少ない仕事を、待遇以外に何で支えるべきだと思う？,仮の労働市場。使命感を求めるだけでよいか、働く環境や選べる道も考える。,,必要労働を支える条件を問う。,,r6-05-02-l3,,最終確認待ち
exp26-livelihood-0129,仕事・経済,3,1,observer,work_meaning,会社が仕事の目的を説明する時、社会への利益と利益を得る仕組みの両方を示すべき？,架空の事業説明。意義への共感と、働く人が事業を理解する納得を分ける。,,働く目的の説明を問う。,,,,最終確認待ち
exp26-livelihood-0130,仕事・経済,3,2,decision_maker,work_meaning,会社が商品を売る相手を限定すると、社員は誇りを感じるが売上は減る。誰がその方針を決める？,仮の商い。仕事への価値観と、事業を支える人の暮らしに影響する。,,事業目的の決定主体を問う。,,,,最終確認待ち
exp26-livelihood-0131,仕事・経済,3,1,decision_maker,work_meaning,成果の出ない仕事を続ける部署に、会社はいつまで探索の時間を認めるべき？,架空の新規事業。将来の可能性は未確定で、他の仕事へ使える資源もある。,,不確かな仕事の継続を問う。,,,,最終確認待ち
exp26-livelihood-0132,仕事・経済,3,1,observer,work_meaning,働く人が客の役に立つ実感を求める時、会社は客と会う機会を仕事に組み込むべき？,仮の工程。直接の交流を増やすと作業時間は減るが、仕事の理解は深まるかもしれない。,,仕事の受益者との接点を問う。,,,,最終確認待ち
exp26-livelihood-0133,仕事・経済,3,2,decision_maker,work_meaning,雇用を維持するため仕事を分け合う時、一人の担当が小さくなる寂しさを考慮すべき？,架空の分担。収入の維持だけでなく、仕事を一通り担う実感が変わる。,,雇用と職務のまとまりを問う。,,,,最終確認待ち
exp26-livelihood-0134,仕事・経済,3,1,observer,work_meaning,希望者が多い仕事でも、やりがいを理由に報酬を低くする考えをどう受け止める？,仮の報酬設定。好きで働く意思と、仕事を続けられる生活条件は別の軸。,,意義と対価の関係を問う。,,,,最終確認待ち
exp26-livelihood-0135,仕事・経済,3,1,decision_maker,work_meaning,会社の方針に共感しなくても、職務を果たせる人を同じように評価すべきだと思う？,架空の評価。目的への共感を求める組織と、仕事の遂行を約束する関係を考える。,,共感を求める雇用を問う。,,r6-20-10-l4,,最終確認待ち
exp26-livelihood-0136,仕事・経済,3,1,affected,work_meaning,地域の唯一の店が、店主の休みを確保するため営業日を減らす。利用者は何を引き受けたい？,架空の店。利用者が買い物の予定を変える負担と、商いを担う人が休息を持つことを比較する。店主の善意だけで営業時間を保つとは限らない。,,便利さを支える休息を問う。,,,,最終確認待ち
exp26-livelihood-0137,仕事・経済,3,1,decision_maker,work_hiring,技能をその場で見せる採用試験にすると、準備する時間の差が出る。何を補えば納得できる？,仮の採用。履歴に頼らない評価にも、試験形式へ慣れる機会の違いがある。,,実技採用の比較条件を問う。,,,,最終確認待ち
exp26-livelihood-0138,仕事・経済,3,1,decision_maker,work_hiring,人柄を知るため長い試用作業を頼むなら、採用しない人にも対価を払うべき？,架空の選考。会社が得る情報や作業成果と、応募者が費やす時間を考える。,,採用過程の労働を問う。,,,,最終確認待ち
exp26-livelihood-0139,仕事・経済,3,1,observer,work_hiring,紹介で採った人が働きやすい会社に、応募窓口を広げる費用をかける意義はあると思う？,仮の採用経路。信頼できる紹介と、知人のいない人へ開く機会を比較する。,,採用へのアクセスを問う。,,,,最終確認待ち
exp26-livelihood-0140,仕事・経済,3,2,decision_maker,work_hiring,長い職歴の空白を説明したくない応募者を、今の技能だけで判断できると思う？,仮の選考。理由の開示と、現在の仕事を任せられる確認を分ける。,,職歴の説明の範囲を問う。,,bridge-029,,最終確認待ち
exp26-livelihood-0141,仕事・経済,3,1,observer,work_hiring,経験者を採ると新人を育てる枠が減る会社で、育成する役割を誰が担うべきだと思う？,架空の採用計画。即戦力を求める各社と、業界全体の技能継承は視点が違う。,,育成の企業間責任を問う。,,,,最終確認待ち
exp26-livelihood-0142,仕事・経済,3,1,decision_maker,work_hiring,部署が求める人と会社が育てたい人が違う時、採用の最終判断をどこに置くべき？,仮の組織。現場は目の前の仕事を回す必要があり、全社は将来の技能を育てたい。最終判断の権限と、育てる間の負担をどこに置くかを考える。,,採用権限の位置を問う。,,,,最終確認待ち
exp26-livelihood-0143,仕事・経済,3,1,actor,work_hiring,応募者に職場の弱点も伝えると辞退が増える。会社はどこまで率直に説明したい？,架空の求人。応募数だけでなく、入社後に互いが納得できる条件を考える。,,求人の期待のそろえ方を問う。,,,,最終確認待ち
exp26-livelihood-0144,仕事・経済,3,1,decision_maker,work_hiring,資格を持つ人と同じ技能を示した無資格の人を、採用後の研修で同じ扱いにしてよい？,仮の職務で法定資格は不要。学びの証明と、実際の作業能力を分けて考える。,,技能証明の扱いを問う。,,,,最終確認待ち
exp26-livelihood-0145,仕事・経済,3,1,observer,work_hiring,一度辞退した人が再応募した時、会社への熱意を疑うことをどう思う？,架空の選考。過去の辞退の理由は分からず、状況も変わり得る。忠誠の証明と、いま職務を担える確認を同じ基準にするかを問う。,,選考での忠誠の期待を問う。,,,,最終確認待ち
exp26-livelihood-0146,仕事・経済,3,1,actor,work_business,小さな会社が一社だけに頼らず取引先を増やす時、今の客への対応が遅くなる。何を優先する？,仮の事業。現在の約束と、将来の営業を安定させる準備を比較する。,,依存を減らす事業判断を問う。,,,,最終確認待ち
exp26-livelihood-0147,仕事・経済,3,1,observer,work_business,仕事を安く請ける新人が増えた業界で、価格以外の比較を広げる役割は誰にあると思う？,架空の市場。参入のしやすさと、技能や条件が見える取引を考える。,,技能を比較する市場を問う。,,,,最終確認待ち
exp26-livelihood-0148,仕事・経済,3,1,decision_maker,work_business,客に合わせた特注が多い会社は、定型の商品を増やす方針を誰と相談して決めたい？,仮の事業変更。作る人の負担、客の希望、仕事の面白さが変わる。,,仕事の標準化の相談相手を問う。,,,,最終確認待ち
exp26-livelihood-0149,仕事・経済,3,1,observer,work_business,発注の中止に備えて働く時間を空けていた人へ、準備した時間の費用も払うべきだと思う？,架空の契約前提。実作業の対価と、他の仕事を入れられなかった機会を分ける。,,待機を支える取引の対価を問う。,,,,最終確認待ち
exp26-livelihood-0150,仕事・経済,3,1,affected,work_business,利益のある会社が値上げをして、従業員の研修時間を増やす。客としてどんな説明を求める？,仮の価格変更。商品の同一性だけでなく、働く環境を価格に含める納得を考える。,,人への投資の価格説明を問う。,,,,最終確認待ち
exp26-livelihood-0151,仕事・経済,3,1,decision_maker,work_business,仕事を小口に分ける仲介者は、作業者が全体の目的を知れるようにすべき？,架空の分業取引。発注情報の管理と、担い手が仕事を理解する意味がある。,,仲介労働の目的の共有を問う。,,,,最終確認待ち
exp26-livelihood-0152,仕事・経済,3,1,observer,work_business,受注が少ない時に技能を保つため練習する費用は、事業者と発注者で分けてよいと思う？,仮の取引。いま頼まない時も技能を利用できる安心に対価を払うかを考える。,,技能維持の費用を問う。,,,,最終確認待ち
exp26-livelihood-0153,仕事・経済,3,1,decision_maker,work_business,利益が出た年の余剰を、報酬と次の不況への備えにどう分けたい？,架空の事業。現在の貢献への配分と、将来の雇用を支える準備を比較する。,,利益の時間的分配を問う。,,,,最終確認待ち
exp26-livelihood-0154,仕事・経済,3,1,actor,work_business,発注者が作業過程も公開するよう求める時、仕事をする人の独自の方法をどこまで開くべき？,架空の依頼。確認できる安心と、技能を手元に残す利益を分ける。,,取引で開く技能の範囲を問う。,,,,最終確認待ち
exp26-livelihood-0155,仕事・経済,3,1,observer,work_business,受注の速さだけで競う業界で、納期を長くして丁寧に働く会社を社会はどう支えたい？,仮の市場。速さへの需要と、仕事の質や働くペースを選ぶ余地を考える。,,納期競争の働く条件を問う。,,,,最終確認待ち
exp26-livelihood-0156,仕事・経済,3,1,decision_maker,work_business,会社の改善案を募る時、採られなかった案にも検討結果を返す費用をかけるべき？,仮の提案制度。案を出す時間への尊重と、すべてに応答する運営負担がある。,,提案への組織の応答を問う。,,,,最終確認待ち
exp26-livelihood-0157,仕事・経済,3,1,observer,work_meaning,職場の仕事が社会へ役立つかを、働く人自身が調べる時間を設けたい？,架空の会社。広報の説明を受けることと、自分で意義を確かめることを分ける。,,仕事の意味を確かめる裁量を問う。,,,,最終確認待ち
exp26-livelihood-0158,仕事・経済,3,1,decision_maker,work_team,繁忙期に部署を越えて手伝う仕組みでは、手伝った人の元の仕事の遅れを誰が引き受けるべき？,仮の応援配置。余力があるとみなすことと、移した仕事の優先度を下げることは違う。,,応援元へ残る責任を問う。,,,,最終確認待ち
exp26-livelihood-0159,仕事・経済,3,2,decision_maker,work_feedback,評価面談の記録に本人の異なる見方も残すべき？ 後の配置を決める人は判断に迷うかもしれない。,仮の人事記録。評価を一つにまとめる便利さと、本人の見方を残す意味がある。,privacy_and_surveillance,評価記録の異論の扱いを問う。,,,,最終確認待ち
exp26-livelihood-0160,仕事・経済,3,1,actor,work_exit,事業をやめる会社は、客が別のサービスへ移るまで手助けを続けるべきだと思う？,架空の終了。売っていた物の性質と、終える人の時間や費用を考える。,,事業終了の顧客への責任を問う。,,,,最終確認待ち
exp26-livelihood-0161,仕事・経済,3,1,observer,work_identity,社員が会社名を出さず職業の考えを話す場に、会社は参加の許可を求めてよいと思う？,仮の交流。秘密の持出しはない設定で、個人の専門性と組織の関係を問う。,,専門家としての個人の活動を問う。,,,,最終確認待ち
exp26-livelihood-0162,仕事・経済,4,2,affected,work_meaning,好きだった仕事が評価されるほど、注文通りの作業が増えた。安定した収入を得ていても、何を取り戻したい？,仮の仕事。好きを続ける条件と、期待に応える職業としての形が変わった場面。,,職業化で失う自由の重みを聞く。,,,,最終確認待ち
exp26-livelihood-0163,仕事・経済,4,2,affected,work_identity,専門を磨いた仕事がなくなり、同じ待遇で別の仕事を提案された。生活は守れても、何を失ったと感じそう？,架空の配置。報酬が同じでも、技能を使うことと自分の役割の意味は残る。,,待遇以外の職業喪失を聞く。,,,,最終確認待ち
exp26-livelihood-0164,仕事・経済,4,2,affected,work_recognition,自分が支えた企画で別の人だけが有名になった。十分な報酬は得たが、仕事への気持ちはどう変わる？,仮の共同成果。生活の対価は満たされても、職業として自分の名が残ることに別の意味を見いだす人もいる。,,報酬と職業人生に残る承認を分ける。,,,,最終確認待ち
exp26-livelihood-0165,仕事・経済,4,2,affected,work_future,長く望んだ職に就いたが、日々の仕事には喜びがない。苦労して得た道を、何があれば選び直せる？,架空の就職。過去の努力と、これからの時間を同じ理由で評価するとは限らない。,,職業の夢の選び直しを聞く。,,,,最終確認待ち
exp26-livelihood-0166,仕事・経済,4,2,affected,work_boundaries,客があなたに頼るので休めないと感じる。代わりはいるが客は嫌がる。自分が離れることをどう納得したい？,仮の仕事。客の好みと、本人が働き続けるために必要な休息を分ける。,,指名される負担から離れる意味を聞く。,,,,最終確認待ち
exp26-livelihood-0167,仕事・経済,4,2,affected,work_learning,新しい技能を覚える間、熟練者だった自分が何度も人に頼る。待遇は変わらなくても、何がいちばんつらそう？,仮の転換。生活の損失ではなく、できる人としての自己像が揺れる場面。,,熟練者が学び直す自己像を聞く。,,,,最終確認待ち
exp26-livelihood-0168,仕事・経済,4,2,affected,work_rhythm,仕事が楽しく、休む日に罪悪感がある。誰にも働くことを求められていないなら、何を手放したい？,架空の勤務。自発的な喜びと、仕事から離れられない感覚を分けてみる。,,熱中した仕事の休息を聞く。,,,,最終確認待ち
exp26-livelihood-0169,仕事・経済,4,2,affected,work_visibility,長年の調整役を外れたら、職場は問題なく回った。肩の荷は下りても、どんな気持ちが残りそう？,仮の役割交代。役立つ実感と、いなくても続く組織への安心は同時にあり得る。,,支える役割の終了を聞く。,,,,最終確認待ち
exp26-livelihood-0170,仕事・経済,4,2,affected,work_future,今の仕事に大きな不満はないが、別の仕事への興味が消えない。家計に余裕が少ない時、何を確かめたい？,架空の転職検討。今の暮らしと、試さないままにする時間の重さを考える。,,満足した仕事から探索する基準を聞く。,,,,最終確認待ち
exp26-livelihood-0171,仕事・経済,4,2,affected,work_identity,長年生活のために続けた仕事が、自分の人物像そのものとして語られる。別の夢も持つ今、働く自分と仕事以外の自分をどう知ってほしい？,架空の職業人生。暮らしを支えた仕事には積み重ねた価値がある一方、仕事だけで本人の望み全体が表せるとは限らない。収入の理由を紹介する範囲ではなく、長く担った職業と自分の人物像の関係を問う。,,生活を支えた職業で固定される自己像と、別の夢を持つ自分の意味を聞く。,,,,最終確認待ち
exp26-livelihood-0172,仕事・経済,4,2,affected,work_feedback,丁寧さを大切に働いてきたが、速さを重く見る部署へ移る。自分のよい仕事の基準を、どこまで変える？,架空の異動。価値観への固執と決めつけず、職務の条件と本人の納得を比べる。,,仕事の基準が変わる自己を聞く。,,,,最終確認待ち
exp26-livelihood-0173,仕事・経済,4,2,affected,work_recognition,後輩があなたより早く昇進した。相手を認めていても、自分のこれまでをどう受け止めたい？,仮の昇進。相手への評価と、比較された自分の時間の意味を分ける。,,序列と積み重ねの感覚を聞く。,,,,最終確認待ち
exp26-livelihood-0174,仕事・経済,4,2,affected,work_team,仲間がいるから続けた仕事だが、その人たちが次々離れた。仕事内容が同じなら、残る理由は何になる？,架空の職場変化。業務への関心と、働く場のつながりが違う役割を持つ。,,関係を失った職場への帰属を聞く。,,,,最終確認待ち
exp26-livelihood-0175,仕事・経済,4,2,affected,work_boundaries,勤務外に練習しないと望む仕事へ届きにくい。会社は強制していないが、練習しない自分をどう思いそう？,架空の成長機会。法的な労働時間の判断ではなく、自発性と期待の感覚を考える。,,自主努力の圧力を聞く。,,,,最終確認待ち
exp26-livelihood-0176,仕事・経済,4,2,affected,work_exit,体力の負担が増えて、好きな仕事を減らす必要がある。誰に何を認めてもらえると、区切りをつけやすい？,仮の働き方の転換。医療判断ではなく、職業を縮める際の意味と承認を扱う。,,好きな労働を減らす区切りを聞く。,,,,最終確認待ち
exp26-livelihood-0177,仕事・経済,4,2,affected,work_hiring,技能で選ばれたと思っていた採用が、知人の強い推薦もあったと知った。仕事への自信は変わる？,架空の採用後。推薦が能力を否定するとは置かず、選ばれた理由の受け止めを問う。,,採用の来歴と自信を聞く。,,,,最終確認待ち
exp26-livelihood-0178,仕事・経済,4,2,affected,work_craft,自分の工夫を手順書にしたら、同じ仕事の報酬が下がる提案が来た。工夫を共有した意味をどう考える？,仮の報酬変更。技能を広げた利益と、その人の取り分が減る条件を考える。,,技能公開が自分へ返る損失を聞く。,,r6-03-04-l3,,最終確認待ち
exp26-livelihood-0179,仕事・経済,4,2,affected,work_meaning,社会へ役立つと思っていた仕事が、客には別の目的で使われていた。違法ではないなら、続ける理由は変わる？,架空の仕事。利用目的が違う時、作る人が感じる意義と受け手の自由を考える。,,使われ方で変わる働く意味を聞く。,,,,最終確認待ち
exp26-livelihood-0180,仕事・経済,4,2,affected,work_rhythm,仕事の依頼を待つ暮らしが長く続き、人生の予定を自分で選びにくい。作業のない時間を自由だと言われたら何を伝える？,仮の働き方。待機の法的な扱いとは別に、仕事を逃す不安で約束や暮らしを選べない本人の時間を問う。,,仕事待ちに使う人生の時間を聞く。,,,,最終確認待ち
exp26-livelihood-0181,仕事・経済,4,2,affected,work_identity,生涯をかけた仕事を終えた。今の自分を紹介すると何も残っていないように感じ、昔の肩書きに戻りたくなる。働かないこれからの自分に、何を受け継いで生きたい？,架空の退職後。仕事を終えることは本人が選んだが、働くことに託した自分の価値は同時には区切れない条件を置く。紹介する職名を選ぶより、仕事で生きた時間をこれからの自分へどう受け継ぐかを考える。,,転職後の職業紹介ではなく、生涯の仕事を終えた本人が、過去の肩書きからこれからの自分へ何を受け継ぐかを聞く。働き続ける自己像を問う0171と、退職した親を見る0266とも区別する。,,,,最終確認待ち
exp26-livelihood-0182,仕事・経済,4,2,affected,work_learning,挑戦した仕事で結果が出ず、慣れた仕事へ戻る道がある。戻ることを、挫折と回復のどちらに感じそう？,仮の職務変更。新しい仕事の価値と、自分が続けられる条件を比べる。,,挑戦後の戻り道の意味を聞く。,,,,最終確認待ち
exp26-livelihood-0183,仕事・経済,4,2,affected,work_recognition,会社から高い評価を受ける仕事ほど、客のためにならないと感じる。何を確かめれば、その評価を自分の成果として受け取れると思う？,架空の評価のずれ。本人の感覚を事実と決めず、成功の基準を確かめる余地がある。,,成功の基準への不信を聞く。,,,,最終確認待ち
exp26-livelihood-0184,仕事・経済,4,2,affected,work_exit,辞めた仕事の成果が後から高く評価された。そこにいない自分は、何を報われたと感じそう？,架空の離職後。現在の待遇に結びつかなくても、過去の仕事の意味は変わり得る。,,時間差の承認の意味を聞く。,,,,最終確認待ち
exp26-livelihood-0185,仕事・経済,4,2,affected,work_boundaries,家が仕事の場所になり、何年も暮らしから仕事が離れない。収入も仕事も好きでも、自分が生きる場所に何を取り戻したい？,架空の在宅勤務。配置の工夫より、好きな職業が私生活の中心を占めた本人の人生の境界を考える。,,好きな労働が占める生活の意味を聞く。,,,,最終確認待ち
exp26-livelihood-0186,仕事・経済,4,2,affected,work_team,尊敬していた同僚の仕事を引き継いだが、同じようにはできない。何を残し、何を自分の形にしたい？,架空の継承。故人の場面とは限らず、敬意と任された裁量を考える。,,尊敬する人の職務継承を聞く。,,,,最終確認待ち
exp26-livelihood-0187,仕事・経済,4,2,affected,work_feedback,何度も仕事を断られ、条件を変えれば注文が来そうだ。自分の専門をどこまで変えたい？,仮の商い。仕事を得る必要と、自分が提供したい技能の形を比べる。,,需要で変わる専門の境界を聞く。,,,,最終確認待ち
exp26-livelihood-0188,仕事・経済,4,2,affected,work_identity,家族が誇りにしている職業を離れたい。生活の見通しはあるが、どんな説明なら自分も納得できる？,架空の転職。家族の期待を悪意とせず、本人の職業選択との距離を扱う。,,家族に期待される職業の退出を聞く。,,,,最終確認待ち
exp26-livelihood-0189,仕事・経済,4,2,affected,work_rhythm,忙しい時期が終わり、何をしても物足りない。仕事を増やす前に、どんな時間を試したい？,仮の繁忙後。診断はせず、忙しさが生活の基準になった感覚を考える。,,繁忙後の時間の意味を聞く。,,,,最終確認待ち
exp26-livelihood-0190,仕事・経済,4,2,affected,work_recognition,育てた後輩にもう教えることが少ない。相手の成長がうれしくても、自分の役割をどう見つけたい？,架空の育成後。相手の成長は、教える人の必要性を減らすこともある。育てた成果を喜ぶことと、自分の役割を失う寂しさは両方あり得る。,,教える役割を失う意味を聞く。,,,,最終確認待ち
exp26-livelihood-0191,仕事・経済,4,2,affected,work_future,仕事を変えるには遠方へ移る必要がある。今の暮らしにも愛着があるなら、何を仕事だけでは決められない？,架空の進路。職務への希望と、その仕事をする生活全体を比較する。,,職業と生活の場所の重みを聞く。,,,,最終確認待ち
exp26-livelihood-0192,仕事・経済,4,2,affected,work_team,担当から外された仕事が、他の人の方法でうまく進んでいる。安心以外に、どんな気持ちがありそう？,仮の交代。後任の成果と、自分が必要だったという実感を分ける。,,担当を失う比較の感覚を聞く。,,,,最終確認待ち
exp26-livelihood-0193,仕事・経済,4,2,affected,work_identity,職場では明るい役を長く務め、自分の弱さを出せない。仲間との関係はよくても、その働く自分をどこまで続けたい？,架空の職場。あだ名の好みより、職業の中で演じてきた人格と自分の気持ちの違いを考える。,,仕事で演じ続ける自己を聞く。,,,,最終確認待ち
exp26-livelihood-0194,仕事・経済,4,2,affected,work_meaning,家計に余裕ができ、働かなくても暮らせるとする。今の仕事を続ける理由を、何と呼びたい？,仮の生活条件。労働を当然とせず、収入以外に引き受けたいものを問う。,,必要のなくなった労働を聞く。,,,,最終確認待ち
exp26-livelihood-0195,仕事・経済,4,2,affected,work_learning,経験から自信がある方法を、若い同僚の新しい方法が上回った。何を認めるのが難しそう？,架空の比較。相手への敬意と、積み重ねてきた技能の位置を考える。,,熟練が更新される感覚を聞く。,,,,最終確認待ち
exp26-livelihood-0196,仕事・経済,4,2,affected,work_boundaries,複数の仕事を続けて自分の居場所を作ってきたが、暮らしのため一つに絞る必要が出た。収入・時間・責任がそれぞれ別の仕事にある時、何を自分の仕事として残したい？,架空の働き方の選び直し。仕事を紹介する時の名称だけでなく、生活を支える稼ぎ・積み重ねた時間・他者への責任が別々の仕事にある条件を置く。いずれかが自動的に本業とは決めない。,,一つの仕事を残す必要のある本人の、複数の仕事への帰属と責任を聞く。,,,,最終確認待ち
exp26-livelihood-0197,仕事・経済,4,2,affected,work_feedback,仕事の批判を読むたび、自分そのものを否定された気がする。どこを自分と仕事の境にしたい？,架空の評価場面。治療の助言ではなく、作品や職務と本人の価値の感覚を問う。,,仕事の評価と自己の境界を聞く。,,,,最終確認待ち
exp26-livelihood-0198,仕事・経済,4,2,affected,work_exit,職場がなくなっても仲間は残った。仕事を失う寂しさのうち、関係だけでは埋まらないものは何？,架空の事業終了。技能を使う場、日課、役割など、収入以外の意味もある。,,組織終了で失う労働の場を聞く。,,,,最終確認待ち
exp26-livelihood-0199,仕事・経済,4,2,affected,work_recognition,小さな成功を積み重ねてきたが、会社は大きな成果を求めている。自分の働いた年月を何で肯定したい？,架空の評価変更。目立つ成果と、長く続けた安定の価値を比べる。,,継続した職業時間の肯定を聞く。,,,,最終確認待ち
exp26-livelihood-0200,仕事・経済,4,2,affected,work_business,長く使ってきた取引先が別の人へ発注した。契約は自由だと分かっていても、何が寂しさになりそう？,仮の発注変更。取引を失う収入と、信頼される役割を失う感覚を分ける。,,取引関係の終了の意味を聞く。,,,,最終確認待ち
exp26-livelihood-0201,仕事・経済,4,2,affected,work_future,昔の自分が憧れた仕事を、今の自分は選ばない。変わったことを、成長と断念のどちらに感じる？,仮の職業選択。状況の変化と本人の価値観の変化は両方あり得る。,,過去の職業願望との距離を聞く。,,,,最終確認待ち
exp26-livelihood-0202,仕事・経済,4,2,actor,work_team,同僚が直した自分のミスを誰も知らず、大きな役割を任されそうだ。知らせれば同僚の助けも知られる時、何を伝える？,架空の評価。自分への信頼を得た過程と、助けた人の公開の意向が関わる。,,黙って得る信頼と責任を聞く。,,,,最終確認待ち
exp26-livelihood-0203,仕事・経済,4,2,actor,work_craft,自分の工夫を公開すれば、競争相手も使えて仕事が減るかもしれない。誰にどこまで渡したい？,架空の技能共有。広まる喜びと、自分の商いを続ける条件が重なる。,,競争下の技能公開を聞く。,,,,最終確認待ち
exp26-livelihood-0204,仕事・経済,4,2,actor,work_exit,後任が決まらないまま退職日が近づいた。次の仕事も待っている。自分が最後まで担う範囲は？,仮の退出。法的義務の判定ではなく、会社の備えと本人の約束の区別を考える。,,退出時の自分の責任の境界を聞く。,,,,最終確認待ち
exp26-livelihood-0205,仕事・経済,4,2,actor,work_feedback,客に好かれる案が、自分には質を落とすと感じられる。説明しても希望が変わらなければ、引き受ける？,架空の依頼。安全問題や違法性はない設定で、専門家の納得を問う。,,依頼と職業的誇りの衝突を聞く。,,,,最終確認待ち
exp26-livelihood-0206,仕事・経済,4,2,actor,work_team,自分の案が不採用でも、失敗すると仲間の仕事がなくなる。納得できない計画に、どこまで力を出す？,仮の共同事業。異論を持ったことだけで責任を免れるとは限らず、決定後に担う約束もある。自分の納得と仲間の生活への影響を比べる。,,不採用後の自分の関与を聞く。,,,,最終確認待ち
exp26-livelihood-0207,仕事・経済,4,2,actor,work_boundaries,休暇を取ると、親しい同僚が忙しくなると分かった。会社の調整が足りない時、休む自分をどう納得させる？,架空の勤務。同僚への気遣いと、人員配置を自分だけで背負うことを分ける。,,同僚へ残る負担と自分の休息を聞く。,,work-policy-002 / stigma-002,,最終確認待ち
exp26-livelihood-0208,仕事・経済,4,2,actor,work_meaning,人生をかけた仕事が本当に人の役に立つか分からなくなった。仕事を止めれば仲間も困るなら、何を確かめるために時間を使う？,架空の職業。価値を失ったと確定せず、自分の信じた意義と、働き続ける人の責任を比べる。,,働く意義を疑う本人の責任を聞く。,,,,最終確認待ち
exp26-livelihood-0209,仕事・経済,4,2,actor,work_learning,覚えた技能を無償で教えると、他の人の有料講座と競合する。知識を広げることをどう考える？,架空の教育活動。自分の技能の提供と、教える商いへの影響を比べる。,,技能を無償化する自分を聞く。,,,,最終確認待ち
exp26-livelihood-0210,仕事・経済,4,2,actor,work_recognition,代表として表彰され、その成果が自分の代表作として残る。名を出せない仲間もいる時、何を自分の功績と呼べる？,仮の受賞。名前を列挙する方法より、自分が職業人生の成果を引き受ける意味を問う。,,共同成果を自分の代表作にする意味を聞く。,,,,最終確認待ち
exp26-livelihood-0211,仕事・経済,4,2,actor,work_business,安く請ければ次の仕事につながりそうだが、今の生活は苦しい。何を条件に仕事を引き受ける？,架空の受注。将来の約束は確かでなく、いま働く時間の対価も必要になる。,,未来の期待で値付けする自分を聞く。,,,,最終確認待ち
exp26-livelihood-0212,仕事・経済,4,2,actor,work_team,頼まれていない仕事を続け、みんなが頼るようになった。やめたい時、自分から始めた責任をどう感じる？,仮の職場。善意の開始と、ずっと担当する約束は同じとは限らない。,,自発的仕事をやめる責任を聞く。,,,,最終確認待ち
exp26-livelihood-0213,仕事・経済,4,2,actor,work_feedback,自分の代表作として広く売れた物に、納得できない細部がある。使う人は満足していても、作った自分の何を残したい？,架空の作品。安全上の欠点はなく、自分の職業人生に残る成果と受け手の満足の基準を分ける。,,代表作を引き受ける本人の基準を聞く。,,,,最終確認待ち
exp26-livelihood-0214,仕事・経済,4,2,actor,work_exit,事業を終えたいが、いつも来る客が「ここしかない」と言う。自分の暮らしを変える理由を何と伝える？,仮の商い。客が日々の居場所を失う寂しさと、店を担う本人がこれからの時間を選ぶ自由がある。事業を続けられることだけでは決まらない。,,店を閉める本人の理由を聞く。,,,,最終確認待ち
exp26-livelihood-0215,仕事・経済,4,2,actor,work_identity,専門家として長く発信した意見が会社の見解と受け取られた。会社と異なると明言すると、築いた信頼を失うかもしれない。何を自分の声として話し続けたい？,架空の専門家。個人と会社の見解を区別するだけではなく、会社への信頼と自分の専門性が重なって評価されてきた条件を置く。信頼を失う結果は確定しておらず、発言の法的制限を判断する問いでもない。,,会社に支えられた専門家としての信頼と、自分の声を保つ意味を聞く。,,,,最終確認待ち
exp26-livelihood-0216,仕事・経済,4,2,actor,work_team,長く育てた相手を助けたら、もう自分で担いたいと拒まれた。相手を支えるために続けた仕事の関係を、何に変えたい？,仮の育成後。助言の方法より、支える役として築いた自分の職業と相手の独立を考える。,,支える職業の関係を更新する本人を聞く。,,,,最終確認待ち
exp26-livelihood-0217,仕事・経済,4,2,actor,work_learning,人生の途中で新しい仕事へ移りたいが、学ぶ間は仲間の支えが必要になる。昔の熟練を離れてまで、どんな自分になりたい？,架空の転換。技能練習の段取りではなく、積み重ねた職業を変える意味と他者へ頼る責任を問う。,,職業を変える自分と支えの意味を聞く。,,,,最終確認待ち
exp26-livelihood-0218,仕事・経済,4,2,actor,work_business,自分の力量がまだ足りない大きな仕事で、相手は暮らしの将来まであなたに託したいと言う。学びながら担うことを、何と説明する？,架空の依頼。成果を保証できないことと、信頼された本人がどこまで責任を引き受けるかを比べる。,,他者の未来を託される不確かな自分を聞く。,,,,最終確認待ち
exp26-livelihood-0219,仕事・経済,4,2,actor,work_boundaries,急な仕事を待つ役を長く務め、自分の人生が人の予定のためになっている。断れば別の人が担う時、自分は何を終えたい？,架空の職場。依頼を一度断る手順より、担い続けた本人の時間を選び直す責任を考える。,,人の予定に使った人生を選び直す。,,,,最終確認待ち
exp26-livelihood-0220,仕事・経済,4,2,actor,work_recognition,仕事の実績を紹介したいが、共同相手は名前を出したくない。自分の経歴を何で示したい？,仮の紹介。共有する成果への権利と、相手が仕事を公にしない選択がある。,privacy_and_surveillance,実績紹介と共同者の非公開を聞く。,,,,最終確認待ち
exp26-livelihood-0221,仕事・経済,4,2,actor,work_craft,最後の作品として自分の名が残る仕事に、納得できない部分がある。客は今の形を望む時、完成の何を引き受けたい？,架空の納品。細かな締切の調整より、本人の職業の区切りと受け手が望む完成を考える。,,職業の最後の成果を完成とする意味を聞く。,,,,最終確認待ち
exp26-livelihood-0222,仕事・経済,4,2,actor,work_exit,次の担当に任せた後も、客は自分に連絡してくる。応える安心と後任の裁量を、どう両立したい？,仮の引継ぎ後。責任の移転だけでなく、客との関係を終える感覚がある。,,引継ぎ後の自分の関与を聞く。,,,,最終確認待ち
exp26-livelihood-0223,仕事・経済,4,2,actor,work_meaning,生活のため、興味のない仕事を長く続けている。人に説明するなら、何を自分の選んだこととして話したい？,架空の職業生活。制約の中の選択を、好き嫌いだけで評価しない。,,制約下の仕事の引受け方を聞く。,,,,最終確認待ち
exp26-livelihood-0224,仕事・経済,4,2,actor,work_team,仲間の工夫を広めれば、自分の大きな仕事も実現できる。相手はまだ公にしたくない時、自分の機会を待つ理由は何？,架空の共同事業。秘密の権利の判定ではなく、長く望んだ職業の機会と他者の創作の時間を比べる。,,自分の大きな機会と他者の技能を聞く。,,,,最終確認待ち
exp26-livelihood-0225,仕事・経済,4,2,actor,work_business,自分を信頼する家族へ、老後の暮らしを変える品物を売った。相手が後悔している時、商いと家族の何を自分の責任にする？,架空の販売。欠陥や違法な勧誘は確定せず、家族の将来の選択に関わった専門家の本人を考える。,,家族の未来に関わる商いの責任を聞く。,,,,最終確認待ち
exp26-livelihood-0226,仕事・経済,4,2,actor,work_learning,自分が育てた相手が独立し、自分の仕事と競うようになった。育成の成果を喜ぶことと、自分の商いを守ることをどう受け止める？,架空の育成後。教えた相手が、自分が大切にしてきた客を得る可能性がある。相手が力をつけることを望んで教えた時間と、今の自分の生業を続ける必要が重なる。独立や競争の法的な可否を決める設定ではない。,,育成後の役割喪失ではなく、相手の独立を育てた本人が自分の生業との競争を受け止める倫理を聞く。,,,,最終確認待ち
exp26-livelihood-0227,仕事・経済,4,2,actor,work_boundaries,客にいつでも応えてきたため、好きだった仕事を離れたくなっている。関係が続かないかもしれなくても、何を自分に戻したい？,仮の商い。時間外のルールだけでなく、仕事を愛した本人の生活を回復する意味を問う。,,商いへの愛着を失う本人の境界を聞く。,,,,最終確認待ち
exp26-livelihood-0228,仕事・経済,4,2,actor,work_feedback,客が自分の仕事だけを信頼し、共同相手を外してほしいと言う。相手の技能は信じているなら、注文を失っても何を守る？,架空の依頼。客の選択と、長く一緒に築いた仕事の関係を比べる。,,注文と共に働く信念の衝突を聞く。,,,,最終確認待ち
exp26-livelihood-0229,仕事・経済,4,2,actor,work_recognition,失敗から学んだ方法を人に話すと、自分の過去の失敗も知られる。誰にまで伝えたい？,仮の技能共有。知識を分ける利益と、実績の見え方が変わる負担を比べる。,,失敗を開く職業的自己を聞く。,,,,最終確認待ち
exp26-livelihood-0230,仕事・経済,4,2,actor,work_business,長く付き合う客から別の仕事も頼まれたが、今は専門を深めたい。関係を変えても断りたいと思う？,架空の受注。頼られる関係を保つことと、自分の職業の方向を絞ることが両立しにくい。客を嫌いになったから断るとは限らない。,,顧客関係と専門の選択を聞く。,,,,最終確認待ち
exp26-livelihood-0231,仕事・経済,4,2,actor,work_identity,同僚が職場の改善を求めて一定期間仕事を止めようとしている。自分には客と働く時間が暮らしの支えだ。仲間と同じ行動を取るか、何を大切にして決めたい？,架空の職場の共同行動。行動の法的な可否や改善への効果は置かない。本人は同僚の問題を軽く見たいわけではないが、客と仕事を続けることにも人生の支えがある。好きだと雑談で伝えることより、仲間と同じ選択をするかという本人の関係と意味を問う。,,仕事を止める共同行動の中で、仕事の好きな本人が仲間との関係と働く意味を選ぶ葛藤を聞く。,,,,最終確認待ち
exp26-livelihood-0232,仕事・経済,4,2,actor,work_team,自分が頼られるため続けてきた調整役を、もう次の人へ渡せる。必要とされる場が減っても、何を手放したい？,架空の交代。作業の遅れより、自分が働く場所を保ってきた役割の意味を問う。,,頼られる役を自分から渡す意味を聞く。,,,,最終確認待ち
exp26-livelihood-0233,仕事・経済,4,2,actor,work_exit,辞めた後の職場から無償の相談が続く。懐かしさもあるなら、何をもう自分の仕事ではないとしたい？,架空の離職後。関係を続けることと、終えた職務を担い続けることを分ける。,,離職後の相談の限界を聞く。,,,,最終確認待ち
exp26-livelihood-0234,仕事・経済,4,2,actor,work_meaning,自分が作る品物を必要ないと言う人が増えた。売り方より、仕事の目的から考え直したいと思う？,架空の商い。需要の変化と、自分が提供したい価値の関係を考える。,,需要が変わる職業の目的を聞く。,,,,最終確認待ち
exp26-livelihood-0235,仕事・経済,4,2,actor,work_memory,閉じた仕事場の道具を、自分の記念に残すか次の働き手へ渡すか迷う。何を残したい？,架空の仕事場の終了。道具が使われることと、働いた自分の時間を目に見える形で覚えておくことを比べる。実用だけでは決まらない。,,労働の記念物を手放す意味を聞く。,,,,最終確認待ち
exp26-livelihood-0236,仕事・経済,4,2,decision_maker,work_team,責任者として最後に任せられる大きな仕事がある。自分の実績を確かにする人と、まだ結果のない後継者のどちらへ託したい？,架空の職務の節目。目先の効率より、自分の最後の成果と次の人を育てる意味を比べる。,,職業の最後の成果を誰へ託すかを聞く。,,,,最終確認待ち
exp26-livelihood-0237,仕事・経済,4,2,decision_maker,work_recognition,自分が育てた部署は、目立つ成果の人だけが残れる評価へ変わる。調整役を守るには自分も役職を失う可能性がある時、何を守る？,架空の評価変更。結果は未確定で、本人が組織で信じてきた貢献と役割を比べる。,,職務を失い得る評価の信念を聞く。,,,,最終確認待ち
exp26-livelihood-0238,仕事・経済,4,2,decision_maker,work_business,自分の店を大きくする誘いがあるが、今の客と話す時間が減る。利益が増えても何を残したい？,架空の拡大。経営を続ける余力は増えるが、本人が好きだった客との時間は減る。売上の成長と、自分の望む商いの形を分ける。,,商いの規模と本人の喜びを聞く。,,,,最終確認待ち
exp26-livelihood-0239,仕事・経済,4,2,decision_maker,work_boundaries,管理する店で営業日を減らせば全員が休めるが、自分の収入も減る。どこまで引き受けたい？,仮の営業変更。休息を大切にする方針が自分の家計にも返る設定。,,休息の方針を自分の損に置く。,,,,最終確認待ち
exp26-livelihood-0240,仕事・経済,4,2,decision_maker,work_learning,人が学べる会社を作りたいと思い、育てた人が次々去った。残る人の生活もある中、自分の信じた育成をどう続けたい？,架空の会社。研修費の効率より、創業した本人の理念と、会社を共に続ける人への責任を比べる。,,人を育てる経営の信念の持続を聞く。,,,,最終確認待ち
exp26-livelihood-0241,仕事・経済,4,2,decision_maker,work_feedback,自分が期待して採った人が、その仕事を選んだことを後悔している。見込みを否定される怖さがあっても、相手の人生へ何を引き受ける？,架空の採用後。本人の進路を代わりに決めず、自分が期待を伝えて生んだ機会と責任を考える。,,進路へ期待を託した採用者を聞く。,,,,最終確認待ち
exp26-livelihood-0242,仕事・経済,4,2,decision_maker,work_team,後継者が自分の方法を大きく変えたいと言う。事業は任せるつもりでも、何に最後まで関わりたい？,架空の継承。残す条件を増やすほど、任された人の裁量は狭くなる。,,経営を渡す自分の境界を聞く。,,,,最終確認待ち
exp26-livelihood-0243,仕事・経済,4,2,decision_maker,work_business,親しくしてきた取引先より別の会社の条件がよい。自分が発注を決める時、付き合いを何で評価する？,仮の取引変更。仕事の条件と、続いてきた関係の意味を比較する。,,発注を変える関係の責任を聞く。,,r6-11-02-l3,,最終確認待ち
exp26-livelihood-0244,仕事・経済,4,2,decision_maker,work_recognition,自分が人生をかけて広めた仕事の方法を、後継者は変えたいと言う。新しい方がよいと分かっても、何を残したい？,架空の継承。自分の方法の正しさと、自分の職業人生の意味を同じにしない。,,生涯の仕事の方法を変える意味を聞く。,,,,最終確認待ち
exp26-livelihood-0245,仕事・経済,4,2,decision_maker,work_hiring,自分が人生をかけた会社へ、人を招きたい。自分にも薦めにくい面がある時、誇りと率直さの何を伝える？,架空の採用。問題を一方的に断定せず、自分が築いた場へ他者の職業人生を誘う意味を考える。,,築いた会社へ人を招く自分の率直さを聞く。,,,,最終確認待ち
exp26-livelihood-0246,仕事・経済,4,2,decision_maker,work_exit,自分が始めた事業は利益が出るが、続ける意欲が薄れた。従業員に何を約束してから区切りたい？,仮の終了検討。存続できることと、創業者が担い続けたいことは違う。,,成立する事業を終える創業者を聞く。,,,,最終確認待ち
exp26-livelihood-0247,仕事・経済,4,2,decision_maker,work_team,長年一緒に会社を作った仲間の担当を、自分が変える必要がある。友情が戻らないかもしれない時、何を仕事の責任とする？,架空の配置。能力を否定する話ではなく、続いてきた関係と管理する本人の責任を問う。,,共同創業の関係を変える責任を聞く。,,,,最終確認待ち
exp26-livelihood-0248,仕事・経済,4,2,decision_maker,work_learning,人生の多くを使って覚えた技能を、新しい人は道具で簡単に学べる。自分の苦労を繰り返させず、何を価値として渡したい？,仮の道具導入。教育の手順より、自分が費やした時間の意味を次の人の自由と分ける。,,自分の職業の苦労を継ぐ意味を聞く。,,,,最終確認待ち
exp26-livelihood-0249,仕事・経済,4,2,decision_maker,work_boundaries,自分がいつも働くため部下も帰りにくいと言う。仕事が好きでも、どんな姿を職場で変えたい？,架空の管理職。直接求めたことがなくても、立場が作る期待を考える。,,上司の労働習慣の影響を聞く。,,,,最終確認待ち
exp26-livelihood-0250,仕事・経済,4,2,decision_maker,work_business,新しい客に合わせて商品を変えると、長い常連が離れそう。自分の商いの誰を大切にしたい？,仮の方向転換。新旧どちらの客も正当な希望があり、全員へ応えにくい。,,経営者が選ぶ客との未来を聞く。,,,,最終確認待ち
exp26-livelihood-0251,仕事・経済,4,2,decision_maker,work_recognition,自分の評価で部下は長い間機会を失ったと分かった。今の職場を変えるだけでは返せない時間に、何を引き受けたい？,架空の評価の訂正。人事の段取りより、自分の判断が他者の職業人生へ残した影響を考える。,,評価者が返せない時間の責任を聞く。,,,,最終確認待ち
exp26-livelihood-0252,仕事・経済,4,2,decision_maker,work_team,会社の未来を託すつもりで育てた人が、別の会社を望む。送り出せば自分の引退も難しい時、何を本人の自由と思う？,仮の後継者の退出。担当の遅れだけでなく、自分が終える予定だった職業の時間へ影響する。,,自分の引退が変わる後継者の退出を聞く。,,,,最終確認待ち
exp26-livelihood-0253,仕事・経済,4,2,decision_maker,work_business,注文を断れば売上は減るが、今いる客への仕事を丁寧にできる。自分の店の十分な規模を何で決める？,仮の受注制限。成長の数字だけでなく、継続したい働き方を考える。,,経営者の十分な成長を聞く。,,,,最終確認待ち
exp26-livelihood-0254,仕事・経済,4,2,decision_maker,work_learning,自分にしかできない仕事を人へ教える時間がない。今の売上を減らしてでも、代わりを育てたい？,架空の小規模事業。本人が中心である利益と、休める仕組みを比較する。,,代わりを育てる経営の負担を聞く。,,,,最終確認待ち
exp26-livelihood-0255,仕事・経済,4,2,decision_maker,work_feedback,会社を一緒に支えた仲間へ約束した評価が、他の人の貢献を知って揺らいだ。信じてもらった自分は何を約束し直せる？,架空の評価。長い関係で生んだ待遇への期待と、これから他者に示す公平を比較する。,,共同者への評価の約束を変える責任を聞く。,,,,最終確認待ち
exp26-livelihood-0256,仕事・経済,4,2,decision_maker,work_hiring,生涯の友人と一緒に会社を続けたいが、採れば自分がその人を評価する立場になる。技能は十分な時、関係の何を変えられる？,架空の採用。友人の能力ではなく、生活を支える雇用と私的な対等さの変化を問う。,,友人を雇う自分の関係の変化を聞く。,,,,最終確認待ち
exp26-livelihood-0257,仕事・経済,4,2,decision_maker,work_exit,自分が守ってきた部署を閉じる案がある。人は他へ移れるが、何を残せれば終了を選べる？,仮の再編。雇用の確保とは別に、仕事の方法やまとまりを失う意味がある。,,担当部署の終了の納得を聞く。,,,,最終確認待ち
exp26-livelihood-0258,仕事・経済,4,2,decision_maker,work_business,過去の事業の失敗から、会社の余剰を残しておきたい。働く仲間が今の報酬を望む時、自分の恐れをどこまで経営の理由にする？,架空の利益配分。未来の不安を予測と決めず、決める本人の経験と現在の貢献を比べる。,,失敗した経験を背負う分配者を聞く。,,,,最終確認待ち
exp26-livelihood-0259,仕事・経済,4,2,decision_maker,work_team,自分が人生の機会だと任せた仕事で、部下が失敗し自信を失った。引き受けるよう促した自分は、何を今から担える？,架空の委任。失敗を本人だけに置かず、期待を伝えた立場が相手の職業へ残した影響を考える。,,挑戦を促した本人の残る責任を聞く。,,,,最終確認待ち
exp26-livelihood-0260,仕事・経済,4,2,decision_maker,work_meaning,自分の会社が利益を出す商品に、個人として価値を感じられない。経営の方針にその感覚を入れたい？,架空の商い。個人の好みと、客や働く人が必要とする仕事を分ける。,,経営者の意義と事業を聞く。,,,,最終確認待ち
exp26-livelihood-0261,仕事・経済,4,2,decision_maker,work_boundaries,家族のように働く会社を自分が作ったが、部下は私生活を話したくないと言う。自分が望んだつながりをどこまで変えたい？,架空の組織。勤務予定は確認できる条件で、創業者の帰属と社員の境界を考える。,,家族的な職場を作った人の期待を聞く。,,gender-relations-001,,最終確認待ち
exp26-livelihood-0262,仕事・経済,4,2,decision_maker,work_craft,自分の店の手作業を外注すると、客は同じ品物を買える。作る場を失うことを何で判断したい？,仮の外注。品質が同じという前提で、働く工程と自分の商いの意味を考える。,,工程を手放す経営の自己像を聞く。,,,,最終確認待ち
exp26-livelihood-0263,仕事・経済,4,2,decision_maker,work_hiring,自分と違う働く理由を話す応募者が最も技能を持つ。共感を求める会社を、どこまで変えたい？,仮の採用。技能が十分でも、応募者が働く理由は創業者と違う。会社を作った自分の意味と、人を同じ思いへそろえる期待を考える。,,異なる動機を採る創業者を聞く。,,,,最終確認待ち
exp26-livelihood-0264,仕事・経済,4,2,decision_maker,work_team,あなたがいなくても部署が回るよう整えると、上司に役割が小さいと思われそう。何を成果として残す？,架空の管理職。自分の必要性を示すことと、組織を自立させることがずれる。,,不要になる仕組みを作る本人を聞く。,,,,最終確認待ち
exp26-livelihood-0265,仕事・経済,4,2,decision_maker,work_future,事業を継ぐ人がいない。自分はまだ続けられるが、終える準備をいつ始めたい？,仮の経営。続けたい意欲がある今にも、事業が終わる時の客や働く人の準備がある。自分の元気だけで終える時期を読めるとは限らない。,,経営の終わりを先に選ぶ基準を聞く。,,,,最終確認待ち
exp26-livelihood-0266,仕事・経済,4,2,observer,work_identity,親の職業を誇りにし、それを頼りに自分の道も決めてきた。退職した親が今も昔の仕事を語る時、肩書きのない親の何を覚えていたい？,架空の親子。親が昔の仕事を語ることを未練とは決めない。自分の人生もその職業像に支えられてきた条件で、親の仕事への敬意と、働かない親との関係を考える。,,親の職業像に支えられた本人が、肩書きから離れた親をどう覚えるかを聞く。,,,,最終確認待ち
exp26-livelihood-0267,仕事・経済,4,2,observer,work_meaning,自分は、安定した職業を選ぶことを支えに生きてきた。大切な人が収入の低い好きな仕事を選ぶ時、自分を支えた人生の基準をどう受け止め直す？,架空の関係。相手の家計を自分が背負う条件ではない。単に相手の収入を心配するのでなく、自分が信じて選んだ安定の基準に違う人生を重ねて見る感覚を問う。どちらの選び方も成功とは確定しない。,,近い人の職業選択によって、自分の人生を支えた安定の基準が揺れる意味を聞く。,,,,最終確認待ち
exp26-livelihood-0268,仕事・経済,4,2,observer,work_recognition,仕事を一緒に学び、互いに認め合うことで自信を保った仲間の一人が有名になった。自分の仕事は変わらない時、対等だった関係と自分の働く意味をどう受け止める？,架空の職業の仲間。成功した相手が冷たくなるとは置かない。互いに認め合うことを自分の働く支えにしてきた条件で、相手への見方と自分の価値を支える根拠を考える。,,互いの承認で自信を保った本人が、仲間の成功で変わる対等さと自分の職業の意味を聞く。,,,,最終確認待ち
exp26-livelihood-0269,仕事・経済,4,2,observer,work_exit,友人の家業には、幼い頃から家族で通い、つらい時も顔を見て話せる時間があった。友人が、自分の残る時間を仕事以外に使いたいと店を閉じる。本人を応援したいのに「惜しい」とも感じる時、自分の暮らしから何がなくなることを惜しんでいると思う？,架空の商いの終了です。自分の家族は長く利用してきて、品物やサービスだけでなく、人と話せる時間にも支えられてきた設定です。自分がその仕事を惜しむ理由と、友人が今後の人生を選び直すことを分けます。店や仕事の継続を本人へ求める答えを要求しません。,,一般の家業終了への感想から、自分の生活も支えてきた商いを惜しむ理由と、その仕事を終える友人の人生を応援する見方へ深める。,,,,最終確認待ち
exp26-livelihood-0270,仕事・経済,4,2,observer,work_feedback,自分の職業の基準を学んだ職人の仕事が強く批判された。批評の正しさはまだ分からない時、相手への信頼と自分が受け継いだ基準をどう見つめたい？,架空の職業の師。批判の正しさは未確定で、支持や擁護を模範回答にはしない。信頼する人への一般的な応援より、自分もその仕事から価値の基準を受け継いだ条件を置く。,,職業の師への批判を受ける本人が、信頼だけでなく自分の専門性の基準を見つめる意味を聞く。,,,,最終確認待ち
exp26-livelihood-0271,お金・買い物・税,1,1,,consumption_joy,買うまでの時間と、買って使う時間。どちらが楽しいことが多い？,,,購入の楽しみの場所を聞く。,,,,最終確認待ち
exp26-livelihood-0272,お金・買い物・税,1,1,,consumption_joy,値段を知らずに気に入った物は、値段を知ると見え方が変わる？,,,価格と好みの関係を聞く。,,,,最終確認待ち
exp26-livelihood-0273,お金・買い物・税,1,1,,ownership,借りて使う物と、自分で持つ物。愛着の感じ方は違う？,,,所有の実感を聞く。,,,,最終確認待ち
exp26-livelihood-0274,お金・買い物・税,1,1,,spending_memory,長く使った物を買い替える時、何が最後の決め手になる？,,,消費の区切りの基準を聞く。,,,,最終確認待ち
exp26-livelihood-0275,お金・買い物・税,1,1,,price_trust,同じ値段の品物を選ぶ時、何を見て安心する？,,,買い物の信頼の入口を聞く。,,,,最終確認待ち
exp26-livelihood-0276,お金・買い物・税,1,1,,spending_identity,人に見せない物にも、お金をかけたいと思う？,,,見えない支出の価値を聞く。,,,,最終確認待ち
exp26-livelihood-0277,お金・買い物・税,1,1,,consumption_joy,予定外に買ってよかった物を思い浮かべると、どんな出会いだった？,,,偶然の消費の感覚を聞く。,,,,最終確認待ち
exp26-livelihood-0278,お金・買い物・税,1,1,,ownership,物が少ない安心と、選べる物が多い安心。今はどちらが近い？,,,所有量と安心の関係を聞く。,,,,最終確認待ち
exp26-livelihood-0279,お金・買い物・税,1,1,,price_trust,値段交渉をする買い物には、どんな気分になる？,,,価格交渉への感覚を聞く。,,,,最終確認待ち
exp26-livelihood-0280,お金・買い物・税,1,1,,saving_meaning,貯めたお金を使う時、どんな目的なら気持ちよく使える？,,,貯蓄を解く理由を聞く。,,,,最終確認待ち
exp26-livelihood-0281,お金・買い物・税,1,1,,consumption_joy,自分へのごほうびを買うなら、残る物と一度の体験のどちらがいい？,,,報酬としての消費を聞く。,,,,最終確認待ち
exp26-livelihood-0282,お金・買い物・税,1,1,,spending_identity,お金をかけなくても、豊かだと感じる暮らしの時間は？,,,金額以外の豊かさを聞く。,,,,最終確認待ち
exp26-livelihood-0283,お金・買い物・税,1,1,,price_trust,店の人に品物の話を聞いて買うのと、黙って選ぶのとでは、満足感が違う？,,,購入時の交流の好みを聞く。,,,,最終確認待ち
exp26-livelihood-0284,お金・買い物・税,1,1,,ownership,手元の物を人に譲る時、どんな相手だとうれしい？,,,所有を渡す感覚を聞く。,,,,最終確認待ち
exp26-livelihood-0285,お金・買い物・税,1,1,,saving_meaning,使う予定のない貯金にも、役割があると思う？,,,用途のない備えを聞く。,,,,最終確認待ち
exp26-livelihood-0286,お金・買い物・税,1,1,,consumption_joy,長く欲しかった物を買えた後、次の欲しい物はすぐ浮かぶ？,,,欲望の満たされ方を聞く。,,,,最終確認待ち
exp26-livelihood-0287,お金・買い物・税,1,1,,price_trust,値札が分かりやすい店と、店員に聞く店。買いやすさはどう違う？,,,価格を知る安心を聞く。,,,,最終確認待ち
exp26-livelihood-0288,お金・買い物・税,1,1,,spending_memory,物の値段より、買った時の思い出が大事になることはありそう？,,,購入履歴の意味を聞く。,,,,最終確認待ち
exp26-livelihood-0289,お金・買い物・税,1,1,,ownership,季節に一度しか使わない物を、手元に置くことをどう感じる？,,,使わない期間の所有を聞く。,,,,最終確認待ち
exp26-livelihood-0290,お金・買い物・税,1,1,,spending_identity,暮らしで削りたくない、小さな出費は何になりそう？,,,支出の最低限の喜びを聞く。,,,,最終確認待ち
exp26-livelihood-0291,お金・買い物・税,1,1,,consumption_joy,誰かと一緒に買い物すると、自分の好みが分かりやすくなる？,,,消費を介した自己理解を聞く。,,,,最終確認待ち
exp26-livelihood-0292,お金・買い物・税,1,1,,price_trust,手作りの物を買う時、作者のことをどのくらい知りたい？,,,作り手との距離を聞く。,,,,最終確認待ち
exp26-livelihood-0293,お金・買い物・税,1,1,,spending_memory,買わずに帰った物を、いつまでも覚えていることはありそう？,,,買わない選択の余韻を聞く。,,,,最終確認待ち
exp26-livelihood-0294,お金・買い物・税,1,1,,ownership,物をしまっておく場所も、買う時に考える？,,,所有に伴う空間の価値を聞く。,,,,最終確認待ち
exp26-livelihood-0295,お金・買い物・税,1,1,,saving_meaning,目標額を決めて貯めるのと、できる分だけ貯めるのでは、気持ちは違う？,,,貯蓄を続ける感覚を聞く。,,,,最終確認待ち
exp26-livelihood-0296,お金・買い物・税,1,1,,consumption_joy,使い切れる物と長く残る物では、もらった時の気持ちはどう違う？,,,消耗と保有の満足を聞く。,,,,最終確認待ち
exp26-livelihood-0297,お金・買い物・税,1,1,,spending_identity,「少しぜいたく」と感じる境目は、値段と頻度のどちらに近い？,,,ぜいたくを定める基準を聞く。,,,,最終確認待ち
exp26-livelihood-0298,お金・買い物・税,1,1,,price_trust,初めて使う店を選ぶ時、誰の感想を参考にしたい？,,,消費の推薦への信頼を聞く。,,,,最終確認待ち
exp26-livelihood-0299,お金・買い物・税,1,1,,ownership,新品を初めて使う時と、中古品を引き継ぐ時。どんな違いを感じる？,,,初めて使う所有と来歴を引き継ぐ感覚を聞く。,,,,最終確認待ち
exp26-livelihood-0300,お金・買い物・税,1,1,,spending_memory,買った物を最後まで使うことに、どんな満足を感じる？,,,使い切る価値を聞く。,,,,最終確認待ち
exp26-livelihood-0301,お金・買い物・税,1,1,,saving_meaning,財布に少し余裕があると、買い物以外で何が変わりそう？,,,家計の余裕の感覚を聞く。,,,,最終確認待ち
exp26-livelihood-0302,お金・買い物・税,1,1,,consumption_joy,注文して待つ時間も、買い物の楽しみになる？,,,消費までの待機を聞く。,,,,最終確認待ち
exp26-livelihood-0303,お金・買い物・税,1,1,,spending_identity,自由に使えるお金の使い道を、人と話すのは楽しい？,,,家計の好みを共有する感覚を聞く。,,,clarity-money_consumption_and_tax-02-l1,最終確認待ち
exp26-livelihood-0304,お金・買い物・税,2,1,,price_fairness,同じ品物が買う時刻で値下がりする。待てる人ほど得になる売り方を、どう感じる？,,,待つ余裕と価格の納得を聞く。,,,,最終確認待ち
exp26-livelihood-0305,お金・買い物・税,2,1,,price_fairness,応援したい作り手の品物が値上がりした。買う量を減らす時、応援の気持ちはどうなる？,,,購入量と応援を分ける。,,,,最終確認待ち
exp26-livelihood-0306,お金・買い物・税,2,1,,spending_boundaries,友達が高価な物を買い、感想を求めてきた。自分なら買わないと思う時、何を話す？,,,消費の好みへの関わりを聞く。,,,,最終確認待ち
exp26-livelihood-0307,お金・買い物・税,2,1,,ownership,共同で買った道具を一人がほぼ使っている。使わない側も持ち分を残したいと思う？,,,共有の持ち分の意味を聞く。,,bridge-013,,最終確認待ち
exp26-livelihood-0308,お金・買い物・税,2,1,,saving_meaning,目標に向けて貯めたお金があるが、その目標に興味が薄れた。いつ使い道を変えたい？,,,貯蓄目的を変える基準を聞く。,,,,最終確認待ち
exp26-livelihood-0309,お金・買い物・税,2,1,,consumption_pressure,数量限定と知って、予定になかった物が欲しくなった。後でどう納得したい？,,,希少性と欲しさを聞く。,,,,最終確認待ち
exp26-livelihood-0310,お金・買い物・税,2,1,,price_trust,安い店では相談できず、高い店では使い方を聞ける。まだ使い慣れない物なら、何を選ぶ？,,,相談の対価を聞く。,,,,最終確認待ち
exp26-livelihood-0311,お金・買い物・税,2,1,,spending_boundaries,人への贈り物を選ぶ時、相手の好みと自分らしさをどのくらい入れたい？,,,贈与の消費判断を聞く。,,,,最終確認待ち
exp26-livelihood-0312,お金・買い物・税,2,1,,consumption_values,作り方が気になる品物をすでに持っている。買い直すより使い続けたいと思う？,,,購入後の消費倫理を聞く。,,,,最終確認待ち
exp26-livelihood-0313,お金・買い物・税,2,1,,price_fairness,友達はクーポンで安く買えたが、自分は知らずに通常価格で買った。何に残念さを感じる？,,,情報差による価格の感覚を聞く。,,,,最終確認待ち
exp26-livelihood-0314,お金・買い物・税,2,1,,ownership,必要な時に借りられる物でも、自分用に買いたい。どんな理由なら納得する？,,,利用と所有の差を聞く。,,,,最終確認待ち
exp26-livelihood-0315,お金・買い物・税,2,1,,spending_memory,使わない贈り物を売りたいが、贈った人に知られそう。何が気になる？,,,贈られた財産の処分を聞く。,,,,最終確認待ち
exp26-livelihood-0316,お金・買い物・税,2,1,,budget_relations,同居人と財布を分けている。共同の備品だけ自分が高い物を希望したら、差額をどう考える？,,,共同消費の追加希望を聞く。,,,,最終確認待ち
exp26-livelihood-0317,お金・買い物・税,2,1,,consumption_pressure,「大人なら持つべき」と言われた物に関心がない。買う理由になりそう？,,,消費と社会の期待を聞く。,,,,最終確認待ち
exp26-livelihood-0318,お金・買い物・税,2,1,,price_trust,商品には満足したが、売り方には押される感じがあった。また利用したいと思う？,,,商品と取引体験を分ける。,,,,最終確認待ち
exp26-livelihood-0319,お金・買い物・税,2,1,,saving_meaning,貯金が増えても安心できない時、安心の目安を何に置きたい？,,,家計の数字以外の安心を聞く。,,,,最終確認待ち
exp26-livelihood-0320,お金・買い物・税,2,1,,spending_boundaries,お祝いのお金を渡した相手が、想像と違う使い方をした。用途を言わなかったなら気にしない？,,,使途の期待を聞く。,,bridge-025,,最終確認待ち
exp26-livelihood-0321,お金・買い物・税,2,1,,price_fairness,一度買った直後に新型が安く出た。買った時の満足まで変わる？,,,購入時と後の比較を聞く。,,,,最終確認待ち
exp26-livelihood-0322,お金・買い物・税,2,1,,ownership,同じ物を買う仲間に合わせれば交換できるが、別の物が好みだ。共通性をどれくらい重く見る？,,,交換可能性と好みを聞く。,,,,最終確認待ち
exp26-livelihood-0323,お金・買い物・税,2,1,,consumption_values,知り合いの小さな店で買う時、他店より高い理由をどこまで知りたい？,,,身近な商いへの納得を聞く。,,,,最終確認待ち
exp26-livelihood-0324,お金・買い物・税,2,1,,budget_relations,一緒に暮らす人と節約の目的が違う。共通の家計で何を約束できると安心する？,,,家計の目的の違いを聞く。,,,,最終確認待ち
exp26-livelihood-0325,お金・買い物・税,2,1,,consumption_pressure,無料のおまけをもらえるが使う予定はない。受け取らない選択に、どんな気持ちがある？,,,無料と必要の距離を聞く。,,,,最終確認待ち
exp26-livelihood-0326,お金・買い物・税,2,1,,price_trust,高額な物の下見で丁寧に説明を受けた。別の店で買うことに負い目を感じる？,,,販売相談と購入義務を聞く。,,clarity-money_consumption_and_tax-01-l2,,最終確認待ち
exp26-livelihood-0327,お金・買い物・税,2,1,,ownership,使わない物を譲った後、相手が別の人に売った。最初に条件を付けていなければ、どう感じる？,,,所有を渡した後の期待を聞く。,,,,最終確認待ち
exp26-livelihood-0328,お金・買い物・税,2,1,,spending_identity,周りより安い物を選ぶと「我慢している」と言われる。自分の満足をどう説明したい？,,,価格と満足の誤解を聞く。,,,,最終確認待ち
exp26-livelihood-0329,お金・買い物・税,2,1,,price_fairness,予約した品物が途中で値上がりした。まだ支払い前なら、何が分かれば続けて買いたい？,,,購入前の条件変更を聞く。,,,,最終確認待ち
exp26-livelihood-0330,お金・買い物・税,2,1,,consumption_values,長く使える物にしたいが、これからの暮らしが読めない。今の使いやすさを優先したい？,,,長期消費と不確実性を聞く。,,,,最終確認待ち
exp26-livelihood-0331,お金・買い物・税,2,1,,budget_relations,友達との共同購入で、自分が立替と受取を担当した。手間も費用に含めたい？,,,共同消費の事務負担を聞く。,,,,最終確認待ち
exp26-livelihood-0332,お金・買い物・税,2,1,,spending_memory,昔より収入が増え、買える物が変わった。以前大事だった買い物をどう見返す？,,,家計変化と過去の消費を聞く。,,,,最終確認待ち
exp26-livelihood-0333,お金・買い物・税,2,1,,price_trust,説明に誤りがあったが、品物自体は気に入っている。返品より何を求めたい？,,,購入後の信頼の修復を聞く。,,,,最終確認待ち
exp26-livelihood-0334,お金・買い物・税,2,1,,consumption_pressure,一緒に買った友達が「元を取るため使おう」と言う。今は楽しめなくても使いたい？,,,支払った費用と今の満足を聞く。,,,,最終確認待ち
exp26-livelihood-0335,お金・買い物・税,2,1,,ownership,人に貸した物に傷が付いたが、使うには困らない。どんな埋め合わせならしっくりくる？,,,物の損失の受け止めを聞く。,,,,最終確認待ち
exp26-livelihood-0336,お金・買い物・税,2,1,,consumption_values,動物の飼育環境に配慮したと説明される食品が少し高い。どんな情報なら価格に納得する？,,,動物福祉と家計の基準を聞く。,,animals-002 / bridge-023,,最終確認待ち
exp26-livelihood-0337,お金・買い物・税,2,1,,spending_boundaries,収入を聞かれても、買い物の予算だけ話したい。どんな違いがあると感じる？,,,消費情報の開示範囲を聞く。,,,,最終確認待ち
exp26-livelihood-0338,お金・買い物・税,2,1,,saving_meaning,予想外のお金が入った。いつもの家計へ入れるのと、特別な用途に分けるのでは気持ちは違う？,,,臨時収入の意味づけを聞く。,,,,最終確認待ち
exp26-livelihood-0339,お金・買い物・税,3,2,decision_maker,tax_design,同じ収入でも生活費の必要が違う人に、税の負担を変えるなら何を確かめるべき？,仮の税制。必要の確認は個人情報を求めることにもなり、収入だけの制度とも比べる。,,税負担と生活の必要を問う。,,,,最終確認待ち
exp26-livelihood-0340,お金・買い物・税,3,1,decision_maker,tax_design,税を納める人が使い道を一部選べる制度では、人気のない支出をどう支えたい？,架空の配分。選ぶ納得と、目立たない共通の費用を賄う必要を比べる。,,指定する納税の限界を問う。,,,,最終確認待ち
exp26-livelihood-0341,お金・買い物・税,3,1,observer,tax_design,税の支払いを月ごとに分けられる制度に、事務費をかける意味はあると思う？,仮の納付方法。税額を変えなくても、支払う時期が暮らしに影響する。,,納付時期の配慮を問う。,,,,最終確認待ち
exp26-livelihood-0342,お金・買い物・税,3,1,decision_maker,tax_design,個人の税額の見込みを分かりやすく知らせるため、簡単な説明と細かな条件をどう並べたい？,架空の通知。読みやすさと、例外が自分に関わる人の情報の必要を考える。,,納税説明の情報量を問う。,,,,最終確認待ち
exp26-livelihood-0343,お金・買い物・税,3,1,decision_maker,tax_design,税の優遇を一度受けた人が条件を満たさなくなった時、すぐ終えるか猶予を置くか？,仮の優遇制度。条件の一貫性と、制度を前提に決めた家計への影響がある。,,税優遇の終了の予測を問う。,,,,最終確認待ち
exp26-livelihood-0344,お金・買い物・税,3,1,observer,tax_design,財産を現物で持ち現金が少ない人の納税には、どんな支払い方を認めたい？,仮の税制度。財産の価値と、すぐ支払えるお金は違うという条件を置く。,,資産と支払能力の時間差を問う。,,r6-03-04-l4,,最終確認待ち
exp26-livelihood-0345,お金・買い物・税,3,1,actor,tax_design,使われなくなった税の優遇をやめる時、利用してきた人にどんな説明が必要だと思う？,架空の見直し。過去に認めた選択と、これから負担を同じにする理由を考える。,,税の期待を変える説明を問う。,,,,最終確認待ち
exp26-livelihood-0346,お金・買い物・税,3,1,observer,tax_design,納税手続きが難しい人へ支援を用意する費用を、全員の税で負担してよいと思う？,仮の手続き。正確に払える条件と、納税額に直接表れない運営費を比べる。,,納税へ参加する支援を問う。,,,,最終確認待ち
exp26-livelihood-0347,お金・買い物・税,3,1,decision_maker,tax_design,現金ではなく贈り物を受け取った収入にも税をかける制度なら、何で価値を決めるべき？,架空の課税。市場の値段と、本人が売らずに使う価値は一致しないことがある。,,現物の税価値を問う。,,,,最終確認待ち
exp26-livelihood-0348,お金・買い物・税,3,1,actor,tax_design,税の負担を増やす代わりに将来の支出を約束する制度で、約束が変わる可能性をどう説明すべき？,仮の制度。将来の支出は確定とせず、今の納得に必要な情報を考える。,,納税と将来の約束を問う。,,,,最終確認待ち
exp26-livelihood-0349,お金・買い物・税,3,1,observer,tax_design,売った商品の代金がまだ入らない人にも、売上を基に税を納めてもらう制度だとする。未回収の代金を、どの時点から負担できる収入と扱いたい？,架空の課税制度。現行の税法の説明ではない。代金を受け取る権利があっても、回収の時期や全額を受け取れるかは未確定という条件を置く。売上を収入として数える一貫性と、実際に税を支払えるかを比べる。,,発言の重みではなく、未回収の売上を税の負担能力に算入する時点を問う。現物資産の支払い方や納付の分割とは区別する。,,,,最終確認待ち
exp26-livelihood-0350,お金・買い物・税,3,1,decision_maker,tax_design,小さな取引にも細かい税の記録を求めると、少額の活動をやめる人が出る。簡略化をどこまで認めたい？,仮の記録制度。徴収の正確さと、手続きにかかる時間を比較する。,,少額取引の税事務を問う。,,,,最終確認待ち
exp26-livelihood-0351,お金・買い物・税,3,1,affected,price_fairness,同じ品物を支払える額に応じて売る店では、何が説明されれば価格差を納得できる？,架空の価格。所得を確かめる負担と、自己申告で選べる制度の信頼を考える。,,支払能力に応じる価格を問う。,,,,最終確認待ち
exp26-livelihood-0352,お金・買い物・税,3,1,observer,price_fairness,値引きを交渉した客だけ安くなる店で、交渉しない人への公平をどう考える？,仮の商い。会話する余地と、交渉が得意でない客の条件を比べる。,,交渉力による価格差を問う。,,,,最終確認待ち
exp26-livelihood-0353,お金・買い物・税,3,2,decision_maker,price_fairness,購入履歴で値段が変わると説明する店は、客がその仕組みを使わない選択も用意すべき？,架空の販売。普及状況を断定せず、価格計算への参加を選べる条件を問う。,privacy_and_surveillance,個別価格への参加の選択を問う。,,r6-15-04-l3,,最終確認待ち
exp26-livelihood-0354,お金・買い物・税,3,1,decision_maker,price_fairness,品物が残ると値下げする店で、最初に買った客へ差額を返す仕組みを設けたい？,仮の販売。最初に買う人は確実に品物を得られる一方、後の人は安く買える可能性がある。購入時の条件と後からの比較を分ける。,,時期の価格差の扱いを問う。,,,,最終確認待ち
exp26-livelihood-0355,お金・買い物・税,3,1,observer,price_fairness,混む時間の料金を高くするサービスで、時間を選べない客へ何を考慮したい？,架空の料金。価格で混雑を分ける狙いと、通勤や生活の都合で時間を変えられない客の負担を比べる。全員が待てるとは置かない。,,時間の選択差と価格を問う。,,,,最終確認待ち
exp26-livelihood-0356,お金・買い物・税,3,1,actor,price_fairness,値上げの理由を示す店は、原価や利益まで客に明らかにすべきだと思う？,仮の価格変更。理解を得ることと、商いの内訳を開く範囲を考える。,,価格説明の公開範囲を問う。,,,,最終確認待ち
exp26-livelihood-0357,お金・買い物・税,3,1,observer,price_fairness,同じ品質でも作り手の名で値段が変わる時、買い手は何に対価を払っていると思う？,架空の商品。品質、来歴、応援、希少性を同じ価値とせずに考える。,,名前に付く価格の意味を問う。,,,,最終確認待ち
exp26-livelihood-0358,お金・買い物・税,3,1,decision_maker,price_fairness,客が自分で料金を決める店では、示す参考額が事実上の最低額になることをどう扱う？,仮の支払い。自由に決める形と、周囲に合わせる感覚の差を考える。,,自選価格の暗黙の基準を問う。,,,,最終確認待ち
exp26-livelihood-0359,お金・買い物・税,3,1,observer,price_fairness,売り切れた商品の予約権を売る人がいる。商品でなく買う順番に値段が付くことをどう感じる？,架空の取引。特定の法律の判断ではなく、購入機会を売買する意味を問う。,,買う機会の価格を問う。,,,,最終確認待ち
exp26-livelihood-0360,お金・買い物・税,3,1,decision_maker,price_fairness,低価格を保つため包装をなくす店は、持ち帰りにくい人へ別料金の包装を求めてよい？,仮の販売。全員の価格を下げることと、使うための条件の違いを比べる。,,安さと付随費用の負担を問う。,,,,最終確認待ち
exp26-livelihood-0361,お金・買い物・税,3,1,observer,price_fairness,商品の説明を聞いて他店で買う客が増えた時、相談だけを有料にすることをどう思う？,架空の店。品物を売る対価と、選ぶための知識を渡す対価は違う。相談料があると、買う前に確かめにくい客もいる。,,販売相談の価格化を問う。,,,,最終確認待ち
exp26-livelihood-0362,お金・買い物・税,3,1,affected,consumer_contract,予約で確保した品物を気が変わって取り消す時、店の準備の費用はどこまで負担したい？,仮の予約条件。現実の解約権を判定せず、準備と売り直せる可能性を比較する。,,予約取消の負担の基準を問う。,,,,最終確認待ち
exp26-livelihood-0363,お金・買い物・税,3,1,observer,consumer_contract,一度買った物の使い方に条件を付ける販売では、所有した実感をどう考える？,架空の取引。利用条件が事前に分かる前提でも、所有と使用の自由は別になる。,,所有と使用条件の違いを問う。,,,,最終確認待ち
exp26-livelihood-0364,お金・買い物・税,3,1,decision_maker,consumer_contract,長期間使うサービスの条件を途中で変えるなら、店はどんな選び直しの時間を用意すべき？,仮の契約変更。現行法を説明せず、生活がサービスに頼る程度を考える。,,継続契約の再選択を問う。,,,,最終確認待ち
exp26-livelihood-0365,お金・買い物・税,3,1,actor,consumer_contract,品物の不調が購入時の欠点か使い方か分からない時、店と客は何を確かめる費用を分けるべき？,架空の不具合。責任を最初から固定せず、調べる時間と信頼を考える。,,不確かな不具合の確認負担を問う。,,,,最終確認待ち
exp26-livelihood-0366,お金・買い物・税,3,1,affected,consumer_contract,買った直後に会社がなくなり、長期保証が使えない。保証を売る時に何を説明してほしい？,仮の事業終了。実際の保証制度の結論ではなく、将来の支えの不確かさを扱う。,,長期保証の将来の説明を問う。,,,,最終確認待ち
exp26-livelihood-0367,お金・買い物・税,3,1,observer,consumer_contract,物を売った後も修理部品を残す責任を、販売数や価格で変えてよいと思う？,架空の供給。維持する費用と、買った人が長く使う期待を比較する。,,販売後の部品供給の責任を問う。,,,,最終確認待ち
exp26-livelihood-0368,お金・買い物・税,3,1,actor,consumer_contract,共同購入の代表者に、品物の不調への相談まで集まる。代表の役割はどこまでだと思う？,仮の共同取引。注文をまとめたことと、販売者の対応を肩代わりすることを分ける。,,共同購入の責任の境界を問う。,,,,最終確認待ち
exp26-livelihood-0369,お金・買い物・税,3,1,observer,consumer_contract,返金より交換をすすめる店に、客がもう取引したくない気持ちをどこまで考慮してほしい？,架空の対応。制度上の権利ではなく、品物を直すことと信頼の回復を分ける。,,商品修復と取引継続を問う。,,,,最終確認待ち
exp26-livelihood-0370,お金・買い物・税,3,2,actor,credit_restart,返済の見通しが立たない人へ、貸した側はどの時点で減額の相談を始めたい？,仮の債務。現実の手続きは別に確認が必要で、回収と生活再建を比較する。,,債権者から始める再出発を問う。,,,,最終確認待ち
exp26-livelihood-0371,お金・買い物・税,3,2,observer,credit_restart,借金を返し終えた人を、次の取引でも以前の借金で判断してよいと思う？,仮の信用判断。過去の返済が滞った記録と、今の収入や暮らしの変化を比較する。情報を残す安心が、取引へ戻る機会を狭めることもある。,,完済後の信用の戻り方を問う。,,,,最終確認待ち
exp26-livelihood-0372,お金・買い物・税,3,2,decision_maker,credit_restart,返済を待つ代わりに買い物の報告を求める貸し手の提案を、どこまで認めたい？,架空の貸借。使途の確認と、債務者の私生活を管理することが重なる。,privacy_and_surveillance,返済猶予と支出の開示を問う。,,r6-13-05-l3,,最終確認待ち
exp26-livelihood-0373,お金・買い物・税,3,2,observer,credit_restart,返済不能になった理由で貸し手の譲歩を変えることを、どう考える？,仮の話合い。責任への感覚と、これから返せる額は別の判断になる。,,債務の理由と今の再建を問う。,,r6-13-05-l4,,最終確認待ち
exp26-livelihood-0374,お金・買い物・税,3,1,actor,credit_restart,友人へお金を貸した時、返す日を決めないのは信頼？ 将来の誤解を残すこと？,仮の私的貸借。貸す判断そのものではなく、曖昧な約束の意味を考える。,,貸借の期限の意味を問う。,,,,最終確認待ち
exp26-livelihood-0375,お金・買い物・税,3,2,observer,credit_restart,借金の相談窓口が返済額だけでなく暮らしの希望も聞くことに、どんな意味があると思う？,仮の支援。特定のサービスを説明せず、再建の目的を本人が話す価値を問う。,,返済以外の再建目的を問う。,,,,最終確認待ち
exp26-livelihood-0376,お金・買い物・税,3,2,actor,credit_restart,貸したお金を返してもらわないと決めた後も、相手の使い道を気にすることをどう思う？,仮の免除。法的な関係を断定せず、手放した債権への気持ちを扱う。,,債権を手放した後の関係を問う。,,,,最終確認待ち
exp26-livelihood-0377,お金・買い物・税,3,2,affected,credit_restart,返済のため仕事を増やすより、生活を安定させて長く返す計画を選ぶ基準は？,架空の返済計画。短期の額と継続の見込みを仮定し、金融の助言は求めない。,,返済の速度と継続を問う。,,,,最終確認待ち
exp26-livelihood-0378,お金・買い物・税,3,2,decision_maker,property_inheritance,思い出の品物の分配は、使う人と持っていたい人のどちらを重く見たい？,架空の遺品分配。法定の相続分ではなく、物への意味の違いを考える。,family_conflict,実用と記念の財産分配を問う。,,,,最終確認待ち
exp26-livelihood-0379,お金・買い物・税,3,2,observer,property_inheritance,財産を残す人の希望が昔のままだった時、変わった家族の事情をどう扱うべき？,仮の遺贈の話。法的な有効性ではなく、希望を読む時点の違いを考える。,family_conflict,遺産の希望と現在の必要を問う。,,,,最終確認待ち
exp26-livelihood-0380,お金・買い物・税,3,2,observer,property_inheritance,親が子どもごとに渡す時期を変えたい時、最終的な額が同じなら公平だと思う？,架空の贈与。金額の同一性と、必要な時に使えることの価値は違う。,family_conflict,財産を渡す時期の公平を問う。,,,,最終確認待ち
exp26-livelihood-0381,お金・買い物・税,3,2,decision_maker,property_inheritance,管理の手間が大きい財産を受け継ぐ人に、その手間の分を先に渡すことをどう考える？,仮の分配。財産の値段と、維持して引き継ぐ人の時間は違う。管理を任せるための配慮と、受け取る額への納得を比べる。,family_conflict,相続財産の管理負担を問う。,,,,最終確認待ち
exp26-livelihood-0382,お金・買い物・税,3,2,actor,property_inheritance,家族に残す予定だった物を、人が使える場所へ寄付する。家族にどこまで相談したい？,架空の財産処分。所有者の希望と、身近な人が期待した記憶を考える。,family_conflict,記念財産の寄付の相談を問う。,,,,最終確認待ち
exp26-livelihood-0383,お金・買い物・税,3,2,decision_maker,property_inheritance,共有の財産を一人が買い取る時、市場の値段と身内の暮らしのどちらを基準にしたい？,仮の持ち分整理。特定の法的権利ではなく、価格への納得の基準を比較する。,family_conflict,共有解消の身内価格を問う。,,,,最終確認待ち
exp26-livelihood-0384,お金・買い物・税,3,2,observer,property_inheritance,残した人の手紙を持つ人が一人だけいる。物としての所有と、内容を分け合うことはどう違う？,架空の分配。故人の記録の公開ではなく、受取人同士の共有への期待を問う。,family_conflict,唯一の財産の共有の形を問う。,,,,最終確認待ち
exp26-livelihood-0385,お金・買い物・税,3,2,affected,property_inheritance,将来の贈与を約束していた人が使い道を変えた。約束を前提にした家計を、どう考慮してほしい？,架空の約束。法的な履行を判断せず、期待に頼った選択の責任を扱う。,family_conflict,財産の約束に頼る家計を問う。,,,,最終確認待ち
exp26-livelihood-0386,お金・買い物・税,3,1,observer,consumption_values,作り方に配慮した商品でも、確認に費用がかかる。買い手はどんな裏付けへ対価を払いたい？,仮の販売。善意の表示と、確認できる仕組みを同じものとしない。,,消費の価値の確認費用を問う。,,,,最終確認待ち
exp26-livelihood-0387,お金・買い物・税,3,1,decision_maker,consumption_values,使わない品物を回収して再利用する費用を、買った時の価格に含めることをどう思う？,架空の販売。捨てる時の選択と、使い終わった後の責任の分担を考える。,,消費後の費用の先払いを問う。,,,,最終確認待ち
exp26-livelihood-0388,お金・買い物・税,3,1,affected,consumption_values,長く使うほど修理料金が高くなる物に、買い替えをすすめる店をどう受け止める？,仮の品物。資源の効果は断定せず、費用と愛着を相談できることを考える。,,修理を続ける価値の相談を問う。,,,,最終確認待ち
exp26-livelihood-0389,お金・買い物・税,3,1,decision_maker,consumption_values,買わない人も試作品の感想を求められる場で、作り手は何を返すべきだと思う？,架空の開発。消費の前に差し出した経験や時間への対価を考える。,,消費者の開発参加の対価を問う。,,,,最終確認待ち
exp26-livelihood-0390,お金・買い物・税,3,1,observer,consumption_values,返品された未使用の物を処分する販売方針がある。客はその扱いを知ってから選べるべき？,仮の事業方針。実際の普及を示さず、返品の先まで知る意味を問う。,,返品後の品物の情報を問う。,,,,最終確認待ち
exp26-livelihood-0391,お金・買い物・税,3,1,decision_maker,consumption_values,安い品物をたくさん選べる店で、必要な数だけ買うことを後押しする役割は店にある？,架空の販売。売上を増やす目的と、買い手が自分の必要を選ぶ条件を考える。,,少量消費を支える商いを問う。,,,,最終確認待ち
exp26-livelihood-0392,お金・買い物・税,3,1,affected,consumption_values,物を売る人が、自分なら買わない商品もすすめる。売り手の個人の好みをどこまで知りたい？,仮の接客。売り手個人の好みと、客の目的に適した提案は一致するとは限らない。自分に合う説明を得るため何を知りたいかを考える。,,売り手の個人の納得を問う。,,,,最終確認待ち
exp26-livelihood-0393,お金・買い物・税,3,1,affected,budget_planning,家計の見通しを作る時、確かでない将来の収入をどこまで計画へ入れたい？,架空の家計。計画の厳密さと、将来への希望を消しすぎないことを比較する。,,不確かな収入の家計の扱いを問う。,,,,最終確認待ち
exp26-livelihood-0394,お金・買い物・税,3,1,actor,budget_planning,同居する人のための出費を、共同の生活費と個人の贈り物にどう分けたい？,仮の家計。相手を支える支出が、共有の約束か個人の好意かを考える。,,共同家計の贈与の位置を問う。,,,,最終確認待ち
exp26-livelihood-0395,お金・買い物・税,3,1,decision_maker,budget_planning,必要な出費が重なる時、一律に少しずつ減らす方法と一つを延期する方法。何で比べるべき？,架空の予算。削った金額だけでなく、暮らしの連続性と戻せる可能性がある。,,家計削減の形を問う。,,,,最終確認待ち
exp26-livelihood-0396,お金・買い物・税,3,1,observer,budget_planning,収入が一定しない人に、毎月同じ額の積立を標準として勧めることをどう思う？,仮の家計支援。商品を勧めるのではなく、安定収入を前提にする説明を問う。,,家計の標準の前提を問う。,,,,最終確認待ち
exp26-livelihood-0397,お金・買い物・税,3,2,actor,budget_planning,家計簿を共有するなら、全支出を見せることと目的ごとの合計を見せることをどう選びたい？,仮の共同家計。計画を相談する情報と、個人の小さな選択まで知ることを分ける。,privacy_and_surveillance,家計情報の共有の細かさを問う。,,r6-19-05-l3,,最終確認待ち
exp26-livelihood-0398,お金・買い物・税,3,1,affected,budget_planning,予定外の余剰が出た時に使う方法を、先に決めておくことをどう感じる？,架空の予算。普段の約束が、まだ知らない機会への選択を狭めることもある。,,余剰を扱う家計の約束を問う。,,,,最終確認待ち
exp26-livelihood-0399,お金・買い物・税,3,1,decision_maker,consumption_values,共同で物を買う集まりに、購入額ではなく相談した時間の貢献も認めたい？,仮の共同購入。資金を出す役と、選ぶ情報を集める役の違いを考える。,,購買の見えない情報労働を問う。,,bridge-013,,最終確認待ち
exp26-livelihood-0400,お金・買い物・税,4,3,affected,credit_restart,返済を続けると家族の生活が苦しくなる。使える法的な手続きで一部の返済責任を免れられる時、再出発をどう受け止める？,架空の本人に利用可能な手続きを仮定する。破産だけで借金が消えるわけではなく、免責されない債務もある。貸し手の事情と、法律上の責任・本人が感じる責任を分けて考える。,family_conflict,債務者本人の再出発の意味を聞く。,https://www.courts.go.jp/osaka/saiban/minjibu6/index.html,finance-002 / r6-13-05-l4 / finance-001,,最終確認待ち
exp26-livelihood-0401,お金・買い物・税,4,2,affected,price_fairness,行動履歴で価格が変わると説明された通販で、自分だけ安く買える。同じ仕組みで高くなる人がいても使いたい？,架空の店。普及の事実ではなく、自分が得をする側で価格への納得を考える。,privacy_and_surveillance,有利な個別価格の自分を問う。,,r6-15-04-l3 / r6-15-04-l4,,最終確認待ち
exp26-livelihood-0402,お金・買い物・税,4,2,affected,consumption_values,動物への配慮を大切に生きてきたが、家計が厳しくいつもの選び方を続けられない。信じたことと暮らしの何を守りたい？,仮の家計。食品の効果を断定せず、守ってきた自分の信念を続けにくい意味を考える。,,消費の信念を守れない自己の意味を聞く。,,,,最終確認待ち
exp26-livelihood-0403,お金・買い物・税,4,3,affected,property_inheritance,親から受け継ぐ財産が、きょうだいより多いと分かった。希望通りだと言われても、何が納得に必要？,架空の分配。相続の法的結論ではなく、受け取る本人の公平への感覚を聞く。,family_conflict,有利な遺産を受ける感覚を聞く。,,economy-004,,最終確認待ち
exp26-livelihood-0404,お金・買い物・税,4,2,affected,saving_meaning,備えを使わないまま年を重ねた。安心を残すことと、元気な今に使うことを何で比べたい？,仮の家計。将来の必要は読めず、今の時間も後から取り戻せない。,,使わず残す財産の時間を聞く。,,,,最終確認待ち
exp26-livelihood-0405,お金・買い物・税,4,2,affected,spending_identity,欲しかった物が買えるようになったのに、心が動かない。お金を得た意味を、何で感じ直したい？,仮の生活の変化。満足の不足を診断せず、購買力と望みの変化を考える。,,購買力と満足のずれを聞く。,,,,最終確認待ち
exp26-livelihood-0406,お金・買い物・税,4,2,affected,credit_restart,完済した後も、借金のあった頃のように出費を怖がる。今の暮らしに何を戻したい？,架空の返済後。金融の助言ではなく、負担が終わっても残る家計の感覚を問う。,,完済後の生活の意味を聞く。,,,,最終確認待ち
exp26-livelihood-0407,お金・買い物・税,4,3,affected,property_inheritance,大切な人から高価だが維持費のかかる物を受け継いだ。手放すと忘れる気がする時、何を残せばよいと思う？,架空の遺品。物の所有と、故人を覚える方法は同じとは限らない。,family_conflict,記念財産の維持の限界を聞く。,,,,最終確認待ち
exp26-livelihood-0408,お金・買い物・税,4,2,affected,price_fairness,自分は優遇されて買える物を、同じように必要な人は高くて買えない。説明はあるが、その優遇を受ける自分をどう考える？,架空の販売。無償で譲る義務は置かず、自分に有利な条件でも守りたい公平の意味を問う。,,必要が同じ他者より優遇される自己を聞く。,,,,最終確認待ち
exp26-livelihood-0409,お金・買い物・税,4,2,affected,budget_planning,以前は助ける側だったが、今は人から家計を助けてもらう必要がある。受け取りやすい支え方は何？,仮の生活変化。公的給付ではなく、個人の金銭的な援助の受け止めが主題。,,金銭援助を受ける役割の変化を聞く。,,,,最終確認待ち
exp26-livelihood-0410,お金・買い物・税,4,2,affected,consumer_contract,将来の暮らしのため大きな買い物をしたが、人生の望みが変わり使えない。費やした時間と財産を、今の自分は何として受け止めたい？,架空の大きな購入。選んだ当時と今では人生の望みが異なる条件で、失敗と決めずに、戻らない時間と財産をどう意味づけるかを問う。契約上の取消しや金銭の回収を助言するものではない。,,人生の望みが変わった後、使えない大きな購入へ費やした時間と財産の意味を聞く。,,,,最終確認待ち
exp26-livelihood-0411,お金・買い物・税,4,2,affected,saving_meaning,将来のための貯金を、人との最後の機会かもしれない旅に使う。何を分からないまま選ぶ覚悟がある？,仮の機会。医療の見通しは置かず、会える将来の不確かさと備えを比較する。,,一度の時間に備えを使う条件を聞く。,,relationship-134,,最終確認待ち
exp26-livelihood-0412,お金・買い物・税,4,2,affected,spending_identity,自分が大切に生きるための支出を、援助する人はぜいたくだと言う。援助が変わるかもしれなくても、何を譲れない？,架空の私的援助。公的な給付の条件ではなく、家計を支える相手と本人の生活の意味を比べる。,,援助下の消費の尊厳を聞く。,,,,最終確認待ち
exp26-livelihood-0413,お金・買い物・税,4,3,affected,property_inheritance,受け継いだ財産の由来に、納得できない行いがあったと知った。持つことと使うことをどう分けたい？,架空の来歴。違法性や事実の確認は別で、確かだと置いた条件の価値判断を問う。,family_conflict,来歴を知った財産の受取を聞く。,,,,最終確認待ち
exp26-livelihood-0414,お金・買い物・税,4,2,affected,credit_restart,暮らしを立て直すため長年の友人から借り、まだ返せない。会うたび借金の話だけになり、対等だった自分を見失う時、お金の約束と友情をどう続けたい？,架空の私的な貸借。相手が友人を見下しているとは固定しない。長く対等に話せた関係が返済の約束で変わると本人が感じる条件で、話題を選ぶ方法より、借りる自分の尊厳と約束を続ける意味を考える。,,返済を待ってもらう間の話題ではなく、暮らしを立て直す貸借で変わる対等な友情と本人の尊厳を聞く。,,,,最終確認待ち
exp26-livelihood-0415,お金・買い物・税,4,2,affected,consumption_pressure,長く高い物を買うことで自分の価値を確かめてきたが、満足は続かず生活の備えも減った。買わない自分の何を大切にしたい？,架空の消費の選び直し。病気や依存を診断する条件ではない。高価な所有を自己評価の支えにしてきた本人に、財産を増やす方法ではなく、買うことから離れた自分の価値を問う。,,短い満足の見直しではなく、高価な所有で確かめてきた自己評価から離れる意味を聞く。,,,,最終確認待ち
exp26-livelihood-0416,お金・買い物・税,4,2,affected,tax_design,増税で自分の余裕は減るが、使い道には賛成している。負担を引き受ける納得に、何が必要？,架空の税案。使い道の意義への賛成と、自分の暮らしの余裕を減らして支える実感は違う。納得に必要な説明や見通しを考える。,,賛成する税を自分で負う納得を聞く。,,economy-003,,最終確認待ち
exp26-livelihood-0417,お金・買い物・税,4,2,affected,price_trust,長く人生の節目で買い物をした店が、自分に不利な条件を伝えなかった。品物は大切でも、関係の何が戻らないと思う？,架空の取引。違法性は未確定で、商品の満足とは別に商いへ託した信頼を考える。,,大切な消費の相手への信頼の喪失を聞く。,,,,最終確認待ち
exp26-livelihood-0418,お金・買い物・税,4,3,affected,property_inheritance,親が残したお金を使うと、親の努力まで減るように感じる。受け継いだ意味を何と考えたい？,架空の相続後。金額を保つことと、本人が暮らすために使うことを分ける。,family_conflict,相続金を使う感情を聞く。,,,,最終確認待ち
exp26-livelihood-0419,お金・買い物・税,4,2,affected,budget_relations,一緒に暮らす相手の収入が大きく増え、生活の水準を上げたいと言う。自分の負担は同じでも何が気になる？,仮の共同家計。金額だけでなく、相手に頼る暮らしと選べる生活の感覚が変わる。,,相手の収入増で変わる家計の自律を聞く。,,,,最終確認待ち
exp26-livelihood-0420,お金・買い物・税,4,2,affected,spending_memory,大切な時に買った物を売れば今の困り事を解ける。思い出をお金に替えることを、どう受け止める？,架空の処分。記録や記憶が残ることと、物が手元にある意味を分ける。,,記念物を換金する本人を聞く。,,,,最終確認待ち
exp26-livelihood-0421,お金・買い物・税,4,2,affected,consumer_contract,老後の暮らしに充てるつもりで契約したサービスが終了する。支払った額は戻るが、準備した人生の予定の何を失う？,仮の契約終了。実際の返金制度ではなく、お金が戻ることと将来の選択を作り直すことを分ける。,,返金で戻らない将来の備えを聞く。,,,,最終確認待ち
exp26-livelihood-0422,お金・買い物・税,4,2,affected,saving_meaning,失うのが怖くてお金を動かさない自分と、備えを増やしたい自分がいる。選ばないことをどう評価したい？,仮の家計判断。特定の投資を勧めず、機会を見送る意味を考える。,,資金を動かさない選択の意味を聞く。,,,,最終確認待ち
exp26-livelihood-0423,お金・買い物・税,4,3,affected,property_inheritance,家族と分ける財産が一つの物にしか残っていない。分ければ形が失われる時、自分は何を求めたい？,架空の分配。法律上の権利ではなく、形と取り分の両方への納得を問う。,family_conflict,分割できない財産の当事者を聞く。,,,,最終確認待ち
exp26-livelihood-0424,お金・買い物・税,4,2,affected,spending_identity,お金の余裕ができて、人に贈る額が増えた。「変わったね」と言われた時、何を自分らしさと思う？,仮の収入変化。自分は同じ思いで贈っていても、受ける人には金額が関係の変化として映ることがある。余裕を得た自分の表し方を問う。,,豊かさで変わる贈与の自己像を聞く。,,,,最終確認待ち
exp26-livelihood-0425,お金・買い物・税,4,2,affected,credit_restart,以前あなたを助けた人へ、今は返す余裕ができた。お金を返すだけで、助けられた関係は終わる？,架空の援助後。借金の返済と、受けた支えへの意味を分けて話せる。,,援助を返せる自分の関係を聞く。,,,,最終確認待ち
exp26-livelihood-0426,お金・買い物・税,4,2,affected,budget_planning,将来のために備え続け、望んだことをしないまま年を重ねた。備えが役立つとしても、これからの財産を何に使いたい？,仮の家計。節約の成功と、その間に使わず残した人生の機会を比べる。,,備え続けた人生の使い道を聞く。,,,,最終確認待ち
exp26-livelihood-0427,お金・買い物・税,4,2,affected,price_fairness,自分が暮らしの支えにしてきた品物が、作り手の生活を守るため値上がりする。楽しみを続けにくくなる時、「よい値段」の意味をどう受け止める？,架空の販売と本人の暮らし。値上げが作り手の暮らしを支えるという仮の条件を置く。安い値段が本人の楽しみを支えた時間と、その品物を作る人が暮らせる対価を比べる。特定の事業者の収益や原価の事実ではない。,,買い手同士の優遇差ではなく、作り手の生活を支える価格が自分の暮らしの支えを失わせる意味を聞く。,,,,最終確認待ち
exp26-livelihood-0428,お金・買い物・税,4,2,affected,property_inheritance,受け取った財産で暮らせるため、働き方を自由に選べる。人にどこまでその理由を知ってほしい？,架空の生活条件。相続税への賛否ではなく、選択の土台を語る感覚を問う。,,相続に支えられた自律の説明を聞く。,,,,最終確認待ち
exp26-livelihood-0429,お金・買い物・税,4,2,affected,consumption_joy,家計が苦しかった頃の大切な楽しみを、今は安すぎると感じる。昔の自分との距離をどう受け止める？,仮の生活変化。満足する基準が変わったことと、以前の自分が大切にしていた時間の価値を分ける。安かった経験が意味を失うとは限らない。,,豊かさで変わる過去の消費を聞く。,,,,最終確認待ち
exp26-livelihood-0430,お金・買い物・税,4,2,actor,credit_restart,返せなくなった友人へ、もう返さなくてよいと伝えたい。関係も変わりそうなら、何を先に話す？,架空の貸借。免除を親切と固定せず、受け手の気持ちと自分の期待を考える。,,返済を免じる本人の期待を聞く。,,bridge-024,,最終確認待ち
exp26-livelihood-0431,お金・買い物・税,4,2,actor,property_inheritance,財産を残す相手へ用途を指定したい。相手の未来が読めない中、どこまで希望を付けたい？,架空の贈与。法的拘束ではなく、渡す物へ自分の価値観を残す意味を問う。,,財産に希望を残す自分を聞く。,,elderly-009,,最終確認待ち
exp26-livelihood-0432,お金・買い物・税,4,2,actor,consumption_values,自分の買う物の作り方を調べたら、安さの理由に納得できない。代わりを買えない時、何を選ぶ？,仮の消費条件。特定の企業の事実ではなく、確かめた後の生活との折合いを考える。,,消費の根拠を知った行動を聞く。,,,support-006,最終確認待ち
exp26-livelihood-0433,お金・買い物・税,4,2,actor,budget_relations,共同の貯金を、自分だけが望む学びに使いたい。将来役立つとは言い切れない時、何を頼みたい？,架空の共同家計。回収の見込みと、本人が今試したいことを分ける。,,共同資金で自分を学ばせる意味を聞く。,,,,最終確認待ち
exp26-livelihood-0434,お金・買い物・税,4,2,actor,price_trust,家族のように信頼した店で、大切な買い物をした。条件の不利さを後から知り、親しさを利用された気がする時、何を確かめたい？,架空の取引。違反の事実は未確定で、金額の差と身近な関係への信頼を分ける。,,消費で傷つく長い信頼を聞く。,,,,最終確認待ち
exp26-livelihood-0435,お金・買い物・税,4,2,actor,ownership,人生をかけて集めた物を人へ譲りたいが、使い方を変えてほしくない。引き継ぐ人の自由が必要なら何を手放す？,架空の譲渡。単なる貸し物の条件ではなく、財産へ重ねた自分の生涯の期待を問う。,,生涯の収集財産を渡す意味を聞く。,,,,最終確認待ち
exp26-livelihood-0436,お金・買い物・税,4,2,actor,credit_restart,借りた時より暮らしが苦しく、約束通り返せない。相手に責められる不安があっても何を知らせたい？,仮の私的貸借。追加で借りる選択とは分け、返済の約束を変える説明を扱う。,,返済計画を変える本人の言葉を聞く。,,finance-002,,最終確認待ち
exp26-livelihood-0437,お金・買い物・税,4,2,actor,spending_identity,人生の成功の証として高価な物を買いたい。人に認められなくても、何を自分が成し遂げた証にしたい？,仮の記念消費。高いほど成功とは置かず、財産が担う本人の達成の意味を考える。,,消費を人生の成功の象徴にする本人を聞く。,,,,最終確認待ち
exp26-livelihood-0438,お金・買い物・税,4,3,actor,property_inheritance,家族に残すはずだった記念の財産を、自分の生活のため売りたい。期待が戻らないとしても、何を受け継いだ責任と思う？,架空の処分。法的に売れる本人に、家族の記憶と今の家計の必要が重なる。,family_conflict,遺産を生活へ換える責任を聞く。,,,,最終確認待ち
exp26-livelihood-0439,お金・買い物・税,4,2,actor,budget_planning,節約の目標は守れたが、身近な人との機会も断ってきた。これからの家計で何を変える？,架空の支出。貯蓄の成果と、その間に見送った時間の価値を比較する。,,節約を達成した後の見直しを聞く。,,,,最終確認待ち
exp26-livelihood-0440,お金・買い物・税,4,2,actor,consumer_contract,人生の大きな資金を、自分が誤解した条件で使った。店の説明は十分だったと思う時、選んだ自分を何で責めずに振り返る？,仮の契約。金融の助言や法的責任を決めず、回復しにくい選択の失敗を引き受ける意味を問う。,,大きな消費の誤解を引き受ける本人を聞く。,,,,最終確認待ち
exp26-livelihood-0441,お金・買い物・税,4,2,actor,credit_restart,友人を信じて貸したお金が返らず、自分の暮らしの備えも足りなくなった。相手が楽しそうに買い物する姿だけを見た時、信頼した自分と返してほしい気持ちをどう扱いたい？,架空の貸借。買い物の一場面から相手に返せる余裕があるとは決めない。自分も備えを失う条件で、事情を確認する方法だけでなく、貸した自分の信頼と生活を守りたい気持ちを問う。,,支出を見た時の確認方法ではなく、暮らしの備えを失った貸し手が自分の信頼と返済の必要をどう扱うかを聞く。,,,,最終確認待ち
exp26-livelihood-0442,お金・買い物・税,4,2,actor,consumption_values,消費の価値観を共有してきた仲間から、家計のため選んだ食品を否定された。自分の生活を知ってもらうため何を話す？,仮の消費。道徳の低さと決めず、共に信じた選び方を続けられない本人の関係を考える。,,消費の信念でつながる仲間との境界を聞く。,,,,最終確認待ち
exp26-livelihood-0443,お金・買い物・税,4,3,actor,property_inheritance,将来渡すと話した財産を、自分の楽しみに使いたくなった。相手が期待しているなら、何を先に伝える？,架空の約束変更。財産を持つ自由と、期待を生む言葉の責任を考える。,family_conflict,財産の約束を変える本人を聞く。,,,,最終確認待ち
exp26-livelihood-0444,お金・買い物・税,4,2,actor,price_fairness,自分の商いは親しい人だけの低い価格で続いたが、他の客には納得できないと言われた。大切な関係と公平を、何で変えたい？,仮の販売。単発の割引より、これまでの商いの関係を支えた値付けを選び直す場面。,,価格で支えた商いの関係を聞く。,,,,最終確認待ち
exp26-livelihood-0445,お金・買い物・税,4,2,actor,ownership,使わない物を売って身軽になりたいが、集めた年月にも愛着がある。何から手放せそう？,架空の所有整理。物の数ではなく、積み重ねた自分の時間を考える。,,収集した財産を減らす自己像を聞く。,,,,最終確認待ち
exp26-livelihood-0446,お金・買い物・税,4,2,actor,budget_relations,家計を助けた相手が自分で決めるようになった。お金を出した分、意見を言いたくなる気持ちをどう扱う？,仮の援助後。お金を渡して生活を支えたことと、その後の人生を選ぶ権限は同じではない。支えた自分の期待をどこで終えるかを考える。,,援助者の意思決定への期待を聞く。,,,,最終確認待ち
exp26-livelihood-0447,お金・買い物・税,4,2,actor,consumer_contract,自分の信念に合うと思って買った物が、暮らしには使いにくい。返せるとしても、選んだ価値をどこまで自分で担いたい？,仮の購入。返品の可否を説明せず、自分が望んだ消費の理念と使える生活を比べる。,,消費の理念の不便さを引き受ける本人を聞く。,,,,最終確認待ち
exp26-livelihood-0448,お金・買い物・税,4,2,actor,spending_memory,大切な人との関係を保つため贈り物を続けてきた。相手は欲しくないと言う時、お金で示した自分の気持ちをどう手放す？,架空の贈与。高額にするだけの問いでなく、消費へ託した長い関係の維持を考える。,,贈与に託した関係を選び直す本人を聞く。,,,,最終確認待ち
exp26-livelihood-0449,お金・買い物・税,4,2,actor,credit_restart,お金を貸した友人へ、自分も困っていると初めて伝える。返してほしい気持ちと友情をどう話す？,仮の私的貸借。相手の返済可能性は未確定で、貸し手側の必要もある。,,債権者の生活の必要を伝える。,,bridge-024,,最終確認待ち
exp26-livelihood-0450,お金・買い物・税,4,2,actor,saving_meaning,生涯をかけて貯めたお金を望んだ経験に使うと、働けなくなった時の備えがほとんど残らない。今の願いと将来の自分に、どんな約束をして選びたい？,架空の人生の出費。長く備えた本人が、今実現したい経験のために蓄えを大きく使う条件を置く。働けなくなる時期や困窮は確定させず、今の自分の願いと将来の自分の生活を同時に考える。,,一般的な予算の不安ではなく、生涯の備えを使う本人が今と将来の自分へする約束を聞く。,,,,最終確認待ち
exp26-livelihood-0451,お金・買い物・税,4,2,actor,price_trust,自分が信頼してすすめた大きな買い物を、友人は後悔している。自分の利益はなくても、相手が託した信頼をどこまで担う？,仮の推薦。詐欺や欠陥は置かず、販売者とは別に関係の中で生んだ期待を考える。,,生活を変える消費の推薦の責任を聞く。,,,,最終確認待ち
exp26-livelihood-0452,お金・買い物・税,4,2,actor,property_inheritance,大切な品物を受け継いでくれる人がいない。自分で使い切ることと、知らない人へ渡すことをどう選ぶ？,架空の財産。家族への継承を当然とせず、残したい意味を考える。,,継承先のない所有者を聞く。,,,,最終確認待ち
exp26-livelihood-0453,お金・買い物・税,4,2,actor,budget_planning,長い目標の貯金をやめて、今の暮らしを楽にしたい。昔の自分の約束をどう区切る？,仮の家計変更。目標の失敗だけでなく、必要が変わった可能性もある。,,家計の過去の目標を手放す本人を聞く。,,,,最終確認待ち
exp26-livelihood-0454,お金・買い物・税,4,2,decision_maker,budget_relations,家計を守ることを自分の役目にしてきた。自分の節約案で、家族が二度とない機会を諦めたと知った。将来を守る責任と、今の時間を狭めた責任をどう受け止めたい？,架空の共同家計。家族は案に同意したが、失われた機会の重さを本人は後から知った条件を置く。節約が将来の生活を守る価値も残っている中、家計を決める自分が他者の時間へ与えた影響を考える。,,予算案の出し方ではなく、家計を守る役で他者の機会を狭めた本人の責任と意味を聞く。,,,,最終確認待ち
exp26-livelihood-0455,お金・買い物・税,4,3,decision_maker,property_inheritance,残す財産を家族の必要で分けたいが、「同じ額がよい」と言われた。自分の公平をどこまで通したい？,架空の分配。法的な分割の助言ではなく、遺す人と受ける人の納得を問う。,family_conflict,遺す本人の分配の基準を聞く。,,,,最終確認待ち
exp26-livelihood-0456,お金・買い物・税,4,2,decision_maker,price_fairness,自分の店を続けるには、長く支えてくれた客が通えなくなる値上げが必要だとする。値上げして続ける店を、誰のための場所にしたい？,架空の価格。単なる料金設定でなく、自分が築いた商いの目的と関係を考える。,,値上げで変わる自分の商いの意味を聞く。,,,,最終確認待ち
exp26-livelihood-0457,お金・買い物・税,4,3,decision_maker,credit_restart,家族から返済計画を一緒に決めてほしいと言われた。自分の暮らしにも影響する中、何を本人に任せる？,架空の再建相談。借金を肩代わりする判断とは分け、共同の計画の権限を問う。,family_conflict,家族の債務計画に関わる境界を聞く。,,,,最終確認待ち
exp26-livelihood-0458,お金・買い物・税,4,2,decision_maker,consumer_contract,皆が大事にする一点物を、自分の決めた貸出で壊してしまった。原因は不明でも、戻せない物に自分は何を負う？,架空の共有。保険や法的責任で決めず、運営した自分と記念の財産の損失を考える。,,戻せない共有財産への責任を聞く。,,,,最終確認待ち
exp26-livelihood-0459,お金・買い物・税,4,3,decision_maker,property_inheritance,家族の遺産を公平に分ける役を頼まれたが、自分が生涯大切にしたい物が一つある。他の人も望むなら何を諦められる？,架空の分配。単に欲しいと言う順序ではなく、調整役自身の人生の記憶と公平を比べる。,family_conflict,利害を持つ遺産の調整者の放棄を聞く。,,,,最終確認待ち
exp26-livelihood-0460,お金・買い物・税,4,2,decision_maker,budget_relations,大切な人と老後のために貯めたお金で、自分が長く望んだ物を選びたい。生活は保てても、誰の人生の資金だと思う？,架空の共同資金。商品の好みの比較ではなく、共に備えた時間を使う権限を問う。,,共有した人生の備えを使う判断を聞く。,,,,最終確認待ち
exp26-livelihood-0461,お金・買い物・税,4,2,decision_maker,price_fairness,長く自分を支えた客には買えない値段でも、自分の作品が売れるようになった。商いが変わる時、何を成功と呼びたい？,仮の販売。単なる値上げの判断ではなく、自分の名と、支えた人へ届く仕事の関係を問う。,,成功が変える商いの本人を聞く。,,,,最終確認待ち
exp26-livelihood-0462,お金・買い物・税,4,2,decision_maker,consumer_contract,一生使えると思って売った自分の品物を、客が後悔して返したいと言う。条件にない返金で商いが苦しくなる時、何を約束したと感じる？,架空の販売。法的な返品権ではなく、自分の言葉へ寄せられた人生の選択の責任を考える。,,長期の購入を促した自分の責任を聞く。,,clarity-money_consumption_and_tax-01-l3,,最終確認待ち
exp26-livelihood-0463,お金・買い物・税,4,3,decision_maker,property_inheritance,家族と持つ記念の財産を売る役になった。自分はこれからの生活に使いたいが、他の人は未来へ残したい。誰の時間を優先する？,仮の共有解消。売る権利ではなく、同じ財産に重ねた現在と未来の意味を考える。,family_conflict,自分の未来を望む財産整理者を聞く。,,,,最終確認待ち
exp26-livelihood-0464,お金・買い物・税,4,2,decision_maker,tax_design,家計のため税を減らす選択ができるが、その手続きは他の人には難しい。使う自分をどう受け止める？,架空の税条件。合法な選択という前提で、制度を使える差への感覚を問う。,,税の機会に有利な家計責任者を聞く。,,,,最終確認待ち
exp26-livelihood-0465,お金・買い物・税,4,2,decision_maker,price_trust,自分の名が付くと品物が高く売れるが、今は他の人が作っている。自分の人生の仕事として何を引き受けて売る？,架空の商い。違法性は置かず、名前の信頼と実際の制作への関わりを考える。,,自分の名で売る財産の責任を聞く。,,,,最終確認待ち
exp26-livelihood-0466,お金・買い物・税,4,3,decision_maker,budget_planning,家族と長く貯めた資金を、一人の人生を変える挑戦へ使いたい。失敗すれば皆の予定が戻らない時、何を自分の判断の責任にする？,架空の共有予算。成功は確かでなく、誰かの可能性と皆が備えた将来を比較する。,family_conflict,人生の備えを集中する責任を聞く。,,,,最終確認待ち
exp26-livelihood-0467,お金・買い物・税,4,3,decision_maker,credit_restart,私的な貸付をまとめて管理している。返済しない人を仲間へ知らせれば回収しやすいが、何を守りたい？,架空の貸借。晒す行為を勧めず、情報の広がりと返済への責任を比較する。,privacy_and_surveillance,貸付管理者の開示の限度を聞く。,,,,最終確認待ち
exp26-livelihood-0468,お金・買い物・税,4,2,decision_maker,property_inheritance,財産を残すより今の家族の経験へ使いたい。将来を心配する家族へ、何を十分な備えと話したい？,仮の家計。家族の必要は変わり得るため、今の時間と残す額を比べる。,,遺産を減らす家計の意味を聞く。,,relationship-134,,最終確認待ち
exp26-livelihood-0469,お金・買い物・税,4,2,decision_maker,consumption_values,仲間と続けた共同購入で、自分が大切にする作り方を選ぶと、家計の厳しい仲間が離れる。信念と関係の何を残したい？,架空の購買。高価格が配慮の証拠とはせず、確認した価値と共に続けた関係を比べる。,,信念の消費で失う仲間の関係を聞く。,,,,最終確認待ち
exp26-livelihood-0470,お金・買い物・税,4,2,decision_maker,price_fairness,友人の暮らしを支えるため安く売ってきたが、自分の商いが続かない。友人が買えなくなっても、何を今の関係で終えたい？,架空の価格変更。価格の伝え方だけでなく、消費で支えた相手と自分の生業の限界を比べる。,,友人の消費を支え続けた商いの限界を聞く。,,,,最終確認待ち
exp26-livelihood-0471,お金・買い物・税,4,2,decision_maker,consumer_contract,仲間と共同で買った設備を長く自分が守ってきた。維持する役を離れたいが、続けられる人がいない。所有の約束をどこまで担う？,架空の共有。単発の手間の対価より、共有財産を支え続けた本人の時間を考える。,,共有財産を支える役を離れる責任を聞く。,,,,最終確認待ち
exp26-livelihood-0472,お金・買い物・税,4,3,decision_maker,budget_relations,家族の家計を長く引き受け、支出の内訳を知ることで安心してきた。本人が今は自分で管理したいと言う時、失敗する不安があっても、どこまで管理する役を手放したい？,架空の家計の引継ぎ。本人は管理を再開できる条件だが、失敗しないとは確定しない。長く担った人には、生活を守ってきた役への思いと不安がある。本人が自分で選ぶ範囲と、預かった人の安心を比べる。,family_conflict / privacy_and_surveillance,管理の確認範囲ではなく、家族が管理を再開する時に、長く預かった本人が安心を支えた役を手放す意味を聞く。,,elderly-005,,最終確認待ち
exp26-livelihood-0473,お金・買い物・税,4,2,decision_maker,property_inheritance,自分が譲る予定の財産を、相手がすぐ売りたいと言う。希望と違っても渡す意味は残る？,架空の贈与。自分の思い出と、受け取る人が必要とする自由を比較する。,,譲る人が用途を手放す意味を聞く。,,,,最終確認待ち
exp26-livelihood-0474,お金・買い物・税,4,2,observer,spending_identity,親しい人が収入を失い、以前一緒にしていた遊びが難しくなった。自分は関係の何を変えたくない？,仮の家計変化。援助を当然とせず、消費で作ってきた関係の意味を考える。,,相手の購買力の変化を見る自分を聞く。,,,,最終確認待ち
exp26-livelihood-0475,お金・買い物・税,4,2,observer,credit_restart,借金で困った友人への援助を、かつて自分の生活を守るために断った。今、友人が再出発したと聞いた時、過去の自分の選択と相手の喜びをどう受け止めたい？,架空の友人の再出発。友人は今の暮らしを喜んでいるが、本人に罪悪感や称賛を求めない。援助を断った事情にも生活の必要があった条件で、通常の祝い方より、過去の自分の境界と関係の意味を考える。,,祝い方ではなく、援助を断った過去を持つ本人が、相手の再出発を見て自分の境界と関係を受け止める倫理を聞く。,,,,最終確認待ち
exp26-livelihood-0476,お金・買い物・税,4,2,affected,property_inheritance,老後を一緒に楽しむ予定を、同じように貯めながら支え合う仲間と描いてきた。相手は相続したお金で先に仕事を離れ、自分は働き続ける時、二人の未来をどう描き直したい？,架空の財産の差。資金は別々で、同じ時期に仕事を離れることは拘束する約束ではなく共有した望みだった。相手の相続を不正や裏切りとは置かず、今後使えるお金と時間が異なる中で、共に描いた人生の予定を考える。,,近い人の違う職業選択で自分の基準を見直す0267とは分ける。相続によって仲間との老後の時期がずれる本人が、共有した人生の予定と財産差を受け止める意味を聞く。,,,,最終確認待ち
exp26-livelihood-0477,お金・買い物・税,4,2,observer,consumption_values,大切な人が高い記念品を手放した。自分には大事な思い出なら、残してほしいと伝えたい？,架空の処分。自分も共有した記憶を持つが、物は相手の所有で維持の負担も違う。自分が惜しむことと相手へ保存を求めることを分ける。,,他者の処分を惜しむ自分を聞く。,,,,最終確認待ち
exp26-livelihood-0478,住まい・地域・交通,1,1,,home_belonging,帰ってきた時に「自分の場所だ」と感じるのは、家のどこ？,,,住まいの帰属の入口を聞く。,,,,最終確認待ち
exp26-livelihood-0479,住まい・地域・交通,1,1,,home_privacy,家で一人になる時間には、何をしたい？,,,私的空間の使い方を聞く。,,,school-013,最終確認待ち
exp26-livelihood-0480,住まい・地域・交通,1,1,,neighbourhood,近所の人と、どんな場面で挨拶できると心地よい？,,,近隣関係の距離を聞く。,,,,最終確認待ち
exp26-livelihood-0481,住まい・地域・交通,1,1,,transport_experience,目的地へ向かう道のりも、楽しみになることはある？,,,移動自体の価値を聞く。,,,,最終確認待ち
exp26-livelihood-0482,住まい・地域・交通,1,1,,home_memory,引っ越す時に、次の部屋へ持っていきたい暮らしの習慣は？,,,場所を越える住まいの記憶を聞く。,,,,最終確認待ち
exp26-livelihood-0483,住まい・地域・交通,1,1,,home_space,家具を自由に動かせるなら、まずどんな場所をつくりたい？,,,空間を整える好みを聞く。,,,,最終確認待ち
exp26-livelihood-0484,住まい・地域・交通,1,1,,transport_experience,少し遠回りでも通りたくなる道には、何がある？,,,最短以外の移動を聞く。,,,,最終確認待ち
exp26-livelihood-0485,住まい・地域・交通,1,1,,neighbourhood,知らない町を歩く時、最初に気になるものは？,,,地域を見る入口を聞く。,,,,最終確認待ち
exp26-livelihood-0486,住まい・地域・交通,1,1,,home_privacy,家へ人を招くとき、どの場所で過ごしてもらいたい？,,,住まいを開く感覚を聞く。,,,,最終確認待ち
exp26-livelihood-0487,住まい・地域・交通,1,1,,home_space,朝の光と夜の静けさ。住まいではどちらを楽しみにしたい？,,,住宅の時間帯の好みを聞く。,,,,最終確認待ち
exp26-livelihood-0488,住まい・地域・交通,1,1,,transport_experience,乗り物の中では、景色を見る？ 別のことをする？,,,移動時間の使い方を聞く。,,,,最終確認待ち
exp26-livelihood-0489,住まい・地域・交通,1,1,,neighbourhood,近所で顔を覚えられると、どんな気持ちになる？,,,地域で知られる感覚を聞く。,,,,最終確認待ち
exp26-livelihood-0490,住まい・地域・交通,1,1,,home_belonging,借りている部屋でも、自分の家だと感じる？,,,所有と居住の帰属を分ける。,,,,最終確認待ち
exp26-livelihood-0491,住まい・地域・交通,1,1,,home_space,部屋の音で、落ち着く音はある？,,,住空間の音の好みを聞く。,,,school-008 / daily-010,最終確認待ち
exp26-livelihood-0492,住まい・地域・交通,1,1,,transport_rhythm,待ち時間がある移動なら、どんな場所で待ちたい？,,,待機空間の価値を聞く。,,,,最終確認待ち
exp26-livelihood-0493,住まい・地域・交通,1,1,,neighbourhood,住む町で、お気に入りの場所は人に教えたい？,,,地域の喜びを共有する感覚を聞く。,,,,最終確認待ち
exp26-livelihood-0494,住まい・地域・交通,1,1,,home_memory,以前住んだ家の間取りを、どのくらい覚えていそう？,,,住空間の記憶を聞く。,,,,最終確認待ち
exp26-livelihood-0495,住まい・地域・交通,1,1,,home_privacy,窓の外が見える部屋と、外から見えない部屋。落ち着き方は違う？,,,開放と住宅の私密性を聞く。,,,,最終確認待ち
exp26-livelihood-0496,住まい・地域・交通,1,1,,transport_experience,一人で出かける時と誰かと出かける時、選ぶ道は変わる？,,,同行と移動の好みを聞く。,,,,最終確認待ち
exp26-livelihood-0497,住まい・地域・交通,1,1,,neighbourhood,よく通る道に変化があると、すぐ気づく方？,,,日常の地域への注意を聞く。,,,,最終確認待ち
exp26-livelihood-0498,住まい・地域・交通,1,1,,home_space,家で作業する場所と休む場所は、分けたい？,,,住まいの役割分けを聞く。,,,,最終確認待ち
exp26-livelihood-0499,住まい・地域・交通,1,1,,home_belonging,新しい部屋に慣れたと感じる、最初のきっかけは何になりそう？,,,入居後のなじみ方を聞く。,,,,最終確認待ち
exp26-livelihood-0500,住まい・地域・交通,1,1,,transport_rhythm,移動は早めに着いて待ちたい？ 時間に合わせて着きたい？,,,移動の余裕の好みを聞く。,,,,最終確認待ち
exp26-livelihood-0501,住まい・地域・交通,1,1,,neighbourhood,住む町を誰かへ紹介するなら、何から話す？,,,地域の自己紹介を聞く。,,,,最終確認待ち
exp26-livelihood-0502,住まい・地域・交通,1,1,,home_space,片付いた部屋と、すぐ使う物が見える部屋。どちらが落ち着く？,,,配置と住み心地を聞く。,,,,最終確認待ち
exp26-livelihood-0503,住まい・地域・交通,1,1,,home_privacy,玄関から見える場所に、自分らしい物を置きたい？,,,住宅の入口の表現を聞く。,,,,最終確認待ち
exp26-livelihood-0504,住まい・地域・交通,1,1,,transport_experience,初めて行く場所では、道を調べてから行く？ 着いてから歩きたい？,,,知らない場所への移動を聞く。,,,,最終確認待ち
exp26-livelihood-0505,住まい・地域・交通,1,1,,neighbourhood,町で季節を感じるのは、どんな場所や出来事？,,,地域生活の季節感を聞く。,,,,最終確認待ち
exp26-livelihood-0506,住まい・地域・交通,1,1,,home_memory,家の小さな傷や古さに、どんな気持ちを持ちそう？,,,住宅の経年を聞く。,,,,最終確認待ち
exp26-livelihood-0507,住まい・地域・交通,1,1,,home_space,部屋に広さが一か所だけ増えるなら、どこがいい？,,,住空間の余裕を聞く。,,,,最終確認待ち
exp26-livelihood-0508,住まい・地域・交通,1,1,,transport_rhythm,乗り換えのある速い道と、一本で行ける遅い道。どんな日に選び方が変わる？,,,移動の複雑さの感覚を聞く。,,,,最終確認待ち
exp26-livelihood-0509,住まい・地域・交通,1,1,,neighbourhood,家の近くに知人がいることは、安心になる？,,,近隣のつながりの感覚を聞く。,,,,最終確認待ち
exp26-livelihood-0510,住まい・地域・交通,1,1,,home_belonging,「ここで暮らしている」と実感する日常の動作は？,,,居住の実感を聞く。,,,,最終確認待ち
exp26-livelihood-0511,住まい・地域・交通,1,1,,home_privacy,留守から戻った時、家の何がそのままだと安心する？,,,住まいの連続性を聞く。,,,,最終確認待ち
exp26-livelihood-0512,住まい・地域・交通,1,1,,transport_experience,歩く速さが違う人と出かける時、道中をどう楽しみたい？,,,歩調と移動の喜びを聞く。,,,,最終確認待ち
exp26-livelihood-0513,住まい・地域・交通,1,1,,neighbourhood,近所を散歩するなら、決まった道と知らない道のどちらがいい？,,,地域探索の好みを聞く。,,,,最終確認待ち
exp26-livelihood-0514,住まい・地域・交通,1,1,,home_space,家の中に、用途を決めない場所を残したい？,,,余白のある住宅を聞く。,,,,最終確認待ち
exp26-livelihood-0515,住まい・地域・交通,1,1,,home_memory,次の住人に一つ伝えるなら、その家の何を教えたい？,,,住まいを引き渡す記憶を聞く。,,,,最終確認待ち
exp26-livelihood-0516,住まい・地域・交通,2,1,,shared_home,同じ家賃で暮らす同居人が、個室へ客を泊めたい。契約や騒音に問題はないが、自分は落ち着かない時、事前の相談は必要？,,,実害のない来客への本人の境界を聞く。,,clarity-housing_community_and_transport-01-l2 / clarity-international_peace_and_cooperation-02-l2,,最終確認待ち
exp26-livelihood-0517,住まい・地域・交通,2,1,,home_privacy,部屋へ入る前に声をかけてもらえれば、家に合鍵を持つ人がいても落ち着ける？,,,入室と鍵の安心を聞く。,,,,最終確認待ち
exp26-livelihood-0518,住まい・地域・交通,2,1,,neighbourhood_distance,近所の人が留守中の荷物を預かってくれる。頼れるありがたさと、外出を知られる感覚は？,,,助け合いと生活の可視性を聞く。,,,,最終確認待ち
exp26-livelihood-0519,住まい・地域・交通,2,1,,shared_home,共用の部屋に同居人の物が少しずつ増えた。通れるなら気にならない？,,,占有と住み心地の感覚を聞く。,,,,最終確認待ち
exp26-livelihood-0520,住まい・地域・交通,2,1,,transport_autonomy,行き帰りを送ってもらえるが、帰る時刻を先に決める必要がある。便利さをどう感じる？,,,送迎と予定の自由を聞く。,,,,最終確認待ち
exp26-livelihood-0521,住まい・地域・交通,2,1,,home_belonging,転居先で、前の町と同じ店を探したくなる？ 新しい暮らし方を試したい？,,,転居後の連続と変化を聞く。,,,,最終確認待ち
exp26-livelihood-0522,住まい・地域・交通,2,1,,neighbourhood_distance,近所の集まりへ顔を出すと、次の係も頼まれそう。参加だけでも気持ちよくできる条件は？,,,地域参加と継続負担を聞く。,,,,最終確認待ち
exp26-livelihood-0523,住まい・地域・交通,2,1,,shared_home,片付けの好みが違う同居人と、共有場所の最低限をどう見つけたい？,,,住宅の整頓の基準を聞く。,,,,最終確認待ち
exp26-livelihood-0524,住まい・地域・交通,2,1,,transport_cost,交通費は安いが待つ時間が長い。急ぐ予定がなくても、時間を買いたいと思う？,,,移動の待機と費用を聞く。,,,,最終確認待ち
exp26-livelihood-0525,住まい・地域・交通,2,1,,home_memory,古い家の不便な部分に思い出がある。直して快適にすることをどう受け止める？,,,修繕と住宅の記憶を聞く。,,clarity-housing_community_and_transport-01-l3,,最終確認待ち
exp26-livelihood-0526,住まい・地域・交通,2,1,,neighbourhood_distance,店でいつもの注文を覚えてもらった。別の物を選ぶ時、少し気を使う？,,,地域で習慣を知られる感覚を聞く。,,,,最終確認待ち
exp26-livelihood-0527,住まい・地域・交通,2,1,,shared_home,同居人は食事を一緒にしたがり、自分は時間を自由にしたい。同じ家に何を求めている？,,,共住に期待するつながりを聞く。,,,,最終確認待ち
exp26-livelihood-0528,住まい・地域・交通,2,1,,transport_autonomy,行きたい場所への道を人に教わる時、細かな案内と大まかな目印のどちらが助かる？,,,移動を支える案内を聞く。,,,,最終確認待ち
exp26-livelihood-0529,住まい・地域・交通,2,1,,home_privacy,家でくつろぐ格好を、近所の人に見られることをどう感じる？,,,住宅の外へにじむ私生活を聞く。,,,,最終確認待ち
exp26-livelihood-0530,住まい・地域・交通,2,1,,neighbourhood_participation,町の掃除に参加できない月がある。普段の参加を、どのくらい覚えていてほしい？,,,地域への貢献の記憶を聞く。,,,,最終確認待ち
exp26-livelihood-0531,住まい・地域・交通,2,1,,shared_home,同じ家にいても、挨拶以外話さない日が続く。同居する意味は変わる？,,,共住と交流の頻度を聞く。,,,,最終確認待ち
exp26-livelihood-0532,住まい・地域・交通,2,1,,transport_space,混んでいない乗り物で、隣に座られるとどう感じる？ 席の距離に何を求める？,,,交通空間の私的距離を聞く。,,,,最終確認待ち
exp26-livelihood-0533,住まい・地域・交通,2,1,,home_belonging,部屋は気に入っているが周りの町にはなじめない。「住みやすい」のどこが足りない？,,,住宅と地域の満足を分ける。,,,,最終確認待ち
exp26-livelihood-0534,住まい・地域・交通,2,1,,neighbourhood_distance,新しく来た人に町の決まりを伝える。親切と押し付けの境目はどこだと思う？,,,地域案内の受け止めを聞く。,,,,最終確認待ち
exp26-livelihood-0535,住まい・地域・交通,2,1,,shared_home,共有の家具を選ぶ時、好みが強い人と特に希望のない人の意見をどう扱いたい？,,,共住の意思の強さを聞く。,,,,最終確認待ち
exp26-livelihood-0536,住まい・地域・交通,2,1,,transport_rhythm,出かける予定を交通の時刻に合わせる暮らしに、どんなよさや窮屈さがありそう？,,,交通に合わせる日常を聞く。,,,,最終確認待ち
exp26-livelihood-0537,住まい・地域・交通,2,1,,home_memory,前の住人の使い方が見える部屋に入居した。跡を残したい？ 自分の形に変えたい？,,,住空間の来歴の受け止めを聞く。,,,,最終確認待ち
exp26-livelihood-0538,住まい・地域・交通,2,1,,neighbourhood_participation,町の催しが好きでも運営は得意でない。どんな参加なら自分の居場所を感じる？,,,地域参加の多様な役割を聞く。,,,,最終確認待ち
exp26-livelihood-0539,住まい・地域・交通,2,1,,shared_home,同居人の帰宅が遅いと心配になる。知らせてもらうことと、行動を報告してもらうことは違う？,,,共住の安否と報告を分ける。,,,,最終確認待ち
exp26-livelihood-0540,住まい・地域・交通,2,1,,transport_autonomy,友達と移動中、自分だけ途中で寄り道したくなった。別れて動くことをどう感じる？,,,同行中の移動の自由を聞く。,,,,最終確認待ち
exp26-livelihood-0541,住まい・地域・交通,2,1,,home_privacy,共同住宅の廊下で住人が話している。部屋から出る時に挨拶しない選択も気楽にしたい？,,,住居の共用部分の接触を聞く。,,,,最終確認待ち
exp26-livelihood-0542,住まい・地域・交通,2,1,,neighbourhood_distance,近所の人から、町の出来事をよく教えてもらう。どこまで知ると安心する？,,,地域の情報との距離を聞く。,,,,最終確認待ち
exp26-livelihood-0543,住まい・地域・交通,2,1,,shared_home,同居人が毎日同じ場所を使う。約束がなくても、その席を空けておきたい？,,,共住の暗黙の場所取りを聞く。,,,,最終確認待ち
exp26-livelihood-0544,住まい・地域・交通,2,1,,transport_space,移動中に話したい同行者と、静かに景色を見たい自分。どんな時間を一緒に過ごしたい？,,,同行の沈黙の感覚を聞く。,,,,最終確認待ち
exp26-livelihood-0545,住まい・地域・交通,2,1,,home_belonging,短期間だけ暮らす町でも、顔見知りをつくりたい？,,,居住期間と帰属を聞く。,,,,最終確認待ち
exp26-livelihood-0546,住まい・地域・交通,2,1,,neighbourhood_participation,町の新しい企画に賛成でも自分は使わなさそう。応援をどんな形にしたい？,,,非利用者の地域への関わりを聞く。,,,,最終確認待ち
exp26-livelihood-0547,住まい・地域・交通,2,1,,shared_home,同居人が外出している間の方がくつろげる。共同生活にどんな余白がほしい？,,,同居と単独時間の価値を聞く。,,,,最終確認待ち
exp26-livelihood-0548,住まい・地域・交通,2,1,,transport_autonomy,初めての場所へ一人で行けた時、距離より何がうれしい？,,,移動の達成の感覚を聞く。,,,,最終確認待ち
exp26-livelihood-0549,住まい・地域・交通,2,1,,home_memory,引越しで近所の人と離れる。連絡を続ける以外に、つながりを残したい？,,,転居後の地域関係を聞く。,,,,最終確認待ち
exp26-livelihood-0550,住まい・地域・交通,2,1,,neighbourhood_distance,町をよく知る人がすすめる道より、自分の好きな道を通りたい。どんな違いがある？,,,地域知識と個人の好みを聞く。,,clarity-housing_community_and_transport-02-l1,,最終確認待ち
exp26-livelihood-0551,住まい・地域・交通,2,1,,shared_home,共有場所の掃除を先にする人がいる。頼まれていなくても、お返しが必要だと感じる？,,,共住の自発的労働を聞く。,,,,最終確認待ち
exp26-livelihood-0552,住まい・地域・交通,2,1,,transport_rhythm,急がなくても、乗り物が遅れると落ち着かない。時刻通りであることの何が大事？,,,交通の予測可能性を聞く。,,,,最終確認待ち
exp26-livelihood-0553,住まい・地域・交通,2,1,,home_privacy,窓を開けると隣家の生活音が聞こえる。人の気配は安心？ 一人の空間を守りたい？,,,住居の音を介した距離を聞く。,,,,最終確認待ち
exp26-livelihood-0554,住まい・地域・交通,2,1,,neighbourhood_participation,新しい住人が町の呼び名を変えて話す。呼び名への愛着は住む長さで変わると思う？,,,地域の命名と帰属を聞く。,,,,最終確認待ち
exp26-livelihood-0555,住まい・地域・交通,2,1,,shared_home,同居人に好きな時間を先に尋ねられた。希望がない時も、何か答えた方がいいと思う？,,,共住で意向を求められる感覚を聞く。,,,,最終確認待ち
exp26-livelihood-0556,住まい・地域・交通,2,1,,transport_cost,いつも移動を運転してくれる人に、燃料代以外の負担をどう返したい？,,,同行の運転の負担を聞く。,,,,最終確認待ち
exp26-livelihood-0557,住まい・地域・交通,2,1,,home_belonging,生まれた町より今の町になじんでいる。自分の「地元」をどう呼びたい？,,,居住地の自己紹介を聞く。,,,,最終確認待ち
exp26-livelihood-0558,住まい・地域・交通,3,2,decision_maker,housing_access,住居を貸す時、暮らしを支える人が近くにいない応募者へ何を確認すべきだと思う？,仮の賃貸。人間関係の多さで評価せず、居住に必要な確認と不安を分ける。,,入居時のつながりの条件を問う。,,stigma-006,,最終確認待ち
exp26-livelihood-0559,住まい・地域・交通,3,2,decision_maker,housing_access,見守りを伴う住宅では、訪問の時間と方法を住む人が選べる範囲をどう決めたい？,架空の住宅。見守りを監視と固定せず、自宅に人が入る安心と支援を比べる。,privacy_and_surveillance,住居の見守りの裁量を問う。,,r6-13-05-l3,,最終確認待ち
exp26-livelihood-0560,住まい・地域・交通,3,1,observer,housing_access,短期間だけ住む人に、長期の住人と同じ共用設備を使う権利を認めたい？,仮の共同住宅。費用の負担期間と、生活する期間に必要な設備を比較する。,,短期居住の設備利用を問う。,,,,最終確認待ち
exp26-livelihood-0561,住まい・地域・交通,3,1,decision_maker,housing_access,賃貸の内装を住人が変えられる範囲を広げる時、次の住人の使いやすさをどこまで考慮する？,架空の契約。法的な原状回復ではなく、住む本人の裁量と引渡しを考える。,,賃貸の空間の変更の境界を問う。,,,,最終確認待ち
exp26-livelihood-0562,住まい・地域・交通,3,1,observer,housing_access,自治体が「住みやすい住宅」を評価する時、広さを確保するため長く働く暮らしと、狭くても家で過ごす時間が長い暮らしを何で比べるべき？,架空の住宅支援の評価。選んだ基準を今後の住宅支援の目標に用いる設定で、広さの数字と住居で過ごせる時間のどちらを成果へ含めるかを考える。広さや家賃による働く時間の差は、この二つの暮らしの仮の条件である。,,個人が家を選ぶ好みではなく、住宅支援の評価で居住の豊かさを何で測るかを問う。,,,,最終確認待ち
exp26-livelihood-0563,住まい・地域・交通,3,2,actor,housing_access,入居者へ生活の相談を紹介する住宅の管理者は、相談したかまで確かめるべきだと思う？,架空の管理。住み続けるための支援と、相談先との私的な関係を分ける。,privacy_and_surveillance,住宅支援の確認の範囲を問う。,,,,最終確認待ち
exp26-livelihood-0564,住まい・地域・交通,3,1,decision_maker,shared_home,共同住宅の来客ルールを変える時、客を呼ばない住人の不安をどこまで基準にする？,仮の共住。実害だけでは測りにくい居場所の安心と、他の人の自由がある。,,共住の来客への納得を問う。,,,,最終確認待ち
exp26-livelihood-0565,住まい・地域・交通,3,1,observer,shared_home,共用場所を清潔に保つ基準は、最も気になる人に合わせるべきだと思う？,架空の住宅。安心を求める度合いと、そのための家事の負担を比較する。,,共用住宅の清潔の基準を問う。,,,,最終確認待ち
exp26-livelihood-0566,住まい・地域・交通,3,1,decision_maker,shared_home,共同住宅の世話役を引き受ける人に、家賃の優遇を付けることをどう思う？,仮の管理。住人の役割と、住まいを得るために作業を担う条件を分ける。,,共住管理の対価を問う。,,,,最終確認待ち
exp26-livelihood-0567,住まい・地域・交通,3,1,actor,shared_home,住人の話合いに出られない人の希望を集めるため、決定を遅らせることをどう考える？,架空の住宅。全員が暮らすルールの納得と、待つ間の不便を比較する。,,共住の不在者の意思を問う。,,,,最終確認待ち
exp26-livelihood-0568,住まい・地域・交通,3,1,decision_maker,shared_home,共用場所を予約できる仕組みでは、先に予定を立てられる人に偏ることをどう補いたい？,仮の設備。予約の分かりやすさと、予定の読めない人の利用を比べる。,,共用住宅の予約の偏りを問う。,,,,最終確認待ち
exp26-livelihood-0569,住まい・地域・交通,3,1,decision_maker,shared_home,住宅の連絡帳で生活の困り事を共有する時、匿名でも提案を扱うべき？,架空の共住。相談しやすさと、状況を確認するための情報を考える。,,共住の匿名相談を問う。,,,,最終確認待ち
exp26-livelihood-0570,住まい・地域・交通,3,1,observer,neighbourhood_participation,町の作業をする時間がない人に、費用だけを負担する参加を認めることをどう思う？,仮の地域運営。時間とお金を同じ貢献にできるか、関わりの意味も考える。,,地域労働の代替の形を問う。,,,,最終確認待ち
exp26-livelihood-0571,住まい・地域・交通,3,1,decision_maker,neighbourhood_participation,町の活動を長く支えた人の意見を、現在の住人の意見より重く扱ってよいと思う？,架空の地域。過去の貢献への敬意と、これから暮らす人の希望を分ける。,,地域の貢献と決定の重みを問う。,,,,最終確認待ち
exp26-livelihood-0572,住まい・地域・交通,3,1,actor,neighbourhood_participation,町内の係を引き受けない人にも、活動の情報を同じように届けるべきだと思う？,仮の運営。負担を担う人の納得と、暮らしの情報へのアクセスを比較する。,,地域運営と情報の条件を問う。,,,,最終確認待ち
exp26-livelihood-0573,住まい・地域・交通,3,1,decision_maker,neighbourhood_participation,地域の催しに企業の費用を入れると、使える場所や時間に条件が付く。何を残すべき？,架空の催し。運営を続ける資金と、地域が自分で場所を使う余地を考える。,,地域空間と協賛の条件を問う。,,,,最終確認待ち
exp26-livelihood-0574,住まい・地域・交通,3,1,observer,neighbourhood_participation,地域の集まりをオンライン中心にすると、遠くへ転居した人も参加できる。住人の場をどう考える？,仮の活動。居住と帰属の範囲、現場の負担を知る人の違いがある。,,転居者を含む地域の範囲を問う。,,,,最終確認待ち
exp26-livelihood-0575,住まい・地域・交通,3,1,actor,neighbourhood_participation,住人の希望を聞く時、発言しない人を満足している人と扱ってよいと思う？,架空の地域相談。沈黙の意味は未確定で、生活上の参加のしにくさもあり得る。,,地域の沈黙の扱いを問う。,,,,最終確認待ち
exp26-livelihood-0576,住まい・地域・交通,3,1,observer,public_space,町の空いた場所を、使い方を決めずに残す価値はあると思う？,架空の計画。用途を指定して使いやすくすることと、後から選べる余地を比べる。,,地域空間の未定の価値を問う。,,,,最終確認待ち
exp26-livelihood-0577,住まい・地域・交通,3,1,decision_maker,public_space,公共の場所を使った人に片付けを任せると、利用できる人が限られる。管理の負担をどう分ける？,仮の施設。利用後の片付けを自分でできる人だけに開くと、場が必要でも使えない人がいる。管理を引き受ける時間の負担を比較する。,,公共空間の片付け条件を問う。,,,,最終確認待ち
exp26-livelihood-0578,住まい・地域・交通,3,1,decision_maker,public_space,ベンチを増やすと休める人が増えるが、隣の住宅は長い滞在を心配する。何を確かめて設置したい？,架空の街路。心配を実際の害と断定せず、休める公共空間の意味を考える。,,街路に滞在する人の居場所を問う。,,,,最終確認待ち
exp26-livelihood-0579,住まい・地域・交通,3,1,decision_maker,public_space,町の施設を予約団体へ貸す日と、誰でも来られる日にどう分けたい？,仮の施設。確実に使える集団と、予定を決めない利用者の必要を比較する。,,公共施設の予定外利用を問う。,,,,最終確認待ち
exp26-livelihood-0580,住まい・地域・交通,3,1,observer,public_space,通りを歩行者中心に変えると、車で来る客が減りそうな店がある。店の不安をどこまで計画へ入れる？,架空の道。売上の予測は確定せず、通る人と商いをする人の条件を比べる。,,道路の使い方と商いを問う。,,community-001,,最終確認待ち
exp26-livelihood-0581,住まい・地域・交通,3,1,actor,public_space,住宅街の小さな掲示板に個人のお願いを載せるなら、どんな範囲を共同の話題にしたい？,仮の地域情報。身近な困り事を知る利益と、情報が残る場所の公共性を考える。,,地域掲示の私的な頼みを問う。,,,,最終確認待ち
exp26-livelihood-0582,住まい・地域・交通,3,1,decision_maker,transport_supply,交通の路線を決める時、乗る人数と他の手段がない人の数をどう比べたい？,架空の運行。大勢が使う効率と、代わりがない移動の必要を分ける。,,交通の代替のない需要を問う。,,,,最終確認待ち
exp26-livelihood-0583,住まい・地域・交通,3,1,decision_maker,transport_supply,予約しないと使えない交通では、急に出かけたい人へどんな余地を残したい？,仮の移動サービス。予定を集める効率と、暮らしの突発的な用事を比べる。,,予約交通の予定外の自由を問う。,,,,最終確認待ち
exp26-livelihood-0584,住まい・地域・交通,3,1,observer,transport_supply,地域の送迎を善意の運転者に頼る時、運転しない住人は何を担うべきだと思う？,架空の協力。安全制度の説明ではなく、労働や調整の負担の分け方を問う。,,地域送迎の非運転者の貢献を問う。,,r6-02-04-l3,,最終確認待ち
exp26-livelihood-0585,住まい・地域・交通,3,1,decision_maker,transport_supply,移動の支援を通院と買い物に限る制度に、会いたい人へ会う外出も入れたい？,仮の交通支援。給付額ではなく、どんな行き先を移動の必要と考えるかを問う。,,移動の必要の目的を問う。,,,,最終確認待ち
exp26-livelihood-0586,住まい・地域・交通,3,1,actor,transport_supply,乗り継ぎが必要な町で、遅い便を待つ接続をどこまで優先したい？,架空の運行。便を待つ乗客の予定と、乗り遅れた人の次の移動の見通しが違う。接続を守る時間をどこまで全員で負担するかを考える。,,交通の接続の責任を問う。,,,,最終確認待ち
exp26-livelihood-0587,住まい・地域・交通,3,1,observer,transport_supply,地域の交通の新案を試す時、使わない住人にも試乗を求める意味はあると思う？,仮の計画。将来の利用や他者の移動を知ることと、参加の時間を考える。,,交通の非利用者の理解を問う。,,,,最終確認待ち
exp26-livelihood-0588,住まい・地域・交通,3,1,decision_maker,transport_fares,交通費を定額にすると頻繁に使う人ほど得をする。あまり使わない人の納得を何で支えたい？,仮の料金。乗る量への対価と、いつでも使える仕組みの価値を分ける。,,交通の利用と待機の価格を問う。,,,,最終確認待ち
exp26-livelihood-0589,住まい・地域・交通,3,1,observer,transport_fares,移動の費用を補う時、距離より到着までの時間で負担を考えることをどう思う？,架空の支援。近くても乗継ぎで長くかかる人と、遠くても速い人がいる。,,移動負担の測定軸を問う。,,,,最終確認待ち
exp26-livelihood-0590,住まい・地域・交通,3,1,decision_maker,transport_fares,運賃を低くするため時刻案内を減らす案がある。使い慣れない人への情報をどこまで維持したい？,仮の交通予算。価格の安さと、情報があって使えることを比較する。,,運賃と利用情報の費用を問う。,,,,最終確認待ち
exp26-livelihood-0591,住まい・地域・交通,3,1,observer,transport_fares,公共交通の料金を家族単位で安くするなら、一人で移動する人への公平をどう考える？,架空の料金。同行を促す狙いと、単独で暮らす人の条件を比べる。,,同行単位の運賃の公平を問う。,,r6-02-03-l3,,最終確認待ち
exp26-livelihood-0592,住まい・地域・交通,3,1,decision_maker,transport_fares,遠い地域の交通を支える追加負担を、利用者だけでなく全住人に求めてよいと思う？,仮の運行費。いま使わない人にも関わる地域の価値を、具体的に考える。,,移動の維持の共同負担を問う。,,r6-05-03-l3,,最終確認待ち
exp26-livelihood-0593,住まい・地域・交通,3,1,affected,transport_fares,時間通り着く約束のある便を高く売る交通に、普通の便でも何を守ってほしい？,架空のサービス。正確さを特別な商品とすることと、基本の移動の信頼を分ける。,,交通の基本と追加品質を問う。,,,,最終確認待ち
exp26-livelihood-0594,住まい・地域・交通,3,1,decision_maker,local_belonging,長く住む人より、町で働く人の方が場所をよく使う。地域の希望を聞く範囲をどう広げたい？,架空の計画。住所と日々の利用が同じ人とは限らず、生活の影響を比べる。,,地域の利用者の帰属を問う。,,,,最終確認待ち
exp26-livelihood-0595,住まい・地域・交通,3,1,observer,local_belonging,町へ戻った人を新しい住人として迎えるか、昔からの仲間として迎えるか、何が違うと思う？,仮の転居。本人が望む距離と、地域が覚える過去は一致しないことがある。,,帰郷者への地域の距離を問う。,,,,最終確認待ち
exp26-livelihood-0596,住まい・地域・交通,3,1,decision_maker,local_belonging,町を離れた人の寄付で施設を残す時、使い方にもその人の意見を入れるべき？,架空の施設。費用を支えるつながりと、現住人が使う場所の裁量を考える。,,転居者の支援と場所の決定を問う。,,,,最終確認待ち
exp26-livelihood-0597,住まい・地域・交通,3,1,actor,local_belonging,町の紹介に長年の住人の思い出ばかりを載せるなら、新しい人の経験をどう加えたい？,仮の広報。地域の物語を残すことと、いま始まった暮らしを見せることを比べる。,,地域の紹介の経験の範囲を問う。,,,,最終確認待ち
exp26-livelihood-0598,住まい・地域・交通,3,1,observer,local_belonging,住まいが頻繁に変わる人にも、地域の活動に継続して参加する席を設けたい？,仮の運営。住所で区切る分かりやすさと、つながりを保つ本人の希望を考える。,,移動する住人の地域参加を問う。,,,,最終確認待ち
exp26-livelihood-0599,住まい・地域・交通,3,1,actor,local_belonging,地域の困り事を外へ伝える時、住人が嫌がる面も示す必要があると思う？,架空の発信。支援を得るための説明と、町の見られ方への愛着を比べる。,,地域の問題を外へ見せる責任を問う。,,,,最終確認待ち
exp26-livelihood-0600,住まい・地域・交通,3,1,decision_maker,rental_use,賃貸の共用設備を追加する費用は、使う人だけか全住人か、何で決めるべき？,仮の住宅。今の利用と、将来使える選択を住まいの価値として比較する。,,共用住宅の設備の負担を問う。,,,,最終確認待ち
exp26-livelihood-0601,住まい・地域・交通,3,2,actor,rental_use,住宅の管理者が困り事を早く知るため住人へ定期的に声をかける。応じない自由をどう残したい？,架空の管理。暮らしの不調を気づくことと、挨拶も選べる私的な居場所を考える。,privacy_and_surveillance,住宅管理の声かけの限度を問う。,,,,最終確認待ち
exp26-livelihood-0602,住まい・地域・交通,3,1,decision_maker,rental_use,住人が入れ替わる住宅で、過去のルールを一度すべて見直す機会を設けるべき？,仮の共住。安定した運用と、理由を知らずに守ることへの納得を比べる。,,住宅のルールの更新を問う。,,,,最終確認待ち
exp26-livelihood-0603,住まい・地域・交通,3,1,decision_maker,rental_use,賃貸住宅の修繕の時期を選ぶ際、住人が今困る点と将来の長持ちをどう比べたい？,架空の管理計画。修繕義務の法的判断でなく、限られた作業時間の配分を問う。,,修繕の時間軸を問う。,,,,最終確認待ち
exp26-livelihood-0604,住まい・地域・交通,3,2,actor,rental_use,住人の相談を管理者が地域の専門家へつなぐ時、本人の同意をどの段階で確かめたい？,仮の支援。緊急事態ではない設定で、助けをつなぐ情報の範囲を考える。,privacy_and_surveillance,住宅相談の引継ぎの同意を問う。,,,,最終確認待ち
exp26-livelihood-0605,住まい・地域・交通,3,1,observer,rental_use,共用設備に詳しい住人が使い方を教える仕組みを、入居時の当番にしてよいと思う？,架空の住宅。知識を分ける親切と、暮らすために必要な役務の違いがある。,,住人の技能の共同負担を問う。,,,,最終確認待ち
exp26-livelihood-0606,住まい・地域・交通,3,1,decision_maker,space_change,町の道を分かりやすくするため古い地名を減らす案がある。案内と愛着を何で比べたい？,仮の計画。文化史の真偽ではなく、日常の道を使い慣れる意味を考える。,,地域の道の呼び名の変更を問う。,,,,最終確認待ち
exp26-livelihood-0607,住まい・地域・交通,3,1,observer,space_change,空いた店舗へ住人の居場所をつくる時、利用しない人にも運営費を求めることをどう思う？,架空の地域。直接の利用と、町で誰かが過ごせる場所の意味を分ける。,,地域の居場所の共同費用を問う。,,,,最終確認待ち
exp26-livelihood-0608,住まい・地域・交通,3,1,actor,space_change,地域の施設を閉じる前に、利用者の思い出を集める時間を確保すべきだと思う？,仮の閉鎖。存続の判断とは別に、日常の場の終わりを受け止めることを考える。,,地域空間の終了の時間を問う。,,,,最終確認待ち
exp26-livelihood-0609,住まい・地域・交通,3,1,decision_maker,space_change,新しい集合住宅で交流を促すなら、参加しなくても居心地がよい条件は何？,架空の住宅。親しさを増やすことと、交流の少ない住人の居場所を比べる。,,交流を求めない住居の居心地を問う。,,,,最終確認待ち
exp26-livelihood-0610,住まい・地域・交通,3,1,decision_maker,space_change,歩道を広くすると駐輪場所が減る道で、歩く人と自転車の利用者の何を比較したい？,仮の街路。安全性は未評価で、移動の使いやすさと置く場所を考える。,,街路空間の移動の配分を問う。,,,,最終確認待ち
exp26-livelihood-0611,住まい・地域・交通,3,1,affected,space_change,再開発で店が一度閉まる町に、完成後の利益以外に何を約束してほしい？,架空の計画。移行する間の日常の場所や関係が、完成後に戻るとは限らない。,,地域改変の移行期間を問う。,,,,最終確認待ち
exp26-livelihood-0612,住まい・地域・交通,3,1,affected,transport_information,乗り物の遅れを伝える時、確かな情報だけと未確かな見通しのどちらを先に知りたい？,仮の運行。正確さを保つ説明と、予定を選び直すための早さを比較する。,,交通の不確かな案内を問う。,,,,最終確認待ち
exp26-livelihood-0613,住まい・地域・交通,3,1,actor,transport_information,交通の乗り方を初めての人へ説明する案内に、地元の暗黙の習慣も入れるべき？,架空の案内。使い方が分かることと、慣れた人だけが知る段取りを考える。,,交通の暗黙知の公開を問う。,,,,最終確認待ち
exp26-livelihood-0614,住まい・地域・交通,3,1,decision_maker,transport_information,駅員に尋ねる窓口を減らし案内板を増やすなら、変更する前に何を確かめたい？,仮の予算。文字で自分で探す人と、会話で確かめる人の条件を比較する。,,交通案内の対人の役割を問う。,,,,最終確認待ち
exp26-livelihood-0615,住まい・地域・交通,3,1,observer,transport_information,混雑する道を案内から避けると、生活道路へ人が流れる。交通情報は住人の負担も示すべき？,架空の案内。個人の早い移動と、経路を使われる地域の暮らしを考える。,,経路案内の地域への影響を問う。,,,,最終確認待ち
exp26-livelihood-0616,住まい・地域・交通,3,1,actor,transport_information,移動が不便な場所への案内で、「車で来て」と伝えるだけで十分だと思う？,仮の訪問先。車を持たない人もいる条件で、場所を開くための情報を考える。,,来訪者の移動条件の案内を問う。,,,,最終確認待ち
exp26-livelihood-0617,住まい・地域・交通,3,1,decision_maker,transport_information,交通の使いにくさを調べる時、乗っていない人の声をどう集めたい？,架空の調査。利用者の記録だけでは、難しくて外出を諦めた人の用事は分からない。交通を使わない理由と、必要がないことを分ける。,,使わない交通の潜在的な負担を問う。,,,,最終確認待ち
exp26-livelihood-0618,住まい・地域・交通,3,1,decision_maker,home_privacy,住宅の廊下を住人の交流の場にする計画で、部屋へ出入りする人の距離をどう守りたい？,仮の集合住宅。共用の場が私的な部屋のすぐ外にある条件を考える。,,住宅の入口にある交流の境界を問う。,,,,最終確認待ち
exp26-livelihood-0619,住まい・地域・交通,3,2,actor,home_privacy,近隣の騒音を相談する時、音を録る方法と人の生活を録らない配慮をどう両立したい？,架空の住宅。録音の法的評価ではなく、困り事を確かめる情報の範囲を問う。,privacy_and_surveillance,住居の音の確認の情報範囲を問う。,,,,最終確認待ち
exp26-livelihood-0620,住まい・地域・交通,3,2,decision_maker,home_privacy,地域の安否確認の地図へ住人の情報を載せるなら、本人はどこまで選べるべき？,仮の地域支援。緊急時ではなく、平時に自宅の情報を共有する条件を考える。,privacy_and_surveillance,地域の住宅情報の共有の選択を問う。,,,,最終確認待ち
exp26-livelihood-0621,住まい・地域・交通,3,1,observer,local_belonging,地域の顔として紹介する人を、住んだ年数より町への関わりで選ぶことをどう思う？,架空の紹介。長く暮らした経験と、多くの活動を担った経験は異なる。地域を一つの人物像で紹介すると誰の生活が見えにくくなるかも考える。,,地域を代表する経験を問う。,,,,最終確認待ち
exp26-livelihood-0622,住まい・地域・交通,3,1,decision_maker,space_change,町の大きな施設を小さな拠点へ分ける時、皆が同じ場所で会う意味をどこまで残したい？,架空の整備。近くで使える便利さと、異なる地区が一緒にいる場を比較する。,,地域拠点の分散のつながりを問う。,,,,最終確認待ち
exp26-livelihood-0623,住まい・地域・交通,3,1,actor,transport_supply,送迎の希望をまとめる人に、乗る人が連絡の手間も返す仕組みをつくりたい？,仮の地域交通。運転以外にも連絡を待ち、予定を組み直す仕事がある。直接乗る便数だけでは、調整役の時間を測れない。,,地域移動の調整役の負担を問う。,,,,最終確認待ち
exp26-livelihood-0624,住まい・地域・交通,3,1,decision_maker,shared_home,新しい住人へ共有の決まりを教える時、古い住人だけが例外を使うことをどう扱いたい？,架空の共住。慣れた人への信頼と、始めたばかりの人の納得を比べる。,,共住の慣れによる例外を問う。,,,,最終確認待ち
exp26-livelihood-0625,住まい・地域・交通,3,1,observer,housing_access,居住期間が短い人にも、部屋の改善の希望を同じように聞くべきだと思う？,仮の住宅。使う期間の違いと、いま暮らす人の住み心地を比較する。,,短い居住の改善の希望を問う。,,,,最終確認待ち
exp26-livelihood-0626,住まい・地域・交通,3,1,actor,transport_information,予定より遅れる交通の運営者は、謝ることと他の移動手段を示すことのどちらを優先したい？,架空の運行。責任の説明と、利用者が次の予定を選べる情報を分ける。,,交通の遅れへの応答を問う。,,,,最終確認待ち
exp26-livelihood-0627,住まい・地域・交通,4,3,affected,housing_access,住居探しが難しく、定期訪問の見守りがある家なら入居できる。訪問の形は相談できるが、自宅を見られることをどう受け止める？,国交省は居住サポート住宅の制度を、安否確認・訪問等の見守りや福祉への接続を伴う住宅として説明する。本人の住居探しと抵抗感は架空。訪問を相談できるという条件で、住居の安心と私的な場所を比べる。,privacy_and_surveillance,住居確保と継続訪問の本人を聞く。,https://www.mlit.go.jp/report/press/house07_hh_000306.html,r6-13-05-l3 / disability-006,,最終確認待ち
exp26-livelihood-0628,住まい・地域・交通,4,2,affected,home_belonging,長く住んだ家を離れれば暮らしは楽になるが、自分の人生の場所を失う気がする。何を持っていければ移れる？,架空の転居。行政に迫られる移転とは分け、本人が生活を選び直す意味を問う。,,自分で選ぶ転居の帰属の喪失を聞く。,,r6-05-03-l4,,最終確認待ち
exp26-livelihood-0629,住まい・地域・交通,4,3,affected,shared_home,一緒に暮らしてきた相手が、これからは別の家で会いたいと言う。関係は続けたい時、同居の何を失うと感じる？,仮の居住の変化。別居を関係の終了とは固定せず、同じ家にいる意味を考える。,family_conflict,別居で変わる関係の居場所を聞く。,,,,最終確認待ち
exp26-livelihood-0630,住まい・地域・交通,4,3,affected,home_memory,亡くなった人と暮らした家へ帰るのがつらいが、離れるのも怖い。家に残りたい理由を、何と呼びたい？,仮の喪失後。悲嘆の正しい時期を置かず、場所が持つ近さと痛みを考える。,,悲嘆と住まいの帰属を聞く。,,,,最終確認待ち
exp26-livelihood-0631,住まい・地域・交通,4,2,affected,housing_access,安定して住める家をやっと得たが、人とのつながりから遠い。安心して住むことに、何がまだ必要？,架空の入居後。住居の確保だけで終わらない、暮らす本人の孤立や帰属を考える。,,住居を得た後の居場所を聞く。,,,,最終確認待ち
exp26-livelihood-0632,住まい・地域・交通,4,3,affected,home_privacy,家を開いて人を支えてきたが、一人で過ごす場所がなくなった。頼る人がいても何を自分に返したい？,仮の住居。緊急事態ではなく、長く続けた関わりと私的な居場所を比べる。,,支える家で失う本人の空間を聞く。,,,,最終確認待ち
exp26-livelihood-0633,住まい・地域・交通,4,3,affected,local_belonging,町に長く住んだのに「よそから来た人」と呼ばれ続ける。自分はここに属すると思うため、何を必要とする？,仮の地域関係。出身で差別された事実を断定せず、本人が感じる帰属を問う。,discrimination_and_hate,住む時間で得られない帰属を聞く。,,,,最終確認待ち
exp26-livelihood-0634,住まい・地域・交通,4,2,affected,transport_autonomy,一人で出かけにくくなり、行く先を毎回人に頼む暮らしになった。移動の自由で何をいちばん残したい？,架空の生活。運転の安全の判断とは分け、行き先を決める本人の意味を考える。,,移動を頼む生活の自律を聞く。,,elderly-001,,最終確認待ち
exp26-livelihood-0635,住まい・地域・交通,4,2,affected,home_belonging,子どもの頃の家が取り壊されるが、今の暮らしに支障はない。失うものを、家族にどう話したい？,架空の解体。住むための必要と、人生を覚える場所の意味は違う。,,居住していない家の喪失を聞く。,,,,最終確認待ち
exp26-livelihood-0636,住まい・地域・交通,4,2,affected,shared_home,共同生活で孤独が減ったが、自分の都合で一日を選びにくい。住み続けるには何を守りたい？,仮の共住。日々の段取りだけでなく、生活全体の自律とつながりを比較する。,,孤独を減らす住居の自律を聞く。,,,,最終確認待ち
exp26-livelihood-0637,住まい・地域・交通,4,3,affected,housing_access,住む家を失う不安から、合わない同居を続けている。次の見通しが不確かな時、何を確かめて離れたい？,架空の居住。暴力の場面は置かず、住宅の安定が関係の選択に与える影響を問う。,family_conflict,住居の不安で続く共住を聞く。,,,,最終確認待ち
exp26-livelihood-0638,住まい・地域・交通,4,2,affected,local_belonging,戻れると思っていた故郷の家が売られた。今の家はあるのに、何がなくなったと感じそう？,架空の売却。住める物件の数と、いつか戻れるという心の位置を分ける。,,戻る場所を失う本人を聞く。,,,,最終確認待ち
exp26-livelihood-0639,住まい・地域・交通,4,2,affected,home_memory,ずっと守った家を、新しい住人が大きく変えると知った。譲った後も残ってほしいものは何？,仮の引渡し。所有の権利ではなく、場所に重ねた自分の時間を考える。,,渡した住居の変化への感覚を聞く。,,,,最終確認待ち
exp26-livelihood-0640,住まい・地域・交通,4,2,affected,transport_autonomy,会いたい人へ行ける交通がなくなり、通話だけになる。便利な代替があっても何が埋まらない？,架空の路線終了。デジタル交流の効果ではなく、自分で相手の場所へ行く意味を問う。,,会いに行く移動の喪失を聞く。,,,,最終確認待ち
exp26-livelihood-0641,住まい・地域・交通,4,3,affected,home_privacy,住居を支えてもらう相手が、生活の予定まで知りたがる。断ると援助が変わる不安がある時、何を自分で決めたい？,架空の援助。屋根を保つための情報と、本人がどこへ行くかまで知られることは違う。恩を感じることがすべての開示への同意とは限らない。,privacy_and_surveillance,援助に支えられた住居の自由を聞く。,,,,最終確認待ち
exp26-livelihood-0642,住まい・地域・交通,4,2,affected,local_belonging,なじんだ町が変わり、知る人も店も少なくなった。同じ住所に住んでいても、残る理由は何になる？,架空の地域変化。建物の維持だけでなく、本人の暮らしの関係が変わる。,,変わった町へ残る本人の意味を聞く。,,,,最終確認待ち
exp26-livelihood-0643,住まい・地域・交通,4,3,affected,shared_home,長く暮らす相手と、家での安心の条件が両立しない。どちらも悪くない時、同じ家を続ける基準は？,仮の共住。細かな片付けより、休める場所の根本的な違いを考える。,family_conflict,両立しない住み心地と関係を聞く。,,,,最終確認待ち
exp26-livelihood-0644,住まい・地域・交通,4,3,affected,housing_access,仕事を失って部屋を狭くする必要がある。家計は立て直せても、住まいの何が自分の尊厳に関わる？,架空の転居。広さで人の価値は決めず、本人が失いたくない生活を問う。,,住宅を縮める時の本人の尊厳を聞く。,,,,最終確認待ち
exp26-livelihood-0645,住まい・地域・交通,4,2,affected,home_belonging,二つの場所を行き来して暮らし、どちらにも完全にはなじめない。自分の家と呼ぶために何がほしい？,仮の居住。国籍や制度ではなく、滞在を繰り返す本人の帰属を考える。,,複数の住居の間の帰属を聞く。,,,,最終確認待ち
exp26-livelihood-0646,住まい・地域・交通,4,2,affected,transport_autonomy,自分で行き先を選べる生活を手放し、便利な送迎を受ける住まいへ移る。暮らし全体で何を失うと思う？,架空の居住選択。危険な運転の場面はなく、自由の形の違いを問う。,,住居に組み込まれた移動の自由を聞く。,,transport-001,,最終確認待ち
exp26-livelihood-0647,住まい・地域・交通,4,2,affected,home_memory,家を残すための手間が、思い出を大切にする時間を奪う。維持をやめても残るものは何？,仮の住居維持。倒壊などの危険は置かず、記念と日々の負担を比べる。,,住居を維持する意味の逆転を聞く。,,clarity-housing_community_and_transport-01-l3,,最終確認待ち
exp26-livelihood-0648,住まい・地域・交通,4,2,affected,local_belonging,町の活動を離れたら、挨拶する相手が減った。役を持たない自分にも居場所があると思うには何が必要？,仮の地域関係。貢献をしない人の価値ではなく、本人のつながりの感覚を問う。,,役割のない地域の帰属を聞く。,,,,最終確認待ち
exp26-livelihood-0649,住まい・地域・交通,4,2,affected,shared_home,昔は落ち着いた実家で、今は客のように感じる。戻る場所があることと、自分の家であることはどう違う？,仮の帰省。誰かを冷たくした設定でなく、暮らす人と訪れる人の位置を考える。,,実家で変わる住人の位置を聞く。,,,,最終確認待ち
exp26-livelihood-0650,住まい・地域・交通,4,3,affected,housing_access,住む家はあるが、望まない約束と結びついている。安定した屋根があれば十分と言われたら何を伝えたい？,架空の居住。約束の法的な有効性は問わず、生活を選ぶ範囲の意味を扱う。,,住宅の安定だけでは足りない自由を聞く。,,,,最終確認待ち
exp26-livelihood-0651,住まい・地域・交通,4,3,affected,home_privacy,一人暮らしを望むと、大切な人は拒まれたと感じる。関係を保ちたい時、別の家に何を求めている？,仮の別居希望。共同生活から離れることと、相手から離れることを分ける。,family_conflict,単独居住を望む関係の意味を聞く。,,,,最終確認待ち
exp26-livelihood-0652,住まい・地域・交通,4,2,affected,transport_autonomy,いつも送迎してくれた人に頼めなくなった。予定の不便さ以外に、どんな安心を失ったと感じる？,架空の移動の変化。人の死は前提とせず、移動を支えた関係の意味を考える。,,送迎を通じた関係の喪失を聞く。,,,,最終確認待ち
exp26-livelihood-0653,住まい・地域・交通,4,2,affected,local_belonging,人が集まるため選んだ町で、自分は孤独なままだ。場所を変える前に何を知りたい？,仮の転居後。町の失敗と決めず、本人が望むつながりの形を考える。,,交流を求めて住む本人の孤独を聞く。,,,,最終確認待ち
exp26-livelihood-0654,住まい・地域・交通,4,3,affected,home_memory,長く暮らした家の改修で、家族が大切にする部屋は残るが、自分の記憶のある場所はなくなる。住みやすくなっても、何を自分が生きた場所の証として残したい？,架空の共有した住居の改修。残す部屋には家族の生活上の理由もあり、本人を軽く扱う意図とは決めない。住みやすさの改善を望んでいても、自分が過ごした時間だけが見えなくなる感覚がある。共同の家で誰の記憶が形を持って残るかを考える。,family_conflict,快適さと記憶の一般的比較ではなく、改修で自分の生きた場所だけが失われる本人の帰属と記憶の選ばれ方を聞く。,,,,最終確認待ち
exp26-livelihood-0655,住まい・地域・交通,4,2,affected,shared_home,一緒に暮らす相手が家を離れ、自分だけ同じ場所に残る。部屋を変える時、関係の何を残したい？,仮の転居後。別れや死を一律に置かず、単独になった居住の意味を考える。,,一人で残る共住の場所を聞く。,,,,最終確認待ち
exp26-livelihood-0656,住まい・地域・交通,4,2,affected,housing_access,長く不安定に住んできて、定住の話がある。ほっとする一方で動きにくくなるなら、家に何を求める？,架空の住居選択。安定と移動のどちらを正解とせず、本人の居住の意味を問う。,,定住を選ぶ安心と自由を聞く。,,,,最終確認待ち
exp26-livelihood-0657,住まい・地域・交通,4,2,affected,local_belonging,町を離れた後、もう住人ではないと言われた。住所以外に残っているつながりを、どう説明したい？,仮の転居後。行政の権利の範囲ではなく、本人が持つ帰属を考える。,,転居後も残る地域の自己像を聞く。,,,,最終確認待ち
exp26-livelihood-0658,住まい・地域・交通,4,2,affected,home_belonging,人生の節目に今の家が仮住まいのように感じる。住み続けても「ここで生きる」と思うには何が必要？,仮の居住。住宅購入を目標とせず、本人が暮らしを自分のものにする感覚を問う。,,同じ住居を選び直す意味を聞く。,,,,最終確認待ち
exp26-livelihood-0659,住まい・地域・交通,4,2,actor,home_belonging,人に囲まれた住まいを離れ、一人の場所を選びたい。寂しくなるかもしれなくても何を確かめたい？,架空の転居。私的な空間を得ることと、つながりを失う可能性を比較する。,,つながりのある居住から離れる自分を聞く。,,,,最終確認待ち
exp26-livelihood-0660,住まい・地域・交通,4,3,actor,shared_home,同居人の生活を支えてきたが、もう別々に住みたい。相手の住まいも不確かな時、何を自分の責任にする？,架空の別居。暴力の場面はなく、居住を支える約束の境界を考える。,family_conflict,支える共住を終える責任を聞く。,,,,最終確認待ち
exp26-livelihood-0661,住まい・地域・交通,4,3,actor,home_memory,受け継いだ家を売ることにした。そこへ戻るつもりだった家族に、何を自分の生活の理由として話す？,架空の売却。法的に処分できる前提でも、家が持つ他者の期待は残る。,family_conflict,家を売る本人の生活の選択を聞く。,,,,最終確認待ち
exp26-livelihood-0662,住まい・地域・交通,4,2,actor,local_belonging,町の世話役を辞めると活動が止まりそうだ。自分の暮らしを取り戻すため、何を終える覚悟がある？,仮の地域運営。誰も代われないことを本人だけの責任にするかを考える。,,地域を支える役の退出を聞く。,,,,最終確認待ち
exp26-livelihood-0663,住まい・地域・交通,4,2,actor,transport_autonomy,移動のため人に頼むのが怖く、会いたい人へ会いに行けない。何を頼ることとして受け入れたい？,仮の生活。手段の助言ではなく、予定を自分で選ぶため援助を使う感覚を問う。,,移動の自律のため頼む自分を聞く。,,elderly-001,,最終確認待ち
exp26-livelihood-0664,住まい・地域・交通,4,3,actor,home_privacy,自分の家を、居場所のない友人へしばらく開いた。期限を伝えると関係が変わりそうでも何を守りたい？,架空の滞在。緊急の危機ではなく、継続した支援と自分の私的空間を比べる。,,家を提供する自分の限界を聞く。,,,,最終確認待ち
exp26-livelihood-0665,住まい・地域・交通,4,2,actor,housing_access,暮らしの支援を受ける住宅で、訪問の回数を減らしたい。支えへの感謝と自分の希望をどう話す？,架空の支援。回数を相談できる前提で、援助を断ることと関係を切ることを分ける。,privacy_and_surveillance,住居の支援を変える本人の言葉を聞く。,,disability-006,,最終確認待ち
exp26-livelihood-0666,住まい・地域・交通,4,2,actor,local_belonging,地元を離れた理由を、残った人が裏切りのように話す。自分が選んだ暮らしを何で肯定したい？,仮の転居。地域への愛着を否定せず、住む場所を変える本人の意味を問う。,,離郷を選ぶ自己の納得を聞く。,,,,最終確認待ち
exp26-livelihood-0667,住まい・地域・交通,4,2,actor,shared_home,大切な人と住むため、自分の長く暮らした家を手放す。新しい家へ何を残したい？,架空の共住。部屋の使い方より、生活の中心を移す本人の帰属を考える。,,共住のため旧住居を手放す本人を聞く。,,relationship-104,,最終確認待ち
exp26-livelihood-0668,住まい・地域・交通,4,2,actor,home_memory,誰にも住まれていない家へ戻り、もう一度暮らしたい。過去と同じにはならなくても、何を始めたい？,架空の帰還。地域のインフラ政策ではなく、本人が記憶の場へ住み直す意味を問う。,,記憶の家に住み直す選択を聞く。,,,,最終確認待ち
exp26-livelihood-0669,住まい・地域・交通,4,2,actor,transport_autonomy,長く人の送迎をしてきたが、続けると自分の外出ができない。頼る相手へ何を終えると伝える？,架空の地域の移動。家族の運転能力ではなく、支える本人の暮らしの自由を考える。,,移動を支える役をやめる責任を聞く。,,,,最終確認待ち
exp26-livelihood-0670,住まい・地域・交通,4,2,actor,home_privacy,一緒に住むため自分の秘密の物を捨てようとしている。相手に見せない場所を持つことを、どう考えたい？,仮の共住準備。違法な物はなく、親密な生活の中でも残す私的な自己を扱う。,privacy_and_surveillance,共住で隠れた自己を守る意味を聞く。,,,,最終確認待ち
exp26-livelihood-0671,住まい・地域・交通,4,2,actor,local_belonging,地域を外に紹介する仕事を頼まれた。自分には苦い記憶もある町を、どんな言葉で引き受けたい？,架空の紹介。宣伝の方法より、住んだ本人が語る場所の意味を問う。,,苦い記憶のある町を語る本人を聞く。,,,,最終確認待ち
exp26-livelihood-0672,住まい・地域・交通,4,3,actor,shared_home,同居人を支えるため住む場所を変えたいが、自分のなじんだ地域を失う。何を自分の選択として引き受ける？,架空の転居。介護の具体的な方法ではなく、支えるための居住の移動を扱う。,family_conflict,他者のため転居する本人の帰属を聞く。,,relationship-104,,最終確認待ち
exp26-livelihood-0673,住まい・地域・交通,4,3,actor,housing_access,小さくても自分だけの家を選ぶと、家族は一緒に住む期待を失う。自分の独立を何と説明したい？,仮の居住選択。援助の拒絶ではなく、生活を自分で組む意味を考える。,family_conflict,独立した家を選ぶ本人の言葉を聞く。,,,,最終確認待ち
exp26-livelihood-0674,住まい・地域・交通,4,3,actor,home_memory,記念になる部屋を残すため、今の家の使い方を狭めている。自分が生きる場所として何を変えたい？,架空の住居。故人の意思の確認とは分け、残る人が暮らし直す意味を問う。,,記念空間で暮らし直す本人を聞く。,,,,最終確認待ち
exp26-livelihood-0675,住まい・地域・交通,4,2,actor,local_belonging,長年の地域の仲間と違う暮らし方を選びたい。参加の場所を残すため、何を譲りたくない？,仮の地域。違いを争いに固定せず、帰属しながら別の生活を選ぶ意味を扱う。,,地域への帰属と生活の違いを聞く。,,,,最終確認待ち
exp26-livelihood-0676,住まい・地域・交通,4,2,actor,transport_supply,人の移動を長く支えることが、生きがいになった。自分が頼られるほど別の移動手段が育たないと感じる時、支える役が不要になる未来をどう受け止めたい？,架空の地域の移動。別の手段が育たない理由は未確定で、本人だけを原因とは決めない。頼られることが人生の支えでもある本人にとって、住人の移動を助けることと、自分が必要なくなる未来を望むことは同じ感覚とは限らない。,,自分の時間不足による終了ではなく、送迎を生きがいにした本人が、住人の移動に自分が不要になる未来を受け止める意味を聞く。,,,,最終確認待ち
exp26-livelihood-0677,住まい・地域・交通,4,2,actor,home_privacy,共同住宅の人と親しくなりすぎて、家にいるのが気疲れする。関係を変えてでも何を取り戻したい？,架空の共住。対人助言ではなく、住宅が休める場所である意味を問う。,,親しい共住の私的な回復を聞く。,,,,最終確認待ち
exp26-livelihood-0678,住まい・地域・交通,4,2,actor,housing_access,人に借りた家から、自分で選んだ部屋へ移りたい。家計が厳しくなっても自由に住むことの何が大切？,仮の転居。所有か賃貸かではなく、居住の条件を自分で選ぶ意味を扱う。,,援助の住宅から自律する本人を聞く。,,,,最終確認待ち
exp26-livelihood-0679,住まい・地域・交通,4,2,actor,local_belonging,住んだ町の集まりへ今も通っているが、新しい町になじめない。どちらの場所に時間を残したい？,架空の転居後。過去の帰属を守ることと、現在の暮らしを作ることを比べる。,,二つの町へ使う人生の時間を聞く。,,,,最終確認待ち
exp26-livelihood-0680,住まい・地域・交通,4,3,actor,shared_home,同居の約束をした後、一人で生きる方が自分に合うと感じた。相手の予定が変わっても何を話したい？,仮の計画変更。相手の住居の期待と、本人が確かめた暮らしの希望がある。,family_conflict,共住の約束を変える本人を聞く。,,,,最終確認待ち
exp26-livelihood-0681,住まい・地域・交通,4,2,actor,home_memory,家を離れる最後の日に、人を招くか一人で過ごすか迷う。自分の暮らしの終わりに何が必要？,架空の転居。別れの正しい形式は置かず、住んだ時間の区切りを考える。,,居住の最後の時間の選択を聞く。,,,,最終確認待ち
exp26-livelihood-0682,住まい・地域・交通,4,2,actor,housing_access,見守る人が「この家なら安心」と言うが、自分は別の家に住みたい。不確かな暮らしをどこまで選びたい？,仮の居住相談。安全の評価は未確定で、本人の生活の希望と他者の安心を分ける。,,他者の安心から別の居住を選ぶ自分を聞く。,,,,最終確認待ち
exp26-livelihood-0683,住まい・地域・交通,4,2,actor,local_belonging,町の古い決まりに従わないと、なじんだ人と距離ができそう。住み続けるためにどこまで合わせたい？,架空の地域。法的な義務ではない決まりを、生活の帰属と比べる。,,地域へ属するため譲る本人の境界を聞く。,,,,最終確認待ち
exp26-livelihood-0684,住まい・地域・交通,4,2,actor,home_belonging,自分の家を人へ譲り、これからは身軽に暮らしたい。戻る場所を残さないことに、何を望む？,仮の居住変更。資金の助言ではなく、定まった拠点を手放す人生の意味を問う。,,戻れない居住の選択を聞く。,,,,最終確認待ち
exp26-livelihood-0685,住まい・地域・交通,4,3,decision_maker,shared_home,長く一緒に住んだ人へ退去を頼む必要がある。自分の家を取り戻すため、相手の暮らしに何を負いたい？,架空の共住の終了。退去の法的手続きではなく、住まいを変える責任を問う。,family_conflict,退去を決める住居の責任者を聞く。,,,,最終確認待ち
exp26-livelihood-0686,住まい・地域・交通,4,3,decision_maker,housing_access,自分の空き部屋を困っている人へ貸したいが、家族は生活が変わると心配する。何を決める前に聞く？,仮の住宅提供。単なる来客ではなく、継続した居住が自分の家に入る場面。,family_conflict,住居を提供する本人の家族への責任を聞く。,,r6-02-03-l4,,最終確認待ち
exp26-livelihood-0687,住まい・地域・交通,4,2,decision_maker,local_belonging,地域の活動を率いてきた自分が、町を離れることを決めた。残る人へどこまで準備を残す責任がある？,仮の転居。地域の存続を一人で保証できない中、自分の約束を考える。,,地域を率いた人の退出を聞く。,,,,最終確認待ち
exp26-livelihood-0688,住まい・地域・交通,4,3,decision_maker,home_memory,家族が育った家を売る判断を自分が担う。維持する余力はあるが別の暮らしを望む時、何を基準にする？,架空の売却。困窮に迫られない条件で、自分の未来と家族の場所を比べる。,family_conflict,選べる余力のある家の売却を聞く。,,,,最終確認待ち
exp26-livelihood-0689,住まい・地域・交通,4,2,decision_maker,transport_supply,自分が運営する町の送迎を終えたい。利用する人の暮らしが変わると分かっていても、何を約束できる？,架空の運行終了。自分がずっと続けることと、他の手段を探す時間を分ける。,,移動を終える運営者の責任を聞く。,,,,最終確認待ち
exp26-livelihood-0690,住まい・地域・交通,4,3,decision_maker,shared_home,共に暮らしてきた親しい住人へ、長期の同居の条件を変えると伝える役になった。相手が去るかもしれない時、何を守る決定だと話す？,架空の共住。小さな来客の調整ではなく、これからの居場所の形を変える責任を問う。,,仲間が去り得る共住を決める本人を聞く。,,,,最終確認待ち
exp26-livelihood-0691,住まい・地域・交通,4,2,decision_maker,housing_access,自分が管理する家を支援の住居にすると、家賃収入は減る。家族の将来の備えも考えるなら何を引き受ける？,架空の住宅提供。特定の制度ではなく、本人の財産と住む人の安定を比較する。,,支援の住居を出す自分の家計を聞く。,,r6-02-03-l4,,最終確認待ち
exp26-livelihood-0692,住まい・地域・交通,4,2,decision_maker,local_belonging,町の大事な集まりを終える判断を任された。自分にも長い思い出があるなら、何を終えたくない？,仮の運営。続ける形式と、地域の関係や記憶を残すことを分ける。,,地域の場を閉じる当事者を聞く。,,,,最終確認待ち
exp26-livelihood-0693,住まい・地域・交通,4,3,decision_maker,home_privacy,住宅を提供する自分は、住人が無事か気になる。生活に入りすぎる不安もある時、何を知らないままにする？,架空の管理。差し迫る危険はなく、自分の安心と住人の私的空間を比べる。,privacy_and_surveillance,住人を見守る提供者の不安を聞く。,,,,最終確認待ち
exp26-livelihood-0694,住まい・地域・交通,4,3,decision_maker,home_memory,受け継いだ家を別の用途に変える決定権がある。そこへ戻りたい家族の気持ちを、どこまで自分が背負う？,架空の改変。法的な相続分ではなく、自分が変える場所への関係を問う。,family_conflict,受け継いだ住居を変える責任を聞く。,,,,最終確認待ち
exp26-livelihood-0695,住まい・地域・交通,4,3,decision_maker,shared_home,同居を続けたい人と終えたい人がいて、自分が家を持っている。所有者として決めることに、どんな限度がある？,仮の共住。法的な退去の助言ではなく、権限と共に暮らした責任を考える。,family_conflict,家の所有者が決める共住の限界を聞く。,,,,最終確認待ち
exp26-livelihood-0696,住まい・地域・交通,4,2,decision_maker,transport_supply,地域の移動を続けるため自分の仕事を減らしてきた。運営を小さくする時、誰の外出を優先したい？,架空の送迎。人員不足の下で、判断する本人の時間も費用になる。,,時間を負う移動運営者の優先を聞く。,,,,最終確認待ち
exp26-livelihood-0697,住まい・地域・交通,4,3,decision_maker,housing_access,自分の家に住む相手が、あなたの望まない人と暮らしたいと言う。家を貸す約束をどう選び直す？,架空の住居提供。違法な生活ではなく、提供者の価値観と住人の選択を比較する。,family_conflict,提供した住居の相手の自律を聞く。,,,,最終確認待ち
exp26-livelihood-0698,住まい・地域・交通,4,2,decision_maker,local_belonging,自分の家の周りを大きく変えて新しい住人を迎える案に、決定する役で関わる。慣れた景色を失っても、どんな町を自分の場所にしたい？,仮の計画。交通の細部でなく、決める本人が長く暮らす地域の帰属を考える。,,自分の帰属の場所を変える責任を聞く。,,,,最終確認待ち
exp26-livelihood-0699,住まい・地域・交通,4,3,decision_maker,home_belonging,家族の住む場所を決める役になったが、自分だけは今の町を離れたくない。何を個人の希望として残す？,仮の転居相談。皆の条件を集める役と、自分の帰属を持つ本人を分ける。,family_conflict,家族の転居を決める人の帰属を聞く。,,,,最終確認待ち
exp26-livelihood-0700,住まい・地域・交通,4,2,decision_maker,shared_home,共同住宅を始めた自分が、交流の少ない住人を見て寂しくなる。自分の望んだ場をどこまで求めたい？,架空の共住。場を作った人の意義と、住む人が選ぶ生活の距離を考える。,,創設した共住への本人の期待を聞く。,,,,最終確認待ち
exp26-livelihood-0701,住まい・地域・交通,4,3,decision_maker,home_memory,家族の思い出の家を自分が管理してきたが、今の人生へ時間を戻したい。部屋を残してほしい人へ何を終えると伝える？,仮の住居整理。片付けの方法より、記念の家を維持してきた本人の未来と共有した記憶を比べる。,family_conflict,家族の記念住宅を支える本人の終了を聞く。,,,,最終確認待ち
exp26-livelihood-0702,住まい・地域・交通,4,3,decision_maker,housing_access,身近な人に家を貸していたが、自分が住む必要ができた。相手の次の家がない時、何を自分の権利だけで決めない？,架空の居住変更。契約の法的判断は別で、双方の住まいの必要を比べる。,,自分の必要で家を取り戻す責任を聞く。,,,,最終確認待ち
exp26-livelihood-0703,住まい・地域・交通,4,2,decision_maker,local_belonging,町の役を次の世代へ任せたいが、自分のやり方が残らない。引継ぎの条件をどこまで付けたい？,仮の地域継承。作業の手順より、自分の貢献が形を変えて残る意味を扱う。,,地域を渡す本人の継承の期待を聞く。,,,,最終確認待ち
exp26-livelihood-0704,住まい・地域・交通,4,2,decision_maker,transport_supply,自分の土地を地域の停留所に使ってもらってきた。暮らしのため返してほしい時、誰に何を相談したい？,架空の土地利用。法的な明渡しではなく、生活を支える場所を終える責任を問う。,,移動の場所を提供した人の終了を聞く。,,,,最終確認待ち
exp26-livelihood-0705,住まい・地域・交通,4,3,decision_maker,home_privacy,住人の鍵を預かる自分は、連絡がつかないと心配になる。緊急とは分からない時、自宅に入る判断を何で支える？,架空の管理。違法行為を勧めず、事前の約束と不確かな安否を比較する。,privacy_and_surveillance,鍵を預かる人の安否の責任を聞く。,,,,最終確認待ち
exp26-livelihood-0706,住まい・地域・交通,4,3,decision_maker,shared_home,自分が集めた仲間の共同生活が続かない。誰かを悪くせず終える時、始めた自分は何を引き受けたい？,架空の共住終了。細かなルールではなく、関係の居場所を作った責任を問う。,,共住を始めた本人の終了の責任を聞く。,,,,最終確認待ち
exp26-livelihood-0707,住まい・地域・交通,4,2,observer,home_memory,親しい人が思い出の家を売ると言う。自分にも戻れる場所だったなら、惜しむ気持ちをどこまで伝える？,架空の売却。自分の記憶と、住居を維持する相手の人生を分ける。,,他者の家に持つ自分の帰属を聞く。,,,,最終確認待ち
exp26-livelihood-0708,住まい・地域・交通,4,2,observer,local_belonging,大切な人が町を離れ、もう戻らないと言う。自分は残る時、二人の地域の記憶をどう持ちたい？,仮の転居。戻る約束を求めず、離れた人との共有した場所を考える。,,残る自分の地域のつながりを聞く。,,,,最終確認待ち
exp26-livelihood-0709,住まい・地域・交通,4,3,observer,shared_home,家族がそれぞれ別の家で暮らすことを選んだ。自分には集まる家が大切なら、家族の形をどう受け止める？,架空の居住変化。物理的な共住と、関係が続く形を同じとしない。,family_conflict,家族の居住の分散を見る自分を聞く。,,,,最終確認待ち
exp26-livelihood-0710,住まい・地域・交通,4,2,affected,transport_autonomy,離れて暮らす大切な人との再会が、人生の支えだった。互いに今の町の仕事や住まいを離れられず、会いに行ける交通もなくなった時、何を関係の支えとして残したい？,架空の居住と移動の制約。本人も相手も今の地域に仕事や住まいの支えがあり、会えるために転居する見通しはない。通信などでやり取りできても、会えない期間の終わりは分からない条件で、人生を支えた再会から変わる関係の意味を考える。,,会う頻度の予想ではなく、互いの居住と移動の制約で人生を支えた再会を失う本人の関係の意味を聞く。,,,,最終確認待ち
exp26-learning-0001,学校・若者,1,1,,learning_curiosity,時間を忘れるほど調べてみたいことはある？,,,学習対象への内発的な興味を知る。,,,clarity-international_peace_and_cooperation-01-l1,最終確認待ち
exp26-learning-0002,学校・若者,1,1,,learning_curiosity,学校で習ったことを日常で思い出すのは、どんな時？,,,学びと生活のつながりを聞く。,,,,最終確認待ち
exp26-learning-0003,学校・若者,1,1,,learning_curiosity,分からないまま残しておきたい問いはある？,,,未解決を楽しむ感覚を知る。,,,,最終確認待ち
exp26-learning-0004,学校・若者,1,1,,learning_curiosity,一度できたことを、もう一度練習したくなるのはどんな時？,,,反復の意味を聞く。,,,,最終確認待ち
exp26-learning-0005,学校・若者,1,1,,learning_methods,覚える時、自分の言葉に直す？そのまま繰り返す？,,,記憶への取り組み方を知る。,,,,最終確認待ち
exp26-learning-0006,学校・若者,1,1,,learning_methods,初めて学ぶなら、全体の地図と一つの実例のどちらから入りたい？,,,理解の入口の好みを聞く。,,,,最終確認待ち
exp26-learning-0007,学校・若者,1,1,,learning_methods,学びながら手を動かすと、落ち着く？気が散る？,,,身体と集中の関係を知る。,,,,最終確認待ち
exp26-learning-0008,学校・若者,1,1,,learning_methods,先生に「いい質問」と言われたら、どんな気持ちになる？,,,質問への承認の受け取り方を聞く。,,,,最終確認待ち
exp26-learning-0009,学校・若者,1,1,,learning_time,学び始める時、終わりの時間を決めておきたい？,,,集中と区切りの感覚を知る。,,,,最終確認待ち
exp26-learning-0010,学校・若者,1,1,,learning_time,勉強の途中で休むなら、何をすると戻りやすい？,,,学習から休む切替を聞く。,,,,最終確認待ち
exp26-learning-0011,学校・若者,1,1,,learning_time,長く覚えていたい授業は、どんな授業？,,,残る学習体験の特徴を知る。,,,,最終確認待ち
exp26-learning-0012,学校・若者,1,1,,learning_time,卒業後も使い続けたい学校の道具はある？,,,学びの記憶を支える物を聞く。,,,,最終確認待ち
exp26-learning-0013,学校・若者,1,1,,learning_belonging,違う学年の人と学ぶとしたら、何をやってみたい？,,,年齢を越える学びの関心を知る。,,,,最終確認待ち
exp26-learning-0014,学校・若者,1,1,,learning_belonging,学校の一日に、自分で決められる時間が増えたら何に使いたい？,,,学習の自由時間の意味を聞く。,,,,最終確認待ち
exp26-learning-0015,学校・若者,1,1,,learning_belonging,新しい教室では、先に人の名前を覚えたい？場所を覚えたい？,,,学ぶ環境へのなじみ方を知る。,,,,最終確認待ち
exp26-learning-0016,学校・若者,1,1,,learning_belonging,図書室で偶然見つけた本を読むのは好き？,,,予定外の知識との出会いを聞く。,,,,最終確認待ち
exp26-learning-0017,学校・若者,1,1,,learning_belonging,自分が学んだことを誰かに教えるなら、何を選ぶ？,,,伝えたい知識への愛着を知る。,,,,最終確認待ち
exp26-learning-0018,学校・若者,1,1,,learning_belonging,学ぶ場所に一つ音を足せるなら、何がいい？,,,学習環境の音の好みを聞く。,,,,最終確認待ち
exp26-learning-0019,学校・若者,2,1,,learning_feedback,答案を返す時、点数より先に考え方へのコメントがあると、どう感じる？,,,結果を見る順序への感覚を聞く。,,,,最終確認待ち
exp26-learning-0020,学校・若者,2,1,,learning_feedback,間違いを直した答案にも、最初の誤りを残しておきたい？,,,学習の過程を記録する意味を知る。,,,,最終確認待ち
exp26-learning-0021,学校・若者,2,1,,learning_feedback,先生の解き方より遠回りでも自分で分かった方法を、授業で紹介したい？,,,効率と理解の所有感を聞く。,,,,最終確認待ち
exp26-learning-0022,学校・若者,2,1,,learning_feedback,正解は同じでも説明が通じなかった時、点数と理解のどちらが気になる？,,,評価と伝達の違いを知る。,,,,最終確認待ち
exp26-learning-0023,学校・若者,2,1,,learning_feedback,よくできた課題をクラスの見本にしたいと先生に言われたら、名前を出してほしい？,,,成果を公開される距離を聞く。,,,,最終確認待ち
exp26-learning-0024,学校・若者,2,1,,learning_collaboration,同じ課題を友達と別々に解き、最後だけ見せ合う学び方は心地よい？,,,競争以外の協働の好みを知る。,,,,最終確認待ち
exp26-learning-0025,学校・若者,2,1,,learning_collaboration,共同発表で、得意な担当を続けるより未経験の担当を試したいと言われたら、どう考える？,,,成果と練習機会を比べる。,,,,最終確認待ち
exp26-learning-0026,学校・若者,2,1,,learning_collaboration,教えている友達が自分より上手になったら、教える楽しさは変わる？,,,学習を支えた後の感覚を知る。,,,,最終確認待ち
exp26-learning-0027,学校・若者,2,1,,learning_collaboration,先に答えが分かった時、待つこととヒントを出すことをどう選ぶ？,,,仲間の思考時間への距離を聞く。,,,,最終確認待ち
exp26-learning-0028,学校・若者,2,1,,learning_collaboration,読書会で最後まで読めなかった人も話したいと言ったら、どんな参加がしっくりくる？,,,準備と参加の境界を聞く。,,,,最終確認待ち
exp26-learning-0029,学校・若者,2,2,,learning_autonomy,自由研究の題材を決めた後、もっと気になることが見つかった。完成に近い今の題材を変えたい？,,,探索と完成への納得を知る。,,,,最終確認待ち
exp26-learning-0030,学校・若者,2,2,,learning_autonomy,課題を早く終えた人だけが自由に学べる時間を得る仕組みを、どう感じる？,,,速度と学習自由の関係を聞く。,,,,最終確認待ち
exp26-learning-0031,学校・若者,2,2,,learning_autonomy,宿題で既に分かる練習を繰り返す時、何があれば意味を感じられる？,,,反復への納得条件を聞く。,,,,最終確認待ち
exp26-learning-0032,学校・若者,2,2,,learning_autonomy,先生が「何でも質問して」と言うけれど、授業を止めるのが気になる。何があれば聞きやすい？,,,質問する側の時間感覚を知る。,,,,最終確認待ち
exp26-learning-0033,学校・若者,2,2,,learning_autonomy,勉強計画を大人と決めるなら、どの部分は自分に任せてほしい？,,,学習管理の境界を聞く。,,,,最終確認待ち
exp26-learning-0034,学校・若者,2,2,,learning_aspiration,好きな科目が将来の仕事に結び付きそうにない時、その勉強にどれくらい時間を使いたい？,,,実用以外の学ぶ意味を聞く。,,,,最終確認待ち
exp26-learning-0035,学校・若者,2,2,,learning_aspiration,進路相談で「向いている」と言われた道と、気になる道が違う。どんな話を聞きたい？,,,適性評価の受け取り方を知る。,,,,最終確認待ち
exp26-learning-0036,学校・若者,2,2,,learning_aspiration,将来やりたいことが決まっていない時、「可能性が多い」と言われるとどう感じる？,,,未定の進路の感覚を聞く。,,,,最終確認待ち
exp26-learning-0037,学校・若者,2,2,,learning_aspiration,友達と別の進路を選ぶと、応援し合う言葉は変わりそう？,,,進路が分かれる関係を知る。,,,,最終確認待ち
exp26-learning-0038,学校・若者,2,2,,learning_aspiration,大人が自分の失敗した進路を話してくれたら、安心する？不安が増える？,,,失敗の経験を聞く意味を知る。,,,,最終確認待ち
exp26-learning-0039,学校・若者,2,2,,learning_places,学校以外の講座で自分より年上の初心者と学ぶ時、学校との違いを何に感じそう？,,,年齢と学習役割の変化を聞く。,,,,最終確認待ち
exp26-learning-0040,学校・若者,2,2,,learning_places,転校してきた人に学校の説明をするなら、校則以外に何を伝えたい？,,,生活者としての学校理解を知る。,,,,最終確認待ち
exp26-learning-0041,学校・若者,2,2,,learning_places,自習室で話し声は気にならないが、静かであるべきだと言う人がいる。場の使い方をどう決めたい？,,,共同の学習環境への感覚を聞く。,,,,最終確認待ち
exp26-learning-0042,学校・若者,2,2,,learning_places,オンライン授業ではよく質問できる友達が、教室では黙っている。どんな違いがあると思う？,,,学ぶ場と発言の関係を聞く。,,,,最終確認待ち
exp26-learning-0043,学校・若者,2,2,,learning_places,見学した学校が楽しそうでも、通うと毎日長時間かかる。何を確かめて選びたい？,,,学校生活と通学の重みを知る。,,,,最終確認待ち
exp26-learning-0044,学校・若者,2,2,,learning_ending,部活をやめて別のことを学びたい時、仲間にどこまで理由を説明したい？,,,学習の退出を語る範囲を聞く。,,,,最終確認待ち
exp26-learning-0045,学校・若者,2,2,,learning_ending,卒業式にあまり思い入れがない友達を、冷たいと感じる？どんな理由を想像する？,,,学校の区切りの受け止めを知る。,,,,最終確認待ち
exp26-learning-0046,学校・若者,2,2,,learning_ending,お世話になった先生への感謝は、直接話す、手紙にする、心に残すのどれが近い？,,,教育者への感謝の形を聞く。,,,,最終確認待ち
exp26-learning-0047,学校・若者,2,2,,learning_ending,卒業文集に今の夢を書くなら、後で変わるかもしれないことが気になる？,,,将来像を残す重みを聞く。,,,,最終確認待ち
exp26-learning-0048,学校・若者,2,2,,learning_repair,分からなかったことを授業後に先生が説明し直してくれた。特別扱いされたと感じる？,,,個別の学びへの感覚を聞く。,,,,最終確認待ち
exp26-learning-0049,学校・若者,2,2,,learning_repair,休んだ授業を取り戻す時、友達のノートと先生の説明のどちらを先に頼りたい？,,,欠席後の学習支援の好みを知る。,,,,最終確認待ち
exp26-learning-0050,学校・若者,2,2,,learning_repair,ずっと苦手だと思っていた科目で急に分かった時、昔の自分への見方は変わる？,,,理解の転機と自己評価を聞く。,,,,最終確認待ち
exp26-learning-0051,学校・若者,2,2,,learning_repair,苦手な課題を出さずにいた友達が「途中まで見てほしい」と言う。未完成のものを見せる感覚をどう受け止める？,,,完成前の助けの求め方を知る。,,,,最終確認待ち
exp26-learning-0052,学校・若者,2,2,,learning_access,試験中は緊張して解けないが、後なら解ける問題がある。その差を先生へ伝えたい？,,,試験場面と理解のずれを聞く。,,,,最終確認待ち
exp26-learning-0053,学校・若者,3,2,decision_maker,learning_assessment,学校の成績に、提出までの試行錯誤を含めるなら、何を確かめて評価したい？,仮の場面です。完成品から見えない過程と、記録する負担が論点になる。,,過程の評価基準を聞く。,,,,最終確認待ち
exp26-learning-0054,学校・若者,3,2,decision_maker,learning_assessment,全員が一度は再提出できる課題で、最初からできた人への評価をどう考える？,仮の場面です。到達した理解を測ることと、初回の準備を認めることが重なる。,,学習のやり直しの意味を聞く。,,,,最終確認待ち
exp26-learning-0055,学校・若者,3,2,decision_maker,learning_assessment,他の生徒との順位を出さず、到達した内容だけ返す学校をどう思う？,仮の場面です。比較が励みになる人と、比較で学びから離れる人がいる設定。,,相対評価への期待を聞く。,,,,最終確認待ち
exp26-learning-0056,学校・若者,3,2,decision_maker,learning_assessment,発表の上手さと調べた内容を別々に評価するなら、どちらを重く見たい？,仮の場面です。表現の練習と知識の理解は同じ成果ではない。,,学習成果の分け方を知る。,,,,最終確認待ち
exp26-learning-0057,学校・若者,3,2,decision_maker,learning_assessment,校外で学んだ技能を学校の単位に認める場合、何を共通に確かめるべき？,仮の場面です。学校への所属とは別に、学習内容を確認できる設定。,,学びの場所を越える承認を聞く。,,,,最終確認待ち
exp26-learning-0058,学校・若者,3,2,decision_maker,learning_assessment,遅れて出した優れた課題と、期限内の不十分な課題をどう評価したい？,仮の場面です。期限の教育的意味と、内容の理解を混同しない。,,提出時期の評価原則を聞く。,,,,最終確認待ち
exp26-learning-0059,学校・若者,3,2,decision_maker,learning_assessment,本人だけが読める成績コメントと、家庭にも共有するコメントを分けるべき？,仮の場面です。支援に役立つ共有と、生徒が自分で受け止める時間を比べる。,,評価情報の受取人を聞く。,,,,最終確認待ち
exp26-learning-0060,学校・若者,3,2,decision_maker,learning_assessment,授業中の発言を評価するなら、よく考えてから話す人の理解をどう確かめたい？,仮の場面です。声を出す頻度だけでは思考の過程が見えない設定。,,見える参加と理解を区別する。,,,daily-012,最終確認待ち
exp26-learning-0061,学校・若者,3,2,decision_maker,learning_curriculum,必修の内容を減らして自由研究の時間を増やす学校に、何を期待し何を心配する？,仮の場面です。共通の基礎と、各自の疑問を深める時間の配分を考える。,,学ぶ内容の共通性を聞く。,,,,最終確認待ち
exp26-learning-0062,学校・若者,3,2,decision_maker,learning_curriculum,地元を離れる若者が多い地域でも、地元の産業を学ぶ授業を重くするべき？,仮の場面です。地域を知る価値と、異なる将来に必要な学びを比べる。,,地域教育の目的を聞く。,,,,最終確認待ち
exp26-learning-0063,学校・若者,3,2,decision_maker,learning_curriculum,一つの課題を学年を越えて学ぶ学校では、年齢に応じた目標をどう置きたい？,仮の場面です。経験差のある学習者が同じ題材を扱う架空の授業。,,年齢と学習到達の関係を聞く。,,,,最終確認待ち
exp26-learning-0064,学校・若者,3,2,decision_maker,learning_curriculum,学校が失敗した計画を教材にする時、成果の出なかった人をどう紹介すべき？,仮の場面です。原因を学ぶことと、本人の人生を失敗だけで表すことは違う。,,失敗から学ぶ語り方を聞く。,,,,最終確認待ち
exp26-learning-0065,学校・若者,3,2,decision_maker,learning_curriculum,生徒が教材の説明に疑問を出した時、授業計画を変えて調べる時間をどれだけ設けたい？,仮の場面です。疑問を検証する学びと、予定した範囲の学習が競合する。,,問いが授業を変える範囲を聞く。,,,,最終確認待ち
exp26-learning-0066,学校・若者,3,2,decision_maker,learning_curriculum,学校の課題に地域の実際の困り事を使うなら、解決できなかった時の責任をどう考える？,仮の場面です。学習の試みと、依頼した人の実生活への期待を分ける。,,実社会の課題を学ぶ責任を聞く。,,,,最終確認待ち
exp26-learning-0067,学校・若者,3,2,decision_maker,learning_curriculum,教科書に一つの説明だけ載せることと、複数の解釈を載せることをどう使い分けたい？,仮の場面です。基礎の分かりやすさと、解釈が分かれる内容の扱いを考える。,,教材の複雑さへの基準を知る。,,,,最終確認待ち
exp26-learning-0068,学校・若者,3,2,decision_maker,learning_curriculum,学校で学ぶ内容の一部を毎年生徒が選ぶなら、引き継ぐ内容は誰が決めるべき？,仮の場面です。その年の関心と、次の学年にも必要な基礎が異なる設定。,,学習内容の決定参加を聞く。,,,,最終確認待ち
exp26-learning-0069,学校・若者,3,2,observer,learning_access,学校を休む人へ録画授業を届けるだけでは、何がまだ足りないと思う？,仮の場面です。授業の情報と、質問・仲間との活動は別の学習機会。,,アクセスの中身を知る。,,,future-013,最終確認待ち
exp26-learning-0070,学校・若者,3,2,observer,learning_access,学校に戻る人が過去の欠席理由を話さずに学び直せる仕組みをどう評価する？,仮の場面です。支援の準備に必要な情報と、過去を説明する負担を比べる。,,復帰に必要な開示を聞く。,,,,最終確認待ち
exp26-learning-0071,学校・若者,3,2,observer,learning_access,学習場所の選択肢が増えても、学校名で進路が評価されるなら、何を変えるべき？,仮の場面です。学びの内容と、所属名の信用がずれる架空の状況。,,学習機会と社会評価を聞く。,,,,最終確認待ち
exp26-learning-0072,学校・若者,3,2,observer,learning_access,進路情報を多く配ることと、一緒に絞り込む相談を増やすことでは、何を優先したい？,仮の場面です。情報量と、本人が選べる感覚は同じではない。,,進路支援の質を聞く。,,,,最終確認待ち
exp26-learning-0073,学校・若者,3,2,observer,learning_access,年齢に関係なく基礎から学び直せる教室は、どんな人が通いやすい形であるべき？,仮の場面です。年齢を公表しない参加もできる場を想定する。,,学び直しの入りやすさを聞く。,,,,最終確認待ち
exp26-learning-0074,学校・若者,3,2,observer,learning_access,通学できる学校が一つしかない地域で、生徒が学校を選べる感覚をどう支えたい？,仮の場面です。転居を簡単に選べない条件で、校内の選択肢も考える。,,選べない地域の学習自由を聞く。,,,,最終確認待ち
exp26-learning-0075,学校・若者,3,2,observer,learning_access,学校の外で作った成果を本人が説明する場を、入試に設けることをどう思う？,仮の場面です。作品の完成度と、作る環境への支援の差を分けて考える。,,校外成果の評価を聞く。,,,,最終確認待ち
exp26-learning-0076,学校・若者,3,2,observer,learning_access,若者向けの講座に「将来の仕事に役立つ」と説明する以外に、何を伝えたい？,仮の場面です。参加を促す理由を、就業以外にも開く。,,若者が学ぶ目的を聞く。,,,,最終確認待ち
exp26-learning-0077,学校・若者,3,2,actor,learning_support,教師が自分にも分からない問いを生徒と調べることは、専門家への信頼を変える？,仮の場面です。誤りを放置することと、一緒に確かめることは別。,,教える人の不確実さを聞く。,,,,最終確認待ち
exp26-learning-0078,学校・若者,3,2,actor,learning_support,卒業した生徒が後輩の進路相談を担うなら、自分の経験の限界をどう伝えてほしい？,仮の場面です。経験が役立つことと、他人にも同じ道が合うことは違う。,,経験者の助言の範囲を聞く。,,,contact-011,最終確認待ち
exp26-learning-0079,学校・若者,3,2,actor,learning_support,進路指導で本人の希望がまだ曖昧な時、大人が候補を示すことをどこまで認めたい？,仮の場面です。候補が入口にも、早い固定にもなる場面。,,進路の提案と誘導を聞く。,,,,最終確認待ち
exp26-learning-0080,学校・若者,3,2,actor,learning_support,教師が得意な生徒に教える役を頼むなら、その生徒自身の学びをどう守りたい？,仮の場面です。支える役を続けると、自分の課題の時間が減る設定。,,教え合いの担い手の利益を聞く。,,,,最終確認待ち
exp26-learning-0081,学校・若者,3,2,actor,learning_support,学習につまずく理由を本人が説明できない時、支援を始める条件をどう決める？,仮の場面です。診断や明確な原因がまだない架空の学習場面。,,原因不明の支援開始を聞く。,,,,最終確認待ち
exp26-learning-0082,学校・若者,3,2,actor,learning_support,保護者が学校の課題に強く手を貸した時、教師は誰と何を話すべき？,仮の場面です。完成品だけでは本人の理解が確かめにくい設定。,,家庭支援と学習確認を聞く。,,,,最終確認待ち
exp26-learning-0083,学校・若者,3,2,actor,learning_support,学校生活の満足度を生徒に聞くなら、結果をどう返すと参加した意味を感じられる？,仮の場面です。声を集めることと、学校を変える責任を分ける。,,学校への意見の還元を聞く。,,,,最終確認待ち
exp26-learning-0084,学校・若者,3,2,actor,learning_support,若者の挑戦を応援する大人が、途中でやめる判断も支えるには何が必要？,仮の場面です。継続への期待と、本人が目的を変える自由を考える。,,挑戦の退出支援を聞く。,,,,最終確認待ち
exp26-learning-0085,学校・若者,3,2,decision_maker,learning_institutions,学校の卒業条件を学習内容の達成だけにするなら、共に過ごす時間をどう扱いたい？,仮の場面です。学力の確認と、共同生活の経験を別の価値として考える。,,学校を修了する意味を聞く。,,,,最終確認待ち
exp26-learning-0086,学校・若者,3,2,decision_maker,learning_institutions,校則を作る会議に卒業生を入れるなら、現在の生徒との発言の重さをどう分ける？,仮の場面です。経験による知識と、規則の影響を受ける立場が違う。,,学校の意思決定の当事者を聞く。,,,,最終確認待ち
exp26-learning-0087,学校・若者,3,2,decision_maker,learning_institutions,人気の選択授業に希望者が集中した時、抽選と未経験者の優先をどう比べる？,仮の場面です。同じ授業を再び深めたい人もいる設定。,,学習機会の配分を聞く。,,,,最終確認待ち
exp26-learning-0088,学校・若者,3,2,decision_maker,learning_institutions,学校が卒業後の成果を実績として紹介する時、本人が選んだ静かな暮らしも載せたい？,仮の場面です。進学・就職の指標と、本人の充実感が一致しない設定。,,学校が掲げる成功像を聞く。,,,,最終確認待ち
exp26-learning-0089,学校・若者,3,2,decision_maker,learning_institutions,課外活動に参加しない生徒の声を、学校の行事作りへどう届けたい？,仮の場面です。不参加を関心の欠如だけで説明しない。,,参加外の学校への声を聞く。,,,,最終確認待ち
exp26-learning-0090,学校・若者,3,2,decision_maker,learning_institutions,毎年同じ行事を続ける学校で、新しい企画を試す余地を誰が決めるべき？,仮の場面です。準備の知識を引き継ぐことと、新しい関心を比べる。,,学校行事の継承を聞く。,,,,最終確認待ち
exp26-learning-0091,学校・若者,3,2,decision_maker,learning_institutions,少人数の授業を維持するため他の授業の時間を減らすなら、どんな説明が必要？,仮の場面です。架空の時間配分で、人数と学習の選択肢を考える。,,少数の学びを守る理由を聞く。,,,,最終確認待ち
exp26-learning-0092,学校・若者,3,2,decision_maker,learning_institutions,教師の異動後も個別の学習支援を続けるため、どんな記録を残すべき？,仮の場面です。支援に役立つ情報と、過去の評価による先入観を分ける。,,学習支援の引継ぎを聞く。,,,,最終確認待ち
exp26-learning-0093,学校・若者,4,3,affected,learning_aspiration,憧れた学校で、生涯深めたい問いが見つかった。けれど学校が卒業の研究として認めるのは別の分野で、その資格も今後の自分には必要だ。資格を得る学びと、自分の問いを続ける学びを、人生の中でどうつなげたい？,架空の卒業条件です。本人の問いは研究の対象として認められない一方、同じ学校で得る資格も将来に必要とする設定です。学校を離れるかだけに限定せず、資格のための学びと生涯続けたい問いの関係を考えます。,,目標を達成した後の充足を聞くpersonal0206から、同じ学校で必要な資格と生涯の問いが一致しない時の学ぶ自律へ移す。0100の学びの中断・退出とも、両方を続ける目的が異なる。,,,,最終確認待ち
exp26-learning-0094,学校・若者,4,3,affected,learning_aspiration,得意な分野を選べば家族の期待する進路が開けるが、苦手でも一生学びたい分野がある。自分の将来を何に賭けたい？,仮の場面です。進学で選べる専門が一つの設定。成功の保証はどちらにも置かない。,,評価と生涯の学ぶ目的を聞く。,,,,最終確認待ち
exp26-learning-0095,学校・若者,4,2,affected,learning_aspiration,進路を決めた後に別の夢が生まれた。応援してくれた人へ、どこまで迷いを話したい？,仮の場面です。感謝と、新しい関心を自分のものにすることを分ける。,,進路変更を語る範囲を聞く。,,,,最終確認待ち
exp26-learning-0096,学校・若者,4,2,affected,learning_aspiration,家族が喜ぶ進学先を選んだが、自分は別の学びが忘れられない。その選択を自分の選択と呼べる？,仮の場面です。強制はなく、喜ばせたい気持ちが選択に関わった設定。,,期待を含む主体性を聞く。,,,,最終確認待ち
exp26-learning-0097,学校・若者,4,3,affected,learning_aspiration,成績が良いことを自分の価値としてきたが、新しい学校では上位でなくなった。評価されなくても、自分は何を学ぶ人でありたい？,仮の場面です。理解する力を失ったとはせず、相対評価と自己の支えを分ける。,,学習評価に支えられた自己価値を聞く。,,,,最終確認待ち
exp26-learning-0098,学校・若者,4,2,affected,learning_aspiration,試験に落ちた道をもう一度目指すと、別の学びの機会を逃す。何を考えて決めたい？,仮の場面です。再挑戦と方向転換の双方に時間が必要な設定。,,再挑戦の区切りを聞く。,,,,最終確認待ち
exp26-learning-0099,学校・若者,4,2,affected,learning_aspiration,どちらを選んでも学費と奨学金の返済条件は同じとする。自分を支えてきた学びを続けたいが、別の分野の方が就職しやすそうなら、将来の暮らしと学ぶ自分をどう結び付けたい？,架空の進路の比較です。費用と返済条件は二つの進路で等しく、就職の見通しだけに違いがあると仮定します。就職の成功を保証せず、好きな対象を学ぶ意味と将来の暮らしを考えます。,,費用条件をそろえた上で、本人を支える学習対象と就職の見通しを比べる。制度の返済条件への評価とは分け、学ぶ自分をどう生きたいかを聞く。,,,,最終確認待ち
exp26-learning-0100,学校・若者,4,2,affected,learning_aspiration,卒業資格を得る直前に、自分には別の場所で学ぶ方が合うと感じた。残る意味を何に置く？,仮の場面です。修了までの短い時間と、現在の学習環境への違和感を比べる。,,資格の目前での学び直しを聞く。,,,,最終確認待ち
exp26-learning-0101,学校・若者,4,3,affected,learning_identity,才能を見込まれた分野で多くの支援を受けたが、今はそこで生きたくない。才能と呼ばれた自分をどこまで手放せる？,仮の場面です。支援への感謝が、その分野を続ける義務になるとは置かない。,,才能に託された人生を返す望みを聞く。,,,,最終確認待ち
exp26-learning-0102,学校・若者,4,3,affected,learning_identity,学校では理解できない自分を責め続けたが、大人になって別の方法で学べた。昔の自分に何を返したい？,仮の場面です。後年の理解が当時の困難を消すわけではない。能力について持っていた自己像を考える。,,学び直しが変える過去への眼差しを聞く。,,,,最終確認待ち
exp26-learning-0103,学校・若者,4,3,affected,learning_identity,長く自分を待ってくれた学習仲間から、今度は別々の道へ進みたいと言われた。感謝と見捨てられた感覚をどう分ける？,仮の場面です。仲間は支援を約束し続けておらず、学びの速度に差があった設定。,,支えてくれた学習関係の終わりを聞く。,,,,最終確認待ち
exp26-learning-0104,学校・若者,4,3,affected,learning_identity,何年も学んだ専門を、今後使わない人生を選ぶとする。学んだ自分を無駄だったと思わずに持っていられる？,仮の場面です。専門を離れる理由は選べる。実用と、学習に費やした人生の意味を分ける。,,使わない専門と自己の連続性を聞く。,,,,最終確認待ち
exp26-learning-0105,学校・若者,4,3,affected,learning_identity,学校があなたを成功例として紹介したいと言う。自分は今の仕事を離れたいが、それを話すと後輩の目標も揺れそう。何を伝える？,仮の場面です。外から見える成果と本人が望む生き方が違う。成功像を引き受ける責任を考える。,,学校の成功像から降りる望みを聞く。,,,,最終確認待ち
exp26-learning-0106,学校・若者,4,3,affected,learning_identity,将来の夢を決めて努力する仲間と違い、自分は何を学びたいか分からないまま卒業が近い。決めない自分をどう支えたい？,仮の場面です。進路の期限はあるが、一生の目的を今決められるとは置かない。,,方向のないまま進む自己への信頼を聞く。,,,,最終確認待ち
exp26-learning-0107,学校・若者,4,3,affected,learning_identity,進路を支えた先生に会うが、自分はその道を辞めた。先生への感謝と、期待に応えなかった気持ちをどう話す？,仮の場面です。辞めたことを失敗と確定せず、助けへの感謝が継続義務になるかを考える。,,進路を離れた後の教師との関係を聞く。,,,,最終確認待ち
exp26-learning-0108,学校・若者,4,3,affected,learning_ending,学校に行かない選択で落ち着いたが、卒業の思い出は欲しかった。その両方をどう受け止めたい？,仮の場面です。欠席理由の告白を求めず、安心と失った経験の並存を考える。,,離れた学校への複雑な感情を聞く。,,,,最終確認待ち
exp26-learning-0109,学校・若者,4,3,affected,learning_ending,自分は限界を感じて部を離れ、仲間は夢だった大会へ進んだ。あの場所へ戻れない自分の選択をどう受け止め直す？,仮の場面です。当時の余力と現在の結果は違う情報。成功を見た後の後悔を考える。,,学ぶ共同体を離れた人生の納得を聞く。,,,,最終確認待ち
exp26-learning-0110,学校・若者,4,3,affected,learning_ending,転校先で落ち着けたが、前の学校の友達には「逃げた」と思われた気がする。説明したい？,仮の場面です。実際の評価は未確認で、本人の想像と安心が重なる設定。,,環境変更を説明する望みを聞く。,,,,最終確認待ち
exp26-learning-0111,学校・若者,4,3,affected,learning_ending,学校で得た肩書きを卒業後は使いたくない。それまでの努力と、今の自分をどう結び付けたい？,仮の場面です。学歴を隠す法的義務などは置かず、本人の自己表現を考える。,,学歴を手放す感覚を聞く。,,,,最終確認待ち
exp26-learning-0112,学校・若者,4,3,affected,learning_ending,長年一緒に作った卒業作品を完成前に離れた。仲間は自分の名前を外したいと言う。何を自分の歩みに残してほしい？,仮の場面です。実際の貢献はあるが、離れた後に仲間が完成させた設定。権利の結論は置かない。,,共同の学びから外れる自己の記憶を聞く。,,,,最終確認待ち
exp26-learning-0113,学校・若者,4,3,affected,learning_ending,長く働いた道を離れ学び直すと、同世代の友達と生活の話が合わなくなった。「遅れた自分」ではなく何を始めた自分と感じたい？,仮の場面です。学び直しを必ず成功する選択とせず、人生の時間への意味づけを考える。,,人生をやり直す学習の自己像を聞く。,,,,最終確認待ち
exp26-learning-0114,学校・若者,4,3,actor,learning_honesty,一緒に学んだ仲間の発想が、自分の発表のおかげだと評価された。訂正すると自分の推薦が消えるかもしれない。何を語りたい？,仮の場面です。発表で誤解が生まれた設定。評価の損失と、他者の知的貢献を扱う。,,進路に関わる成果の帰属を聞く。,,,,最終確認待ち
exp26-learning-0115,学校・若者,4,3,actor,learning_honesty,自分の課題が誤って高く評価され、その評価で希望の進路へ推薦された。訂正すると推薦を失うなら、どう向き合う？,仮の場面です。本人の故意の不正ではない。得た未来と、評価への信頼を比べる。,,誤評価で開けた将来への責任を聞く。,,,,最終確認待ち
exp26-learning-0116,学校・若者,4,3,actor,learning_honesty,自分が教えた方法を信じて友達が大切な試験に臨んだが、方法に誤りがあった。謝っても結果を変えられない時、何を引き受けたい？,仮の場面です。教えた時は正しいと信じていた。影響の大きさと善意を別に考える。,,取り戻せない学習助言の結果を聞く。,,,,最終確認待ち
exp26-learning-0117,学校・若者,4,3,actor,learning_honesty,長年の学びの成果として表彰された結論に、自分はもう確信がない。支えてくれた人の前で、迷いをどこまで話せる？,仮の場面です。結論の誤りが確定したわけではない。成果への期待と探究の継続を比べる。,,表彰された理解を問い直す勇気を聞く。,,,,最終確認待ち
exp26-learning-0118,学校・若者,4,3,actor,learning_honesty,進路を決める試験の変更を自分だけ早く知らされた。共有すれば自分の有利さは減る。どうしてその情報を持っていたい？,仮の場面です。正規の連絡に時間差がある設定。違反の有無だけでは情報利益を決めない。,,進路を争う情報の先行利益を聞く。,,,,最終確認待ち
exp26-learning-0119,学校・若者,4,3,actor,learning_honesty,自分を支えた学校を後輩に紹介する役になったが、合わない人もいると知っている。恩返しと率直な説明をどう両立したい？,仮の場面です。学校への愛着と、別の人の学ぶ選択に関わる責任を分ける。,,恩のある学校を紹介する葛藤を聞く。,,,,最終確認待ち
exp26-learning-0120,学校・若者,4,3,actor,learning_peer_roles,仲間に教えることが自分の居場所になったが、教える時間で自分の進路の準備が遅れている。頼られる役をどこまで手放せる？,仮の場面です。助ける楽しさと、本人の学習機会が競合する。退出が冷たさだとは決めない。,,学ぶ場で役に立つ自己を離れる意味を聞く。,,,,最終確認待ち
exp26-learning-0121,学校・若者,4,3,actor,learning_peer_roles,自分が勧めた専門へ後輩が進むが、自分はその分野で生きる希望を失った。後輩の期待を揺らしても、何を話したい？,仮の場面です。助言時の経験と現在の希望が違う。後輩が同じ結果になるとは置かない。,,専門への信頼を渡した後の変化を聞く。,,,,最終確認待ち
exp26-learning-0122,学校・若者,4,3,actor,learning_peer_roles,友達の進路を一緒に決めてきたが、相手は自分に合わせていたと言う。支えたつもりの時間をどう受け止め直す？,仮の場面です。相手の希望が十分に見えなかった設定。善意と本人の選択を分ける。,,学ぶ道への介入の責任を聞く。,,,,最終確認待ち
exp26-learning-0123,学校・若者,4,3,actor,learning_peer_roles,仲間の将来に関わる発表を任されたが、自分はまだ結論に納得していない。代表を降りることで仲間を困らせても何を伝える？,仮の場面です。発表の機会は一度で、仲間の考えも全て同じではない。,,学習成果を代表する重い責任を聞く。,,,,最終確認待ち
exp26-learning-0124,学校・若者,4,3,actor,learning_peer_roles,自分が勧めた学校へ友達が転校したが、今は学ぶのが苦しいと言う。戻れない選択に関わった自分は、どんな責任を感じる？,仮の場面です。勧めた本人の体験は良かった。友達にも合うと保証したとは置かない。,,学校を変える助言の重さを聞く。,,,,最終確認待ち
exp26-learning-0125,学校・若者,4,2,actor,learning_peer_roles,学習仲間が自分の夢を支えるため別の希望を諦めたと知った。何を話し合いたい？,仮の場面です。本人の意思で支えた場合でも、相互の人生の意味を考える。,,学習共同体の負い目を聞く。,,,,最終確認待ち
exp26-learning-0126,学校・若者,4,2,actor,learning_peer_roles,進路へつなげたい共同作品で、仲間は自分の名前を公表しないでほしいと言う。誰と作ったかを語ることが自分の学びの歩みでもある時、相手の匿名の望みと、共に作った成果をどう伝えたい？,仮の共同制作です。仲間は制作への参加を公表したくないとし、自分は協働から学んだ経験を進路へ示したいとします。誤った帰属を訂正する場面ではなく、匿名と共同の成果を語る範囲を考えます。,,0114の誤帰属を訂正して推薦を失う判断から、共同作者が匿名を望む時の承認と学びの自己表現へ変える。名を出すことだけを功績の尊重としない。,,,,最終確認待ち
exp26-learning-0127,学校・若者,4,3,actor,learning_adult_roles,自分は保護者。子が選んだ学びを応援したが、今はやめたいと言う。応援した時間をどう受け止める？,仮の場面です。継続の理由に大人の投資だけを使わない。,,保護者の支援と退出の関係を聞く。,,,,最終確認待ち
exp26-learning-0128,学校・若者,4,3,actor,learning_adult_roles,教師として自分の授業を人生の中心に置いてきた。生徒が校外で学ぶ方を選んだら、教える自分の意味を何に置き直す？,仮の場面です。生徒の学びを肯定することと、教師自身の喪失の感覚を両方考える。,,教える役割の自己価値を聞く。,,,,最終確認待ち
exp26-learning-0129,学校・若者,4,3,actor,learning_adult_roles,自分が人生をかけて学んだ分野を、子は学びたくないと言う。受け継いでほしい願いをどこまで子に渡したい？,仮の場面です。子の関心は別で、親の人生の価値を否定するとは限らない。,,学問の継承と親の期待を聞く。,,,,最終確認待ち
exp26-learning-0130,学校・若者,4,3,actor,learning_adult_roles,担任として期待を伝え続けた生徒が、それに応えようとして自分の希望を言えなかったと話す。教師として何を受け止めたい？,仮の場面です。期待に善意があっても、受け手の選択への影響は別に考える。,,教育者の期待が他者の人生へ与える責任を聞く。,,,,最終確認待ち
exp26-learning-0131,学校・若者,4,3,actor,learning_adult_roles,子の進路を支えたくて課題に強く手を貸した。その成果で推薦が決まりそうな時、自分の関与をどこまで先生へ伝える？,仮の場面です。子の理解と保護者の作業が違う。子の将来と評価への責任を比べる。,,親の介入で得る進路の責任を聞く。,,,,最終確認待ち
exp26-learning-0132,学校・若者,4,3,actor,learning_adult_roles,長年育てた教え子が、自分の勧めた専門を離れると言う。自分の指導は何だったと感じても、どんな言葉で送りたい？,仮の場面です。教師の投じた時間と、本人が選ぶ人生を区別する。,,教えた人生を相手へ返す意味を聞く。,,,,最終確認待ち
exp26-learning-0133,学校・若者,4,3,decision_maker,learning_choices,卒業作品の代表として、仲間が納得しない結論でも提出すれば次の進路へつながる。完成させる責任をどこに置く？,仮の場面です。締切の後に同じ機会はなく、共同の成果の意味が分かれている。,,完成が将来を左右する共同学習を聞く。,,,,最終確認待ち
exp26-learning-0134,学校・若者,4,3,decision_maker,learning_choices,部長として夢だった最後の大会へ進めるが、仲間は競技を続ける意味を見失っている。自分の夢を集団の目標にできる？,仮の場面です。部員の安全や違反を問題にせず、共有していた目標の変化を考える。,,代表の夢と仲間の生き方を聞く。,,,,最終確認待ち
exp26-learning-0135,学校・若者,4,3,decision_maker,learning_choices,校長として人生をかけて育てた学校で、生徒は一律の活動より自分の学びを選びたいと言う。自分が作った学校をどう変えられる？,仮の場面です。活動の一体感を失う可能性と、本人たちの自律を比較する。,,作り上げた学校像を手放す意味を聞く。,,,,最終確認待ち
exp26-learning-0136,学校・若者,4,3,decision_maker,learning_choices,最後の卒業式を任された自分は、学校への感謝を皆で表したい。でも学校でつらかった生徒もいる。何を一緒に終えたい？,仮の場面です。同じ時間を過ごしても、学校への感情は異なる。感謝を共通の義務にはしない。,,学校の別れを代表する責任を聞く。,,,,最終確認待ち
exp26-learning-0137,学校・若者,4,3,decision_maker,learning_choices,自分が育てた生徒の未完成作品を認めれば進学の道が開くが、完成を約束した他の生徒は納得しない。教師として何を背負って評価する？,仮の場面です。同じ基準の約束と、一人の学習の可能性がぶつかる架空の選抜。,,教育者が未来を左右する判断を聞く。,,,,最終確認待ち
exp26-learning-0138,学校・若者,4,3,decision_maker,learning_choices,人生後半に始めた学びの場を自分が主宰している。初心者を待つと自分が深めたい学びは進まない。残る時間を誰とどう学びたい？,仮の場面です。主宰者も学習者であり、全ての目的を一つの場で満たせない。,,人生の時間を使う共同学習を聞く。,,,,最終確認待ち
exp26-learning-0139,学校・若者,4,3,decision_maker,learning_choices,自分が学校で最後に残せる行事を長く準備したが、仲間の中には参加しないことで学校を終えたい人がいる。何を共有したかったのだろう？,仮の場面です。卒業という戻れない区切りで、共同の記憶への願いを考える。,,最後の学校経験を残す望みを聞く。,,,,最終確認待ち
exp26-learning-0140,学校・若者,4,3,decision_maker,learning_resources,学校の最後の予算を任された自分。廃止すると戻せない少人数の専門授業と、多くが学ぶ基礎設備のどちらを残す責任を負いたい？,仮の場面です。予算は架空。人数と、失われる学習機会の回復しにくさを比べる。,,学ぶ機会を終える決定の責任を聞く。,,,,最終確認待ち
exp26-learning-0141,学校・若者,4,3,actor,learning_resources,自分が教師なら、才能を信じる生徒に不確かな道を勧める責任を引き受けられる？現実的な道なら本人の夢は遠ざかるとする。,仮の場面です。どちらの将来も保証できない。助言者の信念と本人の選択を区別する。,,教師が希望を託す重さを聞く。,,,,最終確認待ち
exp26-learning-0142,学校・若者,4,3,decision_maker,learning_resources,教え子へ失敗を話す授業で、自分が長年隠した進路の後悔を語るか迷う。教師として信頼される自分をどう見せたい？,仮の場面です。開示を義務とせず、役割の信頼と弱さを見せる意味を比較する。,,教育者の人生の失敗の開示を聞く。,,,,最終確認待ち
exp26-learning-0143,学校・若者,4,3,decision_maker,learning_resources,入学の選抜を担う自分に、かつて自分を救った恩師の子が応募した。同じ点の他の人を前に、恩と評価をどう分ける？,仮の場面です。恩師から依頼はない。本人に生まれる負い目と、公平な役割を考える。,,教育の恩を選抜へ持ち込む境界を聞く。,,,,最終確認待ち
exp26-learning-0144,学校・若者,4,3,decision_maker,learning_resources,長く学んだ仲間の代表として、続ける人と人生の別の道へ進む人の区切りを作る。何を一緒に学んだと語りたい？,仮の場面です。学ぶ集団は解散する設定で、目的が変わった後の意味を考える。,,共同の学びを終える言葉を聞く。,,,,最終確認待ち
exp26-learning-0145,学校・若者,4,3,decision_maker,learning_resources,学校の図書を残す判断を任された自分。かつて自分を支えた本はほとんど借りられない。残す意味を誰へ説明したい？,仮の場面です。保管に限りがあり、個人的な支えと次の生徒への機会を考える。,,自分を救った学びを渡す責任を聞く。,,,,最終確認待ち
exp26-learning-0146,学校・若者,4,3,decision_maker,learning_resources,母校の紹介を任された自分に、苦しい経験も語ってほしいと卒業生が言う。母校への恩と、次の人へ伝える責任をどう持つ？,仮の場面です。肯定的な自分の経験が、全員の学校生活を代表しない。,,愛着のある学校の語りの責任を聞く。,,,,最終確認待ち
exp26-learning-0147,学校・若者,4,3,decision_maker,learning_resources,進級判断をする教師の自分に、生徒は同じ年を学び直したいと言う。家庭は遅れを心配する。誰の時間を重く見て決めたい？,仮の場面です。本人の学ぶ希望と、家庭の将来への不安が異なる架空の判断。,,他者の学ぶ人生の時間を聞く。,,,,最終確認待ち
exp26-learning-0148,学校・若者,4,3,observer,learning_witness,互いの夢を支えてきた友達が、学校を離れたら別の人生を望むようになった。昔の約束が自分だけの支えになっている時、何を話す？,仮の場面です。約束の法的な拘束ではなく、共同の将来像の変化を考える。,,学ぶ仲間との未来の約束を聞く。,,,,最終確認待ち
exp26-learning-0149,学校・若者,4,2,observer,learning_witness,自分の子が、かつて自分を傷つけた学校で楽しく学んでいる。その学校をどんな気持ちで見守る？,仮の場面です。過去の経験と、今の子の経験が一致しない設定。,,親自身の学校記憶を聞く。,,,,最終確認待ち
exp26-learning-0150,学校・若者,4,3,observer,learning_witness,一緒に何年も目指した進路を友達がやめた。自分が続ける理由も分からなくなった時、何を自分の夢として持ちたい？,仮の場面です。他人の退出で自分の進路が自動で決まるわけではない。,,共有した夢から自分の目的を探す。,,,,最終確認待ち
exp26-learning-0151,学校・若者,4,3,affected,learning_aspiration,自分が一生深めたい学びは故郷にあるが、人生を共にしたい相手は遠くへ進む。学ぶ居場所と二人の未来をどう話し合う？,仮の場面です。どちらも今は移れない架空条件で、学びを生き方として考える。,,学問の居場所と親密な未来を聞く。,,,,最終確認待ち
exp26-learning-0152,学校・若者,4,3,affected,learning_aspiration,人生の大半を導いてくれた先生の指導が終わる。期待に応えるため学んだ自分は、その後何を自分の問いにしたい？,仮の場面です。指導がなくなった後の学習目的と自己の基準を考える。,,評価者を失った後の学ぶ意味を聞く。,,,,最終確認待ち
exp26-learning-0153,学校・若者,4,3,affected,learning_aspiration,人生の長い時間を独学に使い目標を達成したが、共に学んだ仲間はいない。得た力と、その間一人で生きた時間をどう受け止める？,仮の場面です。孤独を必ず失敗とせず、共同の経験を欲しかった気持ちも考える。,,独学に使った人生の得失を聞く。,,,,最終確認待ち
exp26-learning-0154,学校・若者,4,3,actor,learning_peer_roles,長年頼られる学習者として生きた自分が、全く知らない分野へ移りたい。役に立つ自分でない場所でも学ぶ意味を感じられる？,仮の場面です。既存の能力は失わないが、新しい場では初心者になる設定。,,有用な自己を離れる学びの望みを聞く。,,,,最終確認待ち
exp26-learning-0155,学校・若者,4,3,actor,learning_peer_roles,自分の卒業研究が教材になり、後輩は自分が大切にした意味と違う読み方をしている。その読み方にも自分の名前が結び付く時、学んだ自分の歩みと、後輩が問いを広げる自由をどう分けたい？,仮の教材の利用です。後輩の読み方に事実の誤りがあるとは決めず、同じ研究から異なる問いを見いだした設定です。教材に残る自分の名前と、次に学ぶ人へ成果を渡す意味を考えます。,,0117の表彰された結論への現在の確信の揺らぎから、後の学習者による異なる読み方と過去の自分の成果との関係へ移す。自分の結論を告白し直す問いではない。,,,,最終確認待ち
exp26-learning-0156,学校・若者,4,3,decision_maker,learning_choices,子の進学を支えるために残してきた資金で、自分が諦めてきた学び直しも始められる。両方を十分には支えられない時、親である自分と、学ぶ自分の人生をどう話して分けたい？,仮の家計と学習の選択です。子には親とは別の進路の希望があり、親自身にも続けたい学びがあるとします。費用には限りがありますが、子の進路を親が代わりに決める場面ではありません。支援の配分と親自身の学習の意味を考えます。,,0127の子が学びをやめることへの親の過去の投資から、これから子の教育支援と親自身の学び直しを配分する責任へ変える。子の撤退への納得の問いと分ける。,,,,最終確認待ち
exp26-learning-0157,学校・若者,4,3,decision_maker,learning_choices,学び直しの場を開いた自分に、かつて学校で居場所を失った人が参加した。進度を守るため参加を制限するか、何を背負って決める？,仮の場面です。教室の支援能力は限られる設定。排除しないことを唯一の答えにしない。,,再び学ぶ居場所を作る責任を聞く。,,,,最終確認待ち
exp26-learning-0158,学校・若者,4,3,decision_maker,learning_choices,教師として採点を励みに生きてきた生徒に、点数のない学びを提案する。自分が支えてきた成功の形をどう変えたい？,仮の場面です。評価を外すと自己の支えが変わる人がいる設定。,,教育者が育てた成功像の変更を聞く。,,,,最終確認待ち
exp26-learning-0159,技術・メディア・プライバシー,1,1,,digital_memory,写真を見返す時、撮った順と気分に合う順のどちらが好き？,,,記録をたどる感覚を聞く。,,,,最終確認待ち
exp26-learning-0160,技術・メディア・プライバシー,1,1,,digital_memory,昔の自分の投稿を読むと、何が一番変わったと感じる？,,,記録と現在の自己像を知る。,,,,最終確認待ち
exp26-learning-0161,技術・メディア・プライバシー,1,1,,digital_memory,残すなら、整った写真とその場の音のどちらが近い思い出になる？,,,記録する感覚の違いを聞く。,,,,最終確認待ち
exp26-learning-0162,技術・メディア・プライバシー,1,1,,digital_memory,大切な会話は、言葉のまま覚えたい？その時の気持ちを覚えたい？,,,情報と記憶の重心を知る。,,,,最終確認待ち
exp26-learning-0163,技術・メディア・プライバシー,1,1,,digital_attention,知らない分野の動画が勧められたら、どんな時に開きたくなる？,,,推薦への関心の入口を聞く。,,,,最終確認待ち
exp26-learning-0164,技術・メディア・プライバシー,1,1,,digital_attention,調べ物を終える合図は、答えが出た時？疲れた時？,,,情報探索の区切りを知る。,,,,最終確認待ち
exp26-learning-0165,技術・メディア・プライバシー,1,1,,digital_attention,通知が来ない時間には、何をしてみたくなる？,,,通信から離れる時間を聞く。,,,,最終確認待ち
exp26-learning-0166,技術・メディア・プライバシー,1,1,,digital_attention,画面で読む文章と紙で読む文章では、残り方が違うと感じる？,,,媒体と記憶の感覚を知る。,,,,最終確認待ち
exp26-learning-0167,技術・メディア・プライバシー,1,1,,digital_expression,自分を表すなら、写真、声、短い文章のどれがしっくりくる？,,,媒体ごとの自己表現を聞く。,,,,最終確認待ち
exp26-learning-0168,技術・メディア・プライバシー,1,1,,digital_expression,メッセージの句読点で、相手の気分を想像することはある？,,,書かれた言葉の読み方を知る。,,,,最終確認待ち
exp26-learning-0169,技術・メディア・プライバシー,1,1,,digital_expression,使い慣れたアプリの見た目が変わると、どんな気持ちになる？,,,道具への慣れを聞く。,,,,最終確認待ち
exp26-learning-0170,技術・メディア・プライバシー,1,1,,digital_tools,道案内の画面では、地図と写真のどちらが分かりやすい？,,,情報表示の好みを知る。,,,,最終確認待ち
exp26-learning-0171,技術・メディア・プライバシー,1,1,,digital_tools,端末に名前を付けると、道具への気持ちは変わる？,,,技術への親しみを聞く。,,,,最終確認待ち
exp26-learning-0172,技術・メディア・プライバシー,1,1,,digital_tools,一つの端末にまとめたい機能と、別にしておきたい機能はある？,,,道具を分ける感覚を聞く。,,,,最終確認待ち
exp26-learning-0173,技術・メディア・プライバシー,1,1,,digital_tools,検索する前に誰かへ聞きたくなるのは、どんなこと？,,,人と情報サービスの使い分けを知る。,,,,最終確認待ち
exp26-learning-0174,技術・メディア・プライバシー,2,2,,digital_memory,昔の写真を自動で表示されると、思い出したかった時以外でも嬉しい？,,,予定外の記憶への接触を聞く。,,,,最終確認待ち
exp26-learning-0175,技術・メディア・プライバシー,2,2,,digital_memory,旅行の写真を全部残すことと、数枚選ぶことでは、思い出の感じ方が変わる？,,,記録量と記憶の関係を知る。,,,,最終確認待ち
exp26-learning-0176,技術・メディア・プライバシー,2,2,,digital_memory,子どもの頃の投稿を今の自分の紹介に使われたら、どう感じる？,,,過去が現在を代表する感覚を聞く。,,,,最終確認待ち
exp26-learning-0177,技術・メディア・プライバシー,2,2,,digital_memory,撮った写真の日時が間違っていたら、思い出としての価値は変わる？,,,記録の正確さと愛着を比べる。,,,support-005,最終確認待ち
exp26-learning-0178,技術・メディア・プライバシー,2,2,,digital_memory,家族の録音を自分だけが持っている。なくす不安と共有する迷いをどう感じる？,,,記録を預かる負担を聞く。,,,,最終確認待ち
exp26-learning-0179,技術・メディア・プライバシー,2,2,,digital_memory,会話を録音してよいと言われても、自分の話し方は変わりそう？,,,同意後の記録される感覚を知る。,,,,最終確認待ち
exp26-learning-0180,技術・メディア・プライバシー,2,2,,digital_attention,好みに合う動画が続く日と、知らない分野が多く勧められる日では、どちらが心地よい？,,,推薦の快適さと探索を聞く。,,clarity-science_research_and_uncertainty-02-l2 / technology-006,,最終確認待ち
exp26-learning-0181,技術・メディア・プライバシー,2,2,,digital_attention,読んだ記事の数を毎日見られる機能は、知る楽しさを変える？,,,情報量の可視化への感覚を知る。,,,,最終確認待ち
exp26-learning-0182,技術・メディア・プライバシー,2,2,,digital_attention,ニュースを一日一回まとめて読むとしたら、何が安心で何が気になる？,,,情報の受取頻度の意味を聞く。,,,,最終確認待ち
exp26-learning-0183,技術・メディア・プライバシー,2,2,,digital_attention,友達が勧めた記事に興味が持てなかった時、読んだ感想をどこまで伝えたい？,,,推薦を受ける期待を聞く。,,,,最終確認待ち
exp26-learning-0184,技術・メディア・プライバシー,2,2,,digital_attention,途中で読むのをやめた記事を、未読一覧から消したい？残したい？,,,知り残した情報への感覚を聞く。,,,,最終確認待ち
exp26-learning-0185,技術・メディア・プライバシー,2,2,,digital_expression,親しい友達が自分の気持ちを書き、AIに言葉だけ整えてもらったメッセージをくれた。同じ言葉でも、あとでそれを知ると受け取り方は変わる？,,,表現の補助と気持ちを分ける。,,education-l4-001,,最終確認待ち
exp26-learning-0186,技術・メディア・プライバシー,2,2,,digital_expression,送信前の文章を自動で柔らかく直す機能があったら、どんな言葉は残したい？,,,表現を整える範囲を聞く。,,,,最終確認待ち
exp26-learning-0187,技術・メディア・プライバシー,2,2,,digital_expression,声のメッセージを文字に直して読むと、相手の気持ちの受け取り方は変わる？,,,伝達で失う声の意味を知る。,,,,最終確認待ち
exp26-learning-0188,技術・メディア・プライバシー,2,2,,digital_expression,自分が書いた文章を別の言語に翻訳して送る時、どこを確かめたい？,,,自分の言葉の移し方を聞く。,,,,最終確認待ち
exp26-learning-0189,技術・メディア・プライバシー,2,2,,digital_expression,短い紹介文が自分らしくまとまっていても、他人が書いたなら使う気持ちは違う？,,,自己表現の作者への感覚を聞く。,,,,最終確認待ち
exp26-learning-0190,技術・メディア・プライバシー,2,2,,digital_identity,趣味ごとの別名アカウントを一つにまとめると、自分の話し方は変わりそう？,,,文脈ごとの自己表現を知る。,,,,最終確認待ち
exp26-learning-0191,技術・メディア・プライバシー,2,2,,digital_identity,昔の投稿を消しても、当時の自分まで消した気持ちになると思う？,,,削除と自己の連続性を聞く。,,,,最終確認待ち
exp26-learning-0192,技術・メディア・プライバシー,2,2,,digital_identity,自分をよく知らない人が投稿だけで性格を言い当てたら、嬉しい？落ち着かない？,,,情報から理解される感覚を聞く。,,,,最終確認待ち
exp26-learning-0193,技術・メディア・プライバシー,2,2,,digital_identity,新しい場で過去の投稿を知られずに話せるなら、何を話したくなる？,,,履歴から離れる自己紹介を聞く。,,,,最終確認待ち
exp26-learning-0194,技術・メディア・プライバシー,2,2,,digital_identity,自分の写真を整える機能で、どんな部分は変えたくない？,,,見せる自己像の境界を聞く。,,,,最終確認待ち
exp26-learning-0195,技術・メディア・プライバシー,2,2,,digital_boundaries,共同の端末に検索履歴が残るなら、調べ方を変える？,,privacy_and_surveillance,共有道具での探索の自由を聞く。,,,,最終確認待ち
exp26-learning-0196,技術・メディア・プライバシー,2,2,,digital_boundaries,名前を隠した相談でも、知人なら自分だと分かる内容を載せたい？,,privacy_and_surveillance,匿名と特定の距離を聞く。,,,,最終確認待ち
exp26-learning-0197,技術・メディア・プライバシー,2,2,,digital_boundaries,位置ではなく「無事」とだけ伝える機能なら、誰と共有したい？,,privacy_and_surveillance,安全連絡の情報量を聞く。,,,,最終確認待ち
exp26-learning-0198,技術・メディア・プライバシー,2,2,,digital_boundaries,会議のメモを共有する時、雑談の部分も残しておきたい？,,privacy_and_surveillance,共同記録に含める範囲を聞く。,,,,最終確認待ち
exp26-learning-0199,技術・メディア・プライバシー,2,2,,digital_boundaries,自分の買い物履歴から贈り物を提案されると、気が利いていると感じる？,,privacy_and_surveillance,生活情報を使う提案を聞く。,,,,最終確認待ち
exp26-learning-0200,技術・メディア・プライバシー,2,2,,digital_trust,誤りを訂正した記事と、最初から誤りのない記事では、書き手への信頼はどう違う？,,,訂正を見る感覚を知る。,,,,最終確認待ち
exp26-learning-0201,技術・メディア・プライバシー,2,2,,digital_trust,記事の結論より調べた過程が長く書かれていたら、読みたい気持ちは変わる？,,,情報の作られ方への関心を聞く。,,,,最終確認待ち
exp26-learning-0202,技術・メディア・プライバシー,2,2,,editing_and_personal_voice,同じ人の話を、言い直しまで残った動画と、要点だけに編集した動画で見た。分かりやすさと「その人を知った感じ」は、どう違いそう？,,,world0446の「分からない」と話す相手への信頼から、同じ発言を編集した時の理解のしやすさと話し手への近さへ変える。内容の結論は同じでも、迷いと言い直しを残す意味を聞く。,,,,最終確認待ち
exp26-learning-0203,技術・メディア・プライバシー,2,2,,digital_trust,同じ話を読んでも、数字より一人の経験が残るのはどんな時？,,,報道の形と記憶を知る。,,,,最終確認待ち
exp26-learning-0204,技術・メディア・プライバシー,2,2,,digital_trust,会話AIには話せるが人には話しにくいことがあるとしたら、何が違うと思う？,,,受け手による語りやすさを聞く。,,,,最終確認待ち
exp26-learning-0205,技術・メディア・プライバシー,2,2,,digital_tools,使い慣れた機器を修理するか、使い方の違う新型に替えるか。性能が同じなら何で選ぶ？,,,技術の新旧への愛着を聞く。,,,,最終確認待ち
exp26-learning-0206,技術・メディア・プライバシー,2,2,,digital_tools,手順を覚えずにできる機能が増えると、安心する？任せすぎが気になる？,,,道具と習熟の感覚を知る。,,,,最終確認待ち
exp26-learning-0207,技術・メディア・プライバシー,2,2,,digital_tools,翻訳機が使える場でも、自分の言葉で伝えたいのはどんなこと？,,,技術で代える範囲を聞く。,,,,最終確認待ち
exp26-learning-0208,技術・メディア・プライバシー,2,2,,digital_tools,操作を教えてもらうなら、相手に代わって操作されるのと横で説明されるのはどう違う？,,,技術支援を受ける感覚を聞く。,,,,最終確認待ち
exp26-learning-0209,技術・メディア・プライバシー,2,2,,digital_tools,新しい機能を使わない選択を、周囲へ説明する必要があると感じる？,,,技術への不参加の感覚を聞く。,,,,最終確認待ち
exp26-learning-0210,技術・メディア・プライバシー,3,2,decision_maker,information_design,情報サービスが「読まなかった理由」まで尋ねる時、何を答えずに使えるべき？,仮の場面です。推薦の改善と、読む理由を説明しない自由を比べる。,,関心の説明を求める設計を聞く。,,,,最終確認待ち
exp26-learning-0211,技術・メディア・プライバシー,3,2,decision_maker,information_design,検索で答えを先に見せる形式と、複数の資料を先に見せる形式をどう選べるべき？,仮の場面です。素早い理解と、根拠を自分でたどる機会が異なる。,,検索の入口の設計を聞く。,,,,最終確認待ち
exp26-learning-0212,技術・メディア・プライバシー,3,2,decision_maker,information_design,利用者の好みが変わった時、古い履歴を推薦から外す機能をどれくらい重く見る？,仮の場面です。過去の関心が現在の情報選択に残る架空のサービス。,,好みを変えられる設計を聞く。,,,,最終確認待ち
exp26-learning-0213,技術・メディア・プライバシー,3,2,decision_maker,information_design,動画を最後まで見たことを「好き」の判断に使うなら、どんな限界を説明してほしい？,仮の場面です。批判や確認のため最後まで見る場合もあり得る。,,行動と好みの推定を聞く。,,,,最終確認待ち
exp26-learning-0214,技術・メディア・プライバシー,3,2,decision_maker,information_design,ニュースの見出しを読者ごとに変えるなら、同じ記事と分かる形を残すべき？,仮の場面です。読む入口が違う人同士で内容を話す場面を考える。,,個別表示と共同の理解を聞く。,,,,最終確認待ち
exp26-learning-0215,技術・メディア・プライバシー,3,2,decision_maker,information_design,自分と違う意見を勧める機能は、任意で選ぶものにするべき？,仮の場面です。視野を広げる目的と、読む負担の選択を分ける。,,異なる情報へ接する自由を聞く。,,,,最終確認待ち
exp26-learning-0216,技術・メディア・プライバシー,3,2,decision_maker,information_design,自動要約の短さを利用者が選べるなら、何を必ず残してほしい？,仮の場面です。条件や反例が省かれると意味が変わる設定。,,要約の責任の基準を聞く。,,,,最終確認待ち
exp26-learning-0217,技術・メディア・プライバシー,3,2,decision_maker,information_design,情報の新しさと、時間をかけて検証された記事を、検索結果でどう並べたい？,仮の場面です。速報の価値と、確認に要する時間を比較する。,,情報の時間軸を聞く。,,,,最終確認待ち
exp26-learning-0218,技術・メディア・プライバシー,3,3,decision_maker,digital_records,共同の記録から一人が自分の部分を消したい時、他の人の記憶をどう扱うべき？,仮の場面です。共有アルバムで、所有と写る本人の希望が違う設定。,privacy_and_surveillance,共有記録の削除権を聞く。,,,,最終確認待ち
exp26-learning-0219,技術・メディア・プライバシー,3,3,decision_maker,digital_records,亡くなった利用者の公開投稿を保存する場合、生前の削除設定をどこまで引き継ぐべき？,仮の場面です。保存に関する実際の法規ではなく、サービス方針を考える。,privacy_and_surveillance,死後の情報の意思を聞く。,,,,最終確認待ち
exp26-learning-0220,技術・メディア・プライバシー,3,3,decision_maker,digital_records,利用者が退会する時、投稿と他人への返信を同じ扱いで消すべき？,仮の場面です。返信を消すと、残る会話の意味が分かりにくくなる場合を想定。,privacy_and_surveillance,退会後の会話記録を聞く。,,,,最終確認待ち
exp26-learning-0221,技術・メディア・プライバシー,3,3,decision_maker,digital_records,自動で思い出を表示する機能に、悲しい記録を避ける設定はどこまで必要？,仮の場面です。悲しみの内容を機械が正確に判断できるとは仮定しない。,privacy_and_surveillance,記憶を呼び出す設計を聞く。,,,,最終確認待ち
exp26-learning-0222,技術・メディア・プライバシー,3,3,decision_maker,digital_records,地域の写真記録を公開する時、写った人に再確認できない古い写真はどう扱いたい？,仮の場面です。歴史展示ではなく、生活情報の公開範囲が主題。,privacy_and_surveillance,古い画像の情報境界を聞く。,,,,最終確認待ち
exp26-learning-0223,技術・メディア・プライバシー,3,3,decision_maker,digital_records,端末を手放す人が写真を完全に消せたと確かめるには、どんな説明が必要？,仮の場面です。技術的な完全性を断定せず、利用者への確認方法を考える。,privacy_and_surveillance,削除を信じられる条件を聞く。,,,,最終確認待ち
exp26-learning-0224,技術・メディア・プライバシー,3,3,decision_maker,digital_records,会議の自動記録では、訂正前の発言と訂正後の発言をどう残すべき？,仮の場面です。話す途中の考えと、合意した記録の目的が異なる。,privacy_and_surveillance,会話記録の時間軸を聞く。,,,,最終確認待ち
exp26-learning-0225,技術・メディア・プライバシー,3,3,decision_maker,digital_records,サービスが終了する時、利用者の記録を引き継ぐ先を運営が選んでもよい？,仮の場面です。続けて読める利点と、新しい管理者への情報移転を考える。,privacy_and_surveillance,サービス終了の記録の帰属を聞く。,,,,最終確認待ち
exp26-learning-0226,技術・メディア・プライバシー,3,2,observer,digital_nonparticipation,オンラインだけで手続きする仕組みに、利用しない人の代替手段はどこまで必要？,仮の場面です。機器を使えない人と、使わない人の理由を分ける。,,技術に参加しない生活を聞く。,,,,最終確認待ち
exp26-learning-0227,技術・メディア・プライバシー,3,2,observer,digital_nonparticipation,学校や地域の連絡に新しいアプリを使う時、利用しない人の負担を誰が引き受けるべき？,仮の場面です。二つの連絡手段を維持する時間が必要な設定。,,通信の共通化の負担を聞く。,,,,最終確認待ち
exp26-learning-0228,技術・メディア・プライバシー,3,2,observer,digital_nonparticipation,人が窓口に相談する選択を残すなら、自動応答と同じ待ち時間を保証すべき？,仮の場面です。人的対応の資源に限りがある架空の窓口。,,対人の相談を選ぶ機会を聞く。,,,,最終確認待ち
exp26-learning-0229,技術・メディア・プライバシー,3,2,observer,digital_nonparticipation,機器の操作が不得意な人へ、教えることと簡単な道具を用意することをどう比べる？,仮の場面です。学べば必ず同じ使い方ができるとは置かない。,,技術支援の方向を聞く。,,,,最終確認待ち
exp26-learning-0230,技術・メディア・プライバシー,3,2,observer,digital_nonparticipation,「便利になった」と評価する時、覚え直しに使う時間をどう数えるべき？,仮の場面です。新機能の利益と、切替時の学習負担を分ける。,,便利さの測り方を聞く。,,,,最終確認待ち
exp26-learning-0231,技術・メディア・プライバシー,3,2,observer,digital_nonparticipation,端末を持たない人の行動は記録に少ない。サービス改善では、その声をどう確かめたい？,仮の場面です。利用ログだけで全員の暮らしを代表しない。,,記録外の利用者の声を聞く。,,,,最終確認待ち
exp26-learning-0232,技術・メディア・プライバシー,3,2,observer,digital_nonparticipation,地域の情報板を廃止してネットへ移すなら、偶然知る機会をどう考える？,仮の場面です。探した人に届く情報と、通りかかる情報は違う。,,情報に出会う場所を聞く。,,,,最終確認待ち
exp26-learning-0233,技術・メディア・プライバシー,3,2,observer,digital_nonparticipation,自動化で手順が見えなくなる時、利用者に仕組みを知る機会をどれだけ残すべき？,仮の場面です。簡便さと、判断の過程への理解を比較する。,,自動化の理解可能性を聞く。,,,,最終確認待ち
exp26-learning-0234,技術・メディア・プライバシー,3,2,actor,media_responsibility,取材で話した人が公開前に表現を変えたいと言ったら、記者はどこまで応じるべき？,仮の場面です。発言の趣旨を保つことと、本人の現在の希望を比べる。,,取材の言葉を確定する時点を聞く。,,,,最終確認待ち
exp26-learning-0235,技術・メディア・プライバシー,3,2,actor,media_responsibility,記事への反論を載せる場合、長さを同じにすることと論点を十分伝えることをどう比べる？,仮の場面です。文字数の対等さが内容の対等さと一致しない設定。,,報道の反論の扱いを聞く。,,,,最終確認待ち
exp26-learning-0236,技術・メディア・プライバシー,3,2,actor,media_responsibility,匿名の経験談を紹介する時、人物像の細部を変えることを読者へ知らせるべき？,仮の場面です。特定を避ける編集と、事実に基づく記事への期待が重なる。,,匿名化した語りの誠実さを聞く。,,,,最終確認待ち
exp26-learning-0237,技術・メディア・プライバシー,3,2,actor,media_responsibility,長期の取材で同じ人だけに話を聞くなら、その関係が記事へ与える影響をどう示す？,仮の場面です。深い理解と、他の経験を見落とす可能性を比べる。,,取材関係の近さを聞く。,,,,最終確認待ち
exp26-learning-0238,技術・メディア・プライバシー,3,2,actor,media_responsibility,訂正記事が元の記事ほど読まれない時、運営にはどこまで届け直す責任がある？,仮の場面です。訂正の掲載と、誤情報を受けた人への到達は違う。,,訂正の配信責任を聞く。,,,,最終確認待ち
exp26-learning-0239,技術・メディア・プライバシー,3,2,actor,media_responsibility,体験を語った人が注目を望んでいなかった場合、記事の反響を誰と確認するべき？,仮の場面です。公開への同意が、全ての反響への同意とは限らない。,,報道後の取材対象の支援を聞く。,,,,最終確認待ち
exp26-learning-0240,技術・メディア・プライバシー,3,2,actor,media_responsibility,対談を短く編集する時、迷っていた部分をどれだけ残すべき？,仮の場面です。分かりやすい結論と、話し手の思考の揺れを考える。,,会話の編集で残す迷いを聞く。,,,,最終確認待ち
exp26-learning-0241,技術・メディア・プライバシー,3,2,actor,media_responsibility,記事を読めない人のため音声版を作るなら、声の調子による解釈をどう扱いたい？,仮の場面です。文字の内容と、読み上げの表現が別に影響する。,,報道の媒体を変える責任を聞く。,,,,最終確認待ち
exp26-learning-0242,技術・メディア・プライバシー,3,3,decision_maker,digital_identity,複数の場で別名を使う人に、同じ本人だと示す必要はどんな時にある？,仮の場面です。信頼の確認と、文脈を分ける自己表現を比べる。,privacy_and_surveillance,場を越える本人確認を聞く。,,,,最終確認待ち
exp26-learning-0243,技術・メディア・プライバシー,3,3,decision_maker,digital_identity,検索で昔の名前と今の名前をつなぐ時、本人の希望をどこまで優先すべき？,仮の場面です。人物を見つける利便と、現在の名で生きる希望が異なる。,privacy_and_surveillance,名前の履歴の公開を聞く。,,,,最終確認待ち
exp26-learning-0244,技術・メディア・プライバシー,3,3,decision_maker,digital_identity,利用者の関心を自動でラベル付けするなら、本人が外せるラベルは何であるべき？,仮の場面です。推定が役立つ場面でも、自認と一致するとは限らない。,privacy_and_surveillance,推定された自己像を聞く。,,,,最終確認待ち
exp26-learning-0245,技術・メディア・プライバシー,3,3,decision_maker,digital_identity,職場向けと私生活向けのサービスを統合する時、情報の境界を誰が決めるべき？,仮の場面です。利便性が増えても、相手へ見せたい範囲は違う。,privacy_and_surveillance,文脈を統合する情報権限を聞く。,,,,最終確認待ち
exp26-learning-0246,技術・メディア・プライバシー,3,3,decision_maker,digital_identity,写真を自動で美しく整える初期設定を、利用者が知らずに使うことをどう思う？,仮の場面です。加工の好みと、加工されたことを知る機会を分ける。,privacy_and_surveillance,見た目の自動補正の同意を聞く。,,,,最終確認待ち
exp26-learning-0247,技術・メディア・プライバシー,3,3,decision_maker,digital_identity,推薦された相手と出会うサービスで、「合う理由」をどこまで見せてほしい？,仮の場面です。情報の説明が安心にも、先入観にもなる設定。,privacy_and_surveillance,関係を勧める説明を聞く。,,,,最終確認待ち
exp26-learning-0248,技術・メディア・プライバシー,3,3,decision_maker,digital_identity,長く使ったアカウントほど信頼される仕組みは、新しく始める人をどう扱うべき？,仮の場面です。履歴の長さと、現在の発言の信頼性は別の材料。,privacy_and_surveillance,デジタルの新しい出発を聞く。,,,,最終確認待ち
exp26-learning-0249,技術・メディア・プライバシー,3,3,decision_maker,digital_identity,利用者が自分の履歴から作られた紹介文を修正したら、その修正をどこまで学習に使ってよい？,仮の場面です。自己表現の訂正と、次の推定への情報提供を区別する。,privacy_and_surveillance,推定自己像の訂正の利用を聞く。,,,,最終確認待ち
exp26-learning-0250,技術・メディア・プライバシー,3,2,decision_maker,synthetic_communication,AIが整えた文章には、どんな場合に利用の表示が必要だと思う？,仮の場面です。本人の意図の表現と、内容そのものの代作を分ける。,,表現支援の表示基準を聞く。,,,,最終確認待ち
exp26-learning-0251,技術・メディア・プライバシー,3,2,decision_maker,synthetic_communication,亡くなった人を模した会話サービスで、新しい返答と生前の記録をどう区別して見せるべき？,仮の場面です。返答が本人の事実の発言でないと分かる架空の機能。,,故人の言葉の出所を聞く。,,,,最終確認待ち
exp26-learning-0252,技術・メディア・プライバシー,3,2,decision_maker,synthetic_communication,会話AIが過去の相談を覚える場合、忘れてほしい範囲を利用者がどう決められるべき？,仮の場面です。継続的な理解と、過去の相談から離れる自由を比べる。,,相談記録の継続性を聞く。,,,,最終確認待ち
exp26-learning-0253,技術・メディア・プライバシー,3,2,decision_maker,synthetic_communication,自動翻訳が意味を一つに絞る時、元の言葉の曖昧さをどこまで残すべき？,仮の場面です。分かりやすさと、話し手が決め切っていない意味が異なる。,,翻訳の不確実な意味を聞く。,,,,最終確認待ち
exp26-learning-0254,技術・メディア・プライバシー,3,2,decision_maker,synthetic_communication,人の声に似た読み上げを使うなら、同意をどの利用まで確かめるべき？,仮の場面です。許可した一度の録音と、後の用途が違う場合を想定。,,声の再利用の境界を聞く。,,,,最終確認待ち
exp26-learning-0255,技術・メディア・プライバシー,3,2,decision_maker,synthetic_communication,機械からの励ましを本物らしく感じる人がいる時、設計者は何を説明しておくべき？,仮の場面です。感じた支えを否定せず、提供者の役割を考える。,,励ましの仕組みへの説明を聞く。,,,,最終確認待ち
exp26-learning-0256,技術・メディア・プライバシー,3,2,decision_maker,synthetic_communication,人の代わりに自動返信する機能で、相手に知らせるタイミングをどう決めたい？,仮の場面です。返信の速さと、本人が読んだと感じる期待を比べる。,,代理の返事の見せ方を聞く。,,,,最終確認待ち
exp26-learning-0257,技術・メディア・プライバシー,3,2,actor,technology_stewardship,便利な機能を止める判断を利用者へ伝える時、代わりの道具以外に何を説明したい？,仮の場面です。中止で失われる習慣や記録も含める。,,技術を終える責任を聞く。,,,,最終確認待ち
exp26-learning-0258,技術・メディア・プライバシー,3,2,actor,technology_stewardship,機器の更新で古い操作が使えなくなる時、開発者はいつまで支援を続けるべき？,仮の場面です。複数方式の維持に負担がある架空の製品。,,更新と習熟の保護を聞く。,,,,最終確認待ち
exp26-learning-0259,技術・メディア・プライバシー,3,2,actor,technology_stewardship,技術の試験導入に参加した人へ、改善に使われた声をどう返したい？,仮の場面です。意見を集めることと、採用された理由の共有が違う。,,試験利用の参加への還元を聞く。,,,,最終確認待ち
exp26-learning-0260,技術・メディア・プライバシー,3,2,actor,technology_stewardship,大切な処理を自動化した人が手順を忘れたら、運営は何を支えるべき？,仮の場面です。失敗を保証する設定でなく、手動へ戻る準備を考える。,,自動化後の能力の維持を聞く。,,,,最終確認待ち
exp26-learning-0261,技術・メディア・プライバシー,3,2,actor,technology_stewardship,製品の使い方を利用者が新しく見つけた時、開発者の意図と違っても支えたい？,仮の場面です。安全の重大な危険はなく、予定外の用途がある設定。,,技術の意味を作る主体を聞く。,,,,最終確認待ち
exp26-learning-0262,技術・メディア・プライバシー,3,2,actor,technology_stewardship,技術の使い方を学ぶ場で、詳しい人が毎回代わりに操作してしまう。支援の成果を何で見たい？,仮の場面です。処理が終わることと、利用者が選べることを分ける。,,技術支援の到達目標を聞く。,,,,最終確認待ち
exp26-learning-0263,技術・メディア・プライバシー,4,3,affected,digital_memory,亡くなった大切な人の記録を読めるが、本人には確認できない。もっと知りたい気持ちをどこまで優先する？,仮の場面です。読むこと、残すこと、他人に見せることは別の判断。,privacy_and_surveillance,故人を知る望みの境界を聞く。,,relationship-l3-158 / relationship-166,,最終確認待ち
exp26-learning-0264,技術・メディア・プライバシー,4,3,affected,digital_memory,若い時の自分の言葉が検索に残り、今の親しい人もその言葉で自分を見る。変わった自分を伝えるため、何を消し何を語り直す？,仮の場面です。当時の発言は事実でも、現在の自分を全て代表しない。,privacy_and_surveillance,過去の発信に固定された人生を聞く。,,,,最終確認待ち
exp26-learning-0265,技術・メディア・プライバシー,4,3,affected,digital_memory,家族の写真に残る楽しそうな自分と、当時つらかった記憶が違う。その写真をどう残したい？,仮の場面です。写真は一場面で、経験全体を確定しない。,privacy_and_surveillance,記録と私的記憶のずれを聞く。,,,,最終確認待ち
exp26-learning-0266,技術・メディア・プライバシー,4,3,affected,digital_memory,長年の日記をAIがまとめると、自分の人生は後悔ばかりに見えた。書いていない喜びもあった自分を、どう知り直したい？,仮の場面です。要約は記録の一つの解釈で、人生全体の判定ではない。,privacy_and_surveillance,記録から作られる人生の自己像を聞く。,,,,最終確認待ち
exp26-learning-0267,技術・メディア・プライバシー,4,3,affected,digital_memory,端末の故障で大切な記録を失ったとする。覚えていることだけで、その時をどう残せそう？,仮の場面です。復元できないという架空条件で、思い出の語りを考える。,privacy_and_surveillance,記録がなくなった後の記憶を聞く。,,,,最終確認待ち
exp26-learning-0268,技術・メディア・プライバシー,4,3,affected,digital_memory,別れた人との会話を消せば日々は楽になるが、当時の自分も見えなくなる気がする。何を残す？,仮の場面です。復縁や実際の体験の告白を求めず、記録への感覚を考える。,privacy_and_surveillance,関係後に残る会話の意味を聞く。,,,,最終確認待ち
exp26-learning-0269,技術・メディア・プライバシー,4,3,affected,digital_memory,大切な人が亡くなった後、自分が撮った写真は多いが一緒に写った写真はない。その人との関係を何で残していきたい？,仮の場面です。写真がないことを関係の薄さと同一視せず、記録への望みを考える。,privacy_and_surveillance,写らなかった関係の記憶を聞く。,,,,最終確認待ち
exp26-learning-0270,技術・メディア・プライバシー,4,3,affected,digital_memory,人生を変えた決断は、相手の強い勧めに従ったと思ってきた。残っていた会話の録音では、自分が先にその望みを語っていた。相手に委ねたと思っていた人生を、どう受け止め直す？,仮の記録との出会いです。録音の内容と本人が覚えていた発言の順序が異なる設定で、記憶一般の信頼性を断定しません。決断の結果の良し悪しを固定せず、自分の望みと相手への依存として捉えてきた時間を考えます。,privacy_and_surveillance,重要という形容だけでなく、人生の決断の主体を誰と感じていたかが録音で揺らぐ場面を置く。記録を確かめる手順より、記録とともに自己の選択を捉え直す意味を聞く。,,,,最終確認待ち
exp26-learning-0271,技術・メディア・プライバシー,4,3,affected,digital_identity,別名で築いた関係を実名の自分へつなげると、話しやすさが変わる。何を守って紹介したい？,仮の場面です。正当な関係を隠す悪意は置かず、文脈の境界を考える。,privacy_and_surveillance,匿名の関係の統合を聞く。,,,,最終確認待ち
exp26-learning-0272,技術・メディア・プライバシー,4,3,affected,digital_identity,生き方を変えようとしている自分に、推薦は昔の関心ばかりを返す。履歴を消す時、どんな自分まで手放すように感じる？,仮の場面です。履歴を外す技術がある仮定で、情報の自己像から離れる意味を考える。,privacy_and_surveillance,変わる人生と推薦の履歴を聞く。,,,,最終確認待ち
exp26-learning-0273,技術・メディア・プライバシー,4,3,affected,digital_identity,オンラインでは深く話せる親友に、対面の自分は別人のようだと言われた。どんな自分を知ってもらえれば、同じ関係だと感じる？,仮の場面です。媒体ごとの違いを偽りとせず、親密な理解の条件を考える。,privacy_and_surveillance,媒体を越えて知ってもらう自己を聞く。,,,,最終確認待ち
exp26-learning-0274,技術・メディア・プライバシー,4,3,affected,digital_identity,長く使ったアカウントを失い、誰も履歴を知らない場で始める。解放感と寂しさの何が大きい？,仮の場面です。同じ本人でも、以前の関係や信用を持ち込めない設定。,privacy_and_surveillance,デジタルの再出発の感覚を聞く。,,,,最終確認待ち
exp26-learning-0275,技術・メディア・プライバシー,4,3,affected,digital_identity,整えた自分の写真を通じて大切な相手と出会った。元の顔を見せるのが怖い時、相手は何を好きになったと思いたい？,仮の場面です。見た目の反応は未確認で、本人の不安と自己表現を考える。,privacy_and_surveillance,加工された自己で作る親密な関係を聞く。,,,,最終確認待ち
exp26-learning-0276,技術・メディア・プライバシー,4,3,affected,digital_identity,苦しい時の文章を読んでくれた人たちとのつながりが、自分の居場所になった。今は喜びを書きたいが、読者は以前の苦しさに共感して集まっている。同じ名前で変わることと、新しい名前で始めることをどう感じる？,仮の発信の変化です。読者が喜びを拒むとは決めず、本人が大切な居場所とこれから語りたい自分の間で迷う設定です。名前を分けることも同じ場で変化を伝えることも、過去の自分を否定するとは限りません。,privacy_and_surveillance,名前を変える好みだけでなく、人生の苦しい時に支えになった読者との関係と、今の自分を語る意味の連続性を聞く。,,,,最終確認待ち
exp26-learning-0277,技術・メディア・プライバシー,4,3,affected,digital_identity,昔の名前で呼ばれる投稿が今も広まる。訂正するために新しい名前を広く知らせたい？,仮の場面です。名前の変更理由の告白を求めず、情報の連結を考える。,privacy_and_surveillance,名前の訂正による公開を聞く。,,,,最終確認待ち
exp26-learning-0278,技術・メディア・プライバシー,4,3,affected,digital_identity,自分の投稿を読んだ家族が、直接話せなかった苦しさを初めて理解したと言う。知られた安心と怖さをどう受け止める？,仮の場面です。投稿は公開していたが、家族に向けた告白ではない設定。,privacy_and_surveillance,公開情報で親密な理解を得る感情を聞く。,,,,最終確認待ち
exp26-learning-0279,技術・メディア・プライバシー,4,3,affected,synthetic_communication,親しい人との関係が変わるのが怖くて、悩みを会話AIにだけ話しているとする。AIに理解されたと感じることと、人に知られることは自分にどう違う？,仮の場面です。AIの理解や治療効果を事実とせず、話す相手への期待と怖さを分ける。,,人に知られる怖さと理解を聞く。,,r6-08-02-l3 / r6-08-02-l4,,最終確認待ち
exp26-learning-0280,技術・メディア・プライバシー,4,3,affected,synthetic_communication,亡くなった大切な人が、生前に自分を模した会話AIへ同意したとする。本人が言わなかった新しい返答もある時、その会話を関係の続きと感じられる？,仮の場面です。生前に利用への同意があり、本人の発言ではないと分かる設定。,,模した返答の関係上の意味を聞く。,,r6-08-02-l3 / r6-08-01-l3,,最終確認待ち
exp26-learning-0281,技術・メディア・プライバシー,4,3,affected,synthetic_communication,心を支えたAIとの会話をサービス終了で読めなくなる。何を失うと感じる？,仮の場面です。実際の終了方針を断定せず、相談記録への愛着を考える。,,機械との会話を失う意味を聞く。,,,,最終確認待ち
exp26-learning-0282,技術・メディア・プライバシー,4,3,affected,synthetic_communication,誰にも頼れないと感じた時、AIの言葉に支えられたとする。機械が書いたと分かっていても、自分を支えたものを何と呼びたい？,仮の場面です。相談や治療の効果の一般論ではなく、架空の本人の意味づけを考える。,,孤独な自分を支えた言葉の意味を聞く。,,,,最終確認待ち
exp26-learning-0283,技術・メディア・プライバシー,4,3,affected,synthetic_communication,大切な相手へ別れを告げる言葉が翻訳で穏やかになり、迷っていると受け取られた。自分の決心をどんな言葉で届けたい？,仮の場面です。翻訳が必ず誤るとはせず、語調と本人の意図が違った架空の会話。,,人生を変える言葉を翻訳する責任を聞く。,,,,最終確認待ち
exp26-learning-0284,技術・メディア・プライバシー,4,3,affected,synthetic_communication,大切な相手がAIで整えた謝罪をくれた。本人は気持ちは変えていないと言う。何があれば受け取れる？,仮の場面です。表現の補助と、謝る意思そのものを分ける。,,謝罪の言葉の作者を聞く。,,,,最終確認待ち
exp26-learning-0285,技術・メディア・プライバシー,4,3,actor,synthetic_communication,家族へ自動返信していたら、家族はあなたがいつも話を聞いてくれたと思っていた。支えになった返事と、自分がいなかった時間をどう語る？,仮の場面です。自分は内容を読まず、家族は代理機能を知らなかった設定。,,親密な支えを代理した責任を聞く。,,,,最終確認待ち
exp26-learning-0286,技術・メディア・プライバシー,4,3,affected,synthetic_communication,自分の声を残す仕組みを使えば、死後も家族へ新しい言葉を届けられるとする。自分が言っていない返事まで、声として残したい？,仮の場面です。実現する技術や効果を断定せず、記録と生成の違いが分かる仮定。,,死後に残す自己の声の境界を聞く。,,,,最終確認待ち
exp26-learning-0287,技術・メディア・プライバシー,4,3,affected,digital_attention,自分が苦しんだ出来事のニュースを追うほど日常がつらくなるが、知らないままでは置き去りになる気がする。何から距離を置きたい？,仮の場面です。体験の告白は求めず、情報を知る望みと生活の維持を考える。,,個人的な記憶と情報への接触を聞く。,,,,最終確認待ち
exp26-learning-0288,技術・メディア・プライバシー,4,3,affected,digital_attention,長年の信念を支える情報ばかり読むと安心するが、違う資料はその信念を揺らしそうだ。自分の支えを確かめ直したい？,仮の場面です。信念の内容の正誤を断定せず、確かめる情報の範囲が主題。,,自己を支える情報選択を聞く。,,,,最終確認待ち
exp26-learning-0289,技術・メディア・プライバシー,4,3,affected,digital_attention,家族の苦しい経験がニュースに出ると知った。記録を確かめたいが、その出来事で家族を見たくない。どんな情報から距離を置きたい？,仮の場面です。報道内容の正誤は未確定で、家族の人生と情報の受取時期を分ける。,,親密な人の報道を受け取る感覚を聞く。,,,,最終確認待ち
exp26-learning-0290,技術・メディア・プライバシー,4,2,affected,digital_attention,読まなければ取り残されると感じる話題が、自分には苦しい。誰とのつながりを守りたい？,仮の場面です。実際の話題や体験を告白せず、情報参加の圧力を考える。,,情報の共同体から離れる感覚を聞く。,,,,最終確認待ち
exp26-learning-0291,技術・メディア・プライバシー,4,3,affected,digital_attention,昔の家族との記憶につながる推薦履歴を外せば、今の自分に合う情報が届く。過去に戻る入口をなくすことをどう感じる？,仮の場面です。記録そのものは残る設定で、自動で出会う機会の意味を考える。,,推薦に預けた記憶の入口を聞く。,,,,最終確認待ち
exp26-learning-0292,技術・メディア・プライバシー,4,3,affected,digital_attention,人生の大きな選択で検索から納得できる答えを得たが、人には自分の迷いを話していない。答えを得ることと、誰かに知ってもらうことはどう違う？,仮の場面です。情報が正しいかだけでなく、相談して関係を作る意味を考える。,,進路の答えと自己を知られる意味を聞く。,,,,最終確認待ち
exp26-learning-0293,技術・メディア・プライバシー,4,3,actor,digital_records,亡くなった人の写真を家族へ整理して渡す自分。親しい家族にも見せたくなかった部分をどう扱う？,仮の場面です。共有できる権限と、見せることへの配慮を分ける。,privacy_and_surveillance,記録を渡す遺族の判断を聞く。,,,,最終確認待ち
exp26-learning-0294,技術・メディア・プライバシー,4,3,actor,digital_records,亡くなった友達との会話を残したいが、生前「一時の言葉だから消して」と頼まれていた。記憶の支えと約束をどう考える？,仮の場面です。確認し直せない相手の希望と、保存する本人の愛着を比べる。,privacy_and_surveillance,故人との会話を残す約束を聞く。,,,,最終確認待ち
exp26-learning-0295,技術・メディア・プライバシー,4,3,actor,digital_records,自分の判断が仲間の人生を変えた会議の記録を任された。迷っていた部分を残すと責任逃れに見えそうでも、何を伝えたい？,仮の場面です。決定の責任と、その時点の不確実さを同じにしない。,privacy_and_surveillance,重大な決定の記録を編集する責任を聞く。,,,,最終確認待ち
exp26-learning-0296,技術・メディア・プライバシー,4,3,actor,digital_records,家族の暮らしを公開してきた自分に、子が過去の動画を消してほしいと言う。自分の活動の歩みでも、誰の記憶として残したい？,仮の場面です。当初の公開に同意があり、現在の希望が変わった設定。,privacy_and_surveillance,家族の情報で作った自己の歴史を聞く。,,,,最終確認待ち
exp26-learning-0297,技術・メディア・プライバシー,4,3,actor,digital_records,昔の親友との記録が自分の支えだが、相手はその時代を忘れて生きたいと言う。共に持てない過去を、自分はどう残したい？,仮の場面です。公開ではなく保存の希望が違う。相手の変化を拒絶と決めない。,privacy_and_surveillance,共同の過去を別々に持つ感覚を聞く。,,,,最終確認待ち
exp26-learning-0298,技術・メディア・プライバシー,4,3,actor,digital_records,自分の体験を公に語ると、大切な人の情報も伝わる。何を自分だけの話として話せる？,仮の場面です。情報の公開範囲が主題で、内容の告白は求めない。,privacy_and_surveillance,個人の語りに含む他者を聞く。,,,,最終確認待ち
exp26-learning-0299,技術・メディア・プライバシー,4,3,actor,digital_records,大切な家族の声を残したいが、本人は死後に再生されるのを望まない。失う怖さを本人へどこまで話したい？,仮の場面です。録音を簡単にできる仮定でも、本人の希望は別にある。,privacy_and_surveillance,喪失に備える記録への願いを聞く。,,,,最終確認待ち
exp26-learning-0300,技術・メディア・プライバシー,4,3,actor,digital_records,共同の旅の記録を一人で持っている自分に、仲間は関係が終わったので共有を閉じたいと言う。何を自分の記憶として持てる？,仮の場面です。関係の終わりと、共に経験した時間の記録を区別する。,privacy_and_surveillance,共同記録の管理者の帰属を聞く。,,,,最終確認待ち
exp26-learning-0301,技術・メディア・プライバシー,4,3,actor,media_responsibility,長年人生を聞いてきた取材相手に、批判されるべき事実を確認した。相手への信頼と、報道する自分の生き方をどう結び付ける？,仮の場面です。疑いではなく事実が確認済みの仮定。関係と公的な役割を比べる。,,取材で結んだ親密さと責任を聞く。,,,,最終確認待ち
exp26-learning-0302,技術・メディア・プライバシー,4,3,actor,media_responsibility,人生をかけて書いた記事が評価されたが、取材相手は注目で生活が変わり疲れている。自分の成功と相手の時間をどう受け止める？,仮の場面です。記事に誤りはない。予想を越えた反響への責任を考える。,,報道の成功が他者へ及ぶ責任を聞く。,,,,最終確認待ち
exp26-learning-0303,技術・メディア・プライバシー,4,3,affected,media_responsibility,自分の言葉が短く切り取られ、人生を共にしてきた仲間から「ずっとそんな考えだったのか」と距離を置かれた。全文を説明して信頼を取り戻したい気持ちと、もうその場を離れたい気持ちを、どう受け止める？,仮の発信と関係です。言葉の捏造ではなく文脈の省略があり、本人の趣旨と異なる形で伝わった設定です。説明すれば関係が戻る保証はなく、長く築いた信頼と、傷ついた場に留まることの意味を考えます。,,一般の切取りへの対処から、長く共に生きてきた人の信頼が揺らいだ当事者の帰属と自分の声を取り戻す意味へ深める。,,,,最終確認待ち
exp26-learning-0304,技術・メディア・プライバシー,4,3,actor,media_responsibility,自分の記事の見出しは事実に沿うが、読者は取材相手を冷たい人だと受け取った。訂正で自分の評価が下がっても、何を直したい？,仮の場面です。事実の正確さと人物像への影響がずれた架空の報道。,,正確な表現による人物の損失を聞く。,,,,最終確認待ち
exp26-learning-0305,技術・メディア・プライバシー,4,3,actor,media_responsibility,取材相手の人生を匿名で書くため細部を変えたら、本人は「もう私の人生ではない」と言う。自分が守ろうとしたものをどう話す？,仮の場面です。特定を避ける編集と、本人の経験を語る意味が両立しない場面。,,他者の人生を匿名で語る限界を聞く。,,,,最終確認待ち
exp26-learning-0306,技術・メディア・プライバシー,4,3,actor,media_responsibility,自分の誤った進路情報が広まり、それを信じて募集に応募しなかった人がいた。訂正しても元の投稿だけが届く人は残る。失った機会を戻せない中、今も自分を信じる読者へ発信することと、届け直す責任をどう引き受けたい？,架空の発信の結果です。掲載情報の誤りと、それを理由に応募しなかった人がいたことは確認されたとします。訂正を全員へ届ける保証はなく、法的な責任の結論は置きません。発信者として得た信頼を今後も使うことと、過去の影響への責任を考えます。,,訂正の作業量の判断だけでなく、自分の発信を信じた人の取り戻せない選択と、今後も信頼を受けて発信する自己の責任を聞く。直接友達へ教えた方法の0116とは、届いた相手が分からない公の情報の持続を分ける。,,,,最終確認待ち
exp26-learning-0307,技術・メディア・プライバシー,4,3,actor,media_responsibility,自分も長く隠してきた経験を、取材した相手と一緒に語る記事が完成した。公表前に相手が迷い、自分も初めて語れる機会を失いそうだ。共に声を出す約束と、相手が止まりたい気持ちをどう話したい？,仮の共同の語りです。自分と相手はそれぞれの経験を公表する予定でしたが、相手が直前に迷い始めた設定です。自分だけで語る、相手の部分を保留する等も考えられ、相手の参加を自分の再出発の義務にはしません。,,完成した記事を止める仕事上の判断から、本人自身も初めて自分の経験を語る関係と約束をどう引き受けるかへ変える。,,,,最終確認待ち
exp26-learning-0308,技術・メディア・プライバシー,4,3,actor,media_responsibility,自分の人生を語った文章が読みやすく編集されたが、苦しさや迷いが消えた。多くへ届く言葉と、自分の声をどう比べる？,仮の場面です。出来事は同じでも、経験を受け取る印象が変わった設定。,,人生の語りを整えられる感覚を聞く。,,,,最終確認待ち
exp26-learning-0309,技術・メディア・プライバシー,4,3,actor,technology_use,自分が作った仕組みが仲間の生活を支えているが、理解できるのは自分だけ。離れたい自分は、どこまで引き継ぐ責任を感じる？,仮の場面です。継続を保証する義務は置かず、依存した道具と退出を考える。,,生活を支える技術から離れる責任を聞く。,,,,最終確認待ち
exp26-learning-0310,技術・メディア・プライバシー,4,2,actor,technology_use,生涯を共にしたい相手へ、翻訳を外すと大切な約束の言葉がうまく伝わらない。相手はあなたの声で聞きたいと言う。不完全でも自分の言葉で伝えることと、翻訳に託して正確に伝えることを、どう大切にしたい？,仮の言葉と関係です。二人は翻訳の助けで互いを知ってきたとし、翻訳を使う関係が偽物とはしません。共に生きる約束で、不完全な自分の声を聞いてもらう意味と、意思を伝える確かさを考えます。,,最初に伝えたい言葉という日常の入口から、共に生きる約束で技術に託す意思と自分の不完全な声をどう分けるかへ深める。,,,,最終確認待ち
exp26-learning-0311,技術・メディア・プライバシー,4,3,actor,technology_use,機器の相談役として家族を支えてきたが、離れて暮らしたい。誰かが自分の助けを待つ安心と、自分の自由をどう分ける？,仮の場面です。重大な危険はなく、日常の技術支援が居場所でもある設定。,,技術を支える家族役割の退出を聞く。,,,,最終確認待ち
exp26-learning-0312,技術・メディア・プライバシー,4,3,actor,technology_use,長年仲間と過ごした作業を自分が自動化した。仕事は続くが「ここで一緒に生きた感じがなくなった」と言われたら何を受け止める？,仮の場面です。効率の向上と、共同の過程への帰属は別の価値。,,自動化で失われた共同の時間を聞く。,,,,最終確認待ち
exp26-learning-0313,技術・メディア・プライバシー,4,3,actor,technology_use,自分の人生を綴る文章をAIで整えたら、以前より理解してもらえた。読者が出会ったのはどんな自分だと感じる？,仮の場面です。内容と選択は本人にあるが、表現を補助した仮定。,,生成を介して理解された自己を聞く。,,,,最終確認待ち
exp26-learning-0314,技術・メディア・プライバシー,4,3,actor,technology_use,家族のためと思って情報共有の仕組みを勧めたら、「いつも見られている気がする」と言われた。善意と相手の暮らしの自由をどう話す？,仮の場面です。実際の監視効果ではなく、相手が受けた感覚を考える。,,情報共有の善意が関係へ及ぶ責任を聞く。,,,,最終確認待ち
exp26-learning-0315,技術・メディア・プライバシー,4,3,actor,technology_use,自分が長年担当した案内を声の自動再生へ引き継いだ。職場を離れても声だけ残る時、自分は何を終えたと感じる？,仮の場面です。本人の同意はあり、働く役割と残る記録を別に考える。,,技術に残る働いた自己の喪失を聞く。,,,,最終確認待ち
exp26-learning-0316,技術・メディア・プライバシー,4,3,actor,technology_use,自分が作ったプログラムを仲間が頼っているが、今は自分も直せない。支えた自分への信頼を失っても、何を伝えたい？,仮の場面です。重大な危険の設定は置かず、理解の限界と継続の責任を考える。,,技術の作者としての信頼を手放す意味を聞く。,,,,最終確認待ち
exp26-learning-0317,技術・メディア・プライバシー,4,2,decision_maker,information_design,情報を追い続けて家族との時間を失った経験から、「用が済めば暮らしへ戻れる」サービスを作った。今は長く使う人ほど収益を支え、仲間の仕事にもつながる。利用を短くする機能で、自分はどんな仕事を続けた人でありたい？,架空の創業経験と収益構造です。短い利用が本人の当初の願いに合う一方、現在の収入は長い利用に支えられるとします。機能変更で収入や仲間の働き方が変わる可能性を仮定し、創業時の信念と今の責任を考えます。,,一般の収益と利用時間の比較から、本人が失った暮らしを起点にした人生の仕事と、一緒に働く仲間への責任が揺らぐ判断へ変える。,,,,最終確認待ち
exp26-learning-0318,技術・メディア・プライバシー,4,2,decision_maker,information_design,異なる考えの人との出会いで孤立から抜けた自分は、その経験を信じて推薦サービスを作った。利用者は「同じ考えの人だけが見えるから安心できる」と言う。自分を救った出会いと、相手が選んだ居場所をどう分けて設計したい？,仮の設計者と利用者です。設計者にとって違う考えとの出会いは支えになりましたが、利用者には別の安心の条件がある設定です。知らない意見に触れることが全員を救うとはせず、選べる設計や現在の関係を考えます。,,満足度の一般設計から、本人の孤立からの回復を支えた信念を他者の居場所へ適用する意味と限界を聞く。,,,,最終確認待ち
exp26-learning-0319,技術・メディア・プライバシー,4,2,decision_maker,information_design,難しい資料を読めず進路を諦めた経験から、自分はすぐ答えを得られる検索を作った。根拠を確かめる画面を増やすと、かつての自分のような人が途中で離れそうだ。答えに届くことと、自分で確かめられることを、どんな希望として残したい？,架空の検索の設計です。根拠へ進む手順を増やすと一部の利用者が離れると仮定しますが、特定の人の能力や実際のサービス効果を断定しません。開発者自身の学ぶ機会を失った経験と、答えを確かめる自律を考えます。,,即答と確認の一般的な画面設計から、自分がかつて失った学ぶ機会を他の人へ返す仕事の意味と、確認できる自由の関係へ深める。,,,,最終確認待ち
exp26-learning-0320,技術・メディア・プライバシー,4,2,decision_maker,information_design,「全部分かった」と思える説明を人生の仕事にしてきた。自分の要約で初めて難しい話に入れた人もいるが、大切な反例は省いている。「まだ分からない」と感じてもらう説明へ変えることを、どんな自分の仕事の変化と受け止める？,仮の説明の仕事です。省いた反例で結論が一律に誤りになるとはせず、理解の限界も伝える場面とします。説明で学ぶ入口を開いた信頼と、分かり切った感覚を渡してきた本人の仕事の意味を考えます。,,要約の長さの選択から、分かりやすさを人生の仕事にした本人が、分からなさも渡す役割へ変わる自己理解を聞く。,,,,最終確認待ち
exp26-learning-0321,技術・メディア・プライバシー,4,2,decision_maker,information_design,自分のニュース配信は好評だが、家族で見る記事が別々になったという声がある。個人向けの便利さと共通の話題をどう扱いたい？,仮の場面です。一つの声だけで全利用者の変化を代表せず、設計目的を考える。,,配信者が作る共通の情報を聞く。,,,,最終確認待ち
exp26-learning-0322,技術・メディア・プライバシー,4,3,decision_maker,information_design,自分のサービスで「過去の自分を消したい」という希望に応じると推薦は不便になる。利用者の変化を、運営者としてどこまで優先したい？,仮の場面です。削除の可否の法的結論はなく、本人の希望と便利さの目的を比較する。,,情報で固定した自己を解く責任を聞く。,,,,最終確認待ち
exp26-learning-0323,技術・メディア・プライバシー,4,3,decision_maker,information_design,通知を設計した自分の機能で、利用者はつらい情報をすぐ知るようになった。知る自由と、知らずに過ごす時間のどちらを守りたい？,仮の場面です。緊急の危険情報ではなく、受取時期を選べる架空のサービス。,,人の生活へ入る情報の責任を聞く。,,,,最終確認待ち
exp26-learning-0324,技術・メディア・プライバシー,4,3,decision_maker,information_design,発信を人生の中心にした自分は、多くへ届くほど以前の読者と話せなくなった。影響力を手放してでも、どんな関係を持ちたい？,仮の場面です。人数を増やす成功と、本人が求めた対話の意味が異なる。,,情報発信の人生の目的を聞く。,,,,最終確認待ち
exp26-learning-0325,技術・メディア・プライバシー,4,3,decision_maker,digital_governance,共同で作ったオンラインの記録を、亡くなった親友から「今は公開せず、次の世代へ残して」と託された。家族は今すぐ読める形で残したいと言う。本人と交わした約束と、今ここで故人を知りたい人の望みをどう引き受ける？,仮の記録の管理です。自分は親友との共同記録を預かり、親友は公開の時期を後へ託したとします。家族は今の閲覧を望みますが、法的な権限は結論付けません。消すか残すかの判断だけでなく、誰へいつ渡すかという生前の約束を考えます。,privacy_and_surveillance,一般の死後履歴の保存方針から、自分も共同で作った記録を公開する時期の約束へ変える。0326の共有アルバムの消去/保存とは、後の世代と現在の閲覧という時間の軸を分ける。,,,,最終確認待ち
exp26-learning-0326,技術・メディア・プライバシー,4,3,decision_maker,digital_governance,亡くなった仲間の共有アルバムを預かる自分に、家族は消去を、友人は保存を求める。記憶の居場所を誰のために決めたい？,仮の場面です。全員が同じ所有権を持つとはせず、方針を話し合える架空の記録。,privacy_and_surveillance,喪失の記録を管理する責任を聞く。,,,,最終確認待ち
exp26-learning-0327,技術・メディア・プライバシー,4,3,decision_maker,digital_governance,自分が孤立していた時に支えてくれた人の言葉から、オンラインの場の約束を作った。その人は退会し、過去の言葉も消したいと言う。場を運営する自分は、支えられた由来を手放しても、どんな約束を続けたい？,仮の共同体の記録です。退会する人の発言が運営方針の起点でしたが、本人はその言葉の保存を望まない設定です。発言を残す以外にも、由来を説明し直す、現在の参加者と約束を作り直す等が考えられます。本人への感謝と退出の意思を分けます。,privacy_and_surveillance,0220の削除方針の一般判断から、運営者自身を支えた言葉が場の由来になっている時、発言を失っても受け継ぐ約束の意味を聞く。,,,,最終確認待ち
exp26-learning-0328,技術・メディア・プライバシー,4,3,decision_maker,digital_governance,「いつでも思い出を受け取れる」と約束して記録のサービスを続けたが、家族との暮らしを取り戻すため終えたい。自分に預けた記録をまだ受け取れない人がいる時、どこまでを果たせた約束として区切りたい？,架空のサービス終了です。利用者の一部と連絡がつかず、その人の記録はまだ預かっているとします。続けることが運営者の家族との暮らしを圧迫する設定で、他の保管先への移行等も考えられます。終える自分の人生と、記録を託された約束を比べます。,privacy_and_surveillance,終了時の連絡の段取りから、暮らしを取り戻したい本人が、人生の記録を預かった約束をどこで区切るかへ深める。,,,,最終確認待ち
exp26-learning-0329,技術・メディア・プライバシー,4,3,decision_maker,digital_governance,自分が作った思い出機能は人を喜ばせる一方、家族を失った利用者には突然の痛みになった。支えるための技術をどう見直す？,仮の場面です。感情を機械で確実に判定できるとは置かない。,privacy_and_surveillance,記憶を呼び出す設計の限界を聞く。,,,,最終確認待ち
exp26-learning-0330,技術・メディア・プライバシー,4,3,decision_maker,digital_governance,本人確認を任された自分は、別名で守ってきた関係を実名につなげられる。確認の確実さと、その人の人生の境界をどう守る？,仮の場面です。情報を連結できる仮定で、法的義務の一般論は置かない。,privacy_and_surveillance,名前で分けた人生を扱う責任を聞く。,,,,最終確認待ち
exp26-learning-0331,技術・メディア・プライバシー,4,3,decision_maker,digital_governance,自分の提案で組織の活動を終え、仲間は暮らしを変えた。その判断を後から確かめる記録には、親しい仲間の私的な迷いも残る。本人が消去を望む時、自分の判断への責任を残すことと、相手の言葉を返すことをどう分ける？,架空の共同の記録です。活動終了という本人の重大な提案を話し合った記録に、正式な意見と私的な発言が混ざるとします。本人の責任を確かめるために全員の私生活を残す必要があるとは決めず、経緯の記録方法と個々の言葉の範囲を考えます。,privacy_and_surveillance,組織の保存規則の一般判断から、自分が他人の暮らしを変えた決定の責任をどう記録に残すかへ深める。,,,,最終確認待ち
exp26-learning-0332,技術・メディア・プライバシー,4,3,decision_maker,digital_governance,翻訳の責任者の自分に、利用者は人生の決断を迷ったまま伝えたいと言う。明確さを求める相手へ、どんな曖昧さを渡せる？,仮の場面です。意思決定を代わる立場ではない。意味の確定を技術へ任せる範囲を考える。,privacy_and_surveillance,翻訳が他者の意思を決める境界を聞く。,,,,最終確認待ち
exp26-learning-0333,技術・メディア・プライバシー,4,3,decision_maker,technology_stewardship,自分が作った道具を、家族と話す唯一の手段にする人がいる。更新で操作を変える時、開発者としてどこまでその関係を守りたい？,仮の場面です。別の手段へすぐ移れない架空の条件で、習熟と関係の継続を考える。,,技術が支える親密な関係の責任を聞く。,,,,最終確認待ち
exp26-learning-0334,技術・メディア・プライバシー,4,3,decision_maker,technology_stewardship,共同の記録の仕組みを変える自分に、長年の仲間が参加を終えたいと言う。便利さを求めた決定で、何のつながりを失う？,仮の場面です。道具の変更が関係を必ず終わらせるとはせず、本人の希望を考える。,,技術をそろえることで終わる共同体を聞く。,,,,最終確認待ち
exp26-learning-0335,技術・メディア・プライバシー,4,3,decision_maker,technology_stewardship,機械的な案内では言えなかった生活の苦しさを、人と話せる窓口で初めて語れた。その経験から窓口を任された自分は、自動化すれば待つ人を減らせる。自分を変えた対話の機会を、次の人へ何として残したい？,架空の窓口の設計です。本人には対話で初めて語れた経験がありますが、全員が同じ方法を望むとはしません。自動化で待つ時間を減らせると仮定し、本人の人生を変えた関係と、これから利用する人の異なる必要を考えます。,,一般の人的窓口の配分から、自分の生活を語れた経験が運営者の信念になっている時、技術へ何を引き継ぐかを聞く。,,,,最終確認待ち
exp26-learning-0336,技術・メディア・プライバシー,4,3,decision_maker,technology_stewardship,地域の連絡を任された自分。掲示板を閉じれば管理は楽になるが、そこで人と会うのが支えだった住民がいる。何を終える決断だと思う？,仮の場面です。情報の到達と、情報の場所で生まれる関係は違う。,,情報の場を閉じる社会的責任を聞く。,,,,最終確認待ち
exp26-learning-0337,技術・メディア・プライバシー,4,3,decision_maker,technology_stewardship,自分が長く自動化を支えた組織を離れる。後の人が仕組みを理解できないままでも、引き継げたと言える条件は何？,仮の場面です。全ての知識を渡せるとは置かず、退出と頼られる責任を比べる。,,技術を預けて離れる判断を聞く。,,,,最終確認待ち
exp26-learning-0338,技術・メディア・プライバシー,4,3,decision_maker,technology_stewardship,自分の製品を、元の目的とは違う生活の支えに使う人がいる。新しい用途を支えると最初の利用者は困る。誰の暮らしを中心にしたい？,仮の場面です。重大な危険はなく、開発資源を一つの方向にしか使えない仮定。,,技術の目的を託した人への責任を聞く。,,,,最終確認待ち
exp26-learning-0339,技術・メディア・プライバシー,4,3,decision_maker,technology_stewardship,自分の技術を一緒に育てた利用者の名前を残したいが、利用した事実を知られたくない人もいる。功績を認めるとは何をすること？,仮の場面です。承認の希望と、生活情報を守る希望が異なる。,,見えない貢献を記憶する責任を聞く。,,,,最終確認待ち
exp26-learning-0340,技術・メディア・プライバシー,4,3,decision_maker,technology_stewardship,自分が人生をかけて守った技術を、今は少数の人だけが生活の支えに使う。終える判断で何を自分の責任として残したい？,仮の場面です。維持する時間に限りがあり、代替へ直ちに移れない設定。,,作った技術を終える人生の区切りを聞く。,,,,最終確認待ち
exp26-learning-0341,技術・メディア・プライバシー,4,3,decision_maker,media_choices,介護の苦しさを誰にも言えなかった時、他の人の記事に救われ、その声を届ける媒体を始めた。今は読者の多くが明るい話を求め、苦しい経験の記事を載せると離れそうだ。編集する自分は、誰に届く場を続けた人でありたい？,仮の媒体の歩みです。本人を支えた記事が創刊の起点でしたが、現在の読者には異なる期待がある設定です。読者が苦しい経験を否定しているとはせず、届く人の数と、これまで語れなかった人へ場を渡す意味を考えます。,,大切という形容だけの編集判断から、自分の語れなかった生活を支えた声を届ける人生の仕事と、今の読者との関係を聞く。,,,,最終確認待ち
exp26-learning-0342,技術・メディア・プライバシー,4,3,decision_maker,media_choices,親しい人の人生を対談にして、自分が編集する。結論を整えると本人の迷いが消える。何をその人の人生の声として残したい？,仮の場面です。内容の事実は同じでも、経験の印象が変わる設定。,,大切な人の語りを預かる責任を聞く。,,,,最終確認待ち
exp26-learning-0343,技術・メディア・プライバシー,4,3,decision_maker,media_choices,長年取材した人が注目に疲れているが、あなたの記事を生きる支えとも言う。関係を終えるか、語り続けるかを何で決める？,仮の場面です。報道が本人へ必ず利益を与えるとはせず、本人の異なる希望を確認する。,,報道者と取材対象の依存する関係を聞く。,,,,最終確認待ち
exp26-learning-0344,技術・メディア・プライバシー,4,3,decision_maker,media_choices,自分は他の人に代わりに語ってもらい、初めて経験を知ってもらえた。その支えを届ける場を企画したが、話すのが苦手な参加者は「ゆっくりでも自分の声で話したい」と言う。自分を支えた代弁と、相手の望む声をどう分けて場を作る？,仮の語りの企画です。主催者には代弁が支えになった経験があり、参加者は自分の声を望む設定です。代弁にも時間をかけた本人の語りにも価値があり、どちらかを全員への模範にはしません。支えられた方法を他者へ渡す意味を考えます。,,代弁の効率の役割判断から、自分が救われた表現の方法と他者が自分の声を持つ希望が一致しない時の信念を聞く。,,,,最終確認待ち
exp26-learning-0345,技術・メディア・プライバシー,4,3,observer,digital_witness,親しい人が自分よりAIに相談するようになった。自分に話してほしい気持ちをどう受け止める？,仮の場面です。AI利用を病的と決めず、本人の選択と自分の感情を分ける。,,相談相手から外れる感覚を聞く。,,,,最終確認待ち
exp26-learning-0346,技術・メディア・プライバシー,4,3,observer,digital_witness,家族が故人の会話AIを使って落ち着いている。自分は違和感がある時、何を話したい？,仮の場面です。双方が仕組みを知り、効果の一般化は置かない。,,記憶の道具への家族の違いを聞く。,,,,最終確認待ち
exp26-learning-0347,技術・メディア・プライバシー,4,3,observer,digital_witness,大切な友達が過去の投稿を全て消し、あなたとの時間も見えなくなった。相手の再出発と、自分が関係を失った感覚をどう分ける？,仮の場面です。投稿の削除が実際の友情の終わりを意味するとは置かない。,,他者の情報上の再出発と関係を聞く。,,,,最終確認待ち
exp26-learning-0348,技術・メディア・プライバシー,4,3,observer,digital_witness,苦しい時に支えられた発信者が、その時の言葉はもう信じていないと言う。生きる支えにした自分の時間はどう残る？,仮の場面です。発信者の変化が、受け手の過去の経験を無効にするとは置かない。,,撤回された言葉で生きた自己を聞く。,,,,最終確認待ち
exp26-learning-0349,技術・メディア・プライバシー,4,3,affected,digital_tools,補助技術で初めて自分が読みたいものを読めたが、提供はいつまで続くか分からない。道具へ自分の自由を預けることをどう感じる？,仮の場面です。治療の効果ではなく、架空の本人の情報へのアクセスを考える。,,技術に支えられた自律の不確かさを聞く。,,,,最終確認待ち
exp26-learning-0350,技術・メディア・プライバシー,4,3,actor,technology_stewardship,離れて暮らす家族へ安心のため連絡機能を設けたが、本人は外したいと言う。技術で見守ることが、自分は何の代わりになっていた？,仮の場面です。本人の希望と、離れる側が持つ負い目や不安を別に考える。,,技術へ預けた家族への責任を聞く。,,,,最終確認待ち
exp26-learning-0351,技術・メディア・プライバシー,4,3,decision_maker,digital_governance,過去の苦しい時期を覚えていてくれた人に支えられ、自分は記憶を大切にする会話AIを作った。利用者は「これからは今の自分だけを知ってほしい」と言う。自分が信じた支え方と、相手が選ぶ再出発をどう分けて任せたい？,架空のAIの設計と希望です。開発者には覚えていてもらうことが支えになった経験があり、利用者は過去の相談の消去を望むとします。削除後の補助の変化はこの場面の仮定で、医療やAIの効果一般は断定しません。支えを定義する本人の信念と利用者の今を考えます。,privacy_and_surveillance,0252の相談記録の忘却設定という一般判断から、自分の支えになった記憶を他者へ提供する信念と、異なる再出発の望みを引き受ける意味へ深める。,,,,最終確認待ち
exp26-learning-0352,文化・宗教・歴史,1,1,,cultural_rhythm,季節が変わったと感じる行事はある？,,,文化と季節の感覚を聞く。,,,,最終確認待ち
exp26-learning-0353,文化・宗教・歴史,1,1,,cultural_rhythm,一年の区切りは、暦以外にもあると感じる？,,,文化的な時間の持ち方を知る。,,,,最終確認待ち
exp26-learning-0354,文化・宗教・歴史,1,1,,cultural_rhythm,家族や地域で続けてきた季節の習慣を一度休むと、何が気になる？,,,日課一般ではなく、共同で続けてきた季節の実践が暮らしの区切りに持つ感覚を聞く。,,,,最終確認待ち
exp26-learning-0355,文化・宗教・歴史,1,1,,cultural_rhythm,祝うなら、にぎやかな場と静かな時間のどちらが好き？,,,祝祭の受け取り方を知る。,,,,最終確認待ち
exp26-learning-0356,文化・宗教・歴史,1,1,,cultural_rhythm,昔からの行事に新しい楽しみを足すなら、何をしてみたい？,,,習慣を変える関心を聞く。,,,,最終確認待ち
exp26-learning-0357,文化・宗教・歴史,1,1,,language_belonging,自分の地域の言葉で、好きな響きはある？,,,言語への身体的な愛着を聞く。,,,,最終確認待ち
exp26-learning-0358,文化・宗教・歴史,1,1,,language_belonging,別の言語でも、そのまま残したい言葉はある？,,,翻訳したくない言葉を知る。,,,conflict-007,最終確認待ち
exp26-learning-0359,文化・宗教・歴史,1,1,,language_belonging,誰かの話す速さが懐かしく感じることはある？,,,語りと居場所の感覚を聞く。,,,,最終確認待ち
exp26-learning-0360,文化・宗教・歴史,1,1,,language_belonging,名前の由来を聞くのは好き？,,,名に残る文化への関心を知る。,,,affection-006 / friendship-004,最終確認待ち
exp26-learning-0361,文化・宗教・歴史,1,1,,language_belonging,言葉にしにくい気持ちは、音や絵で伝えたい？,,,表現と感覚の関係を聞く。,,,,最終確認待ち
exp26-learning-0362,文化・宗教・歴史,1,1,,cultural_memory,古い建物では、どんな跡を見つけたくなる？,,,過去の生活への関心を聞く。,,,,最終確認待ち
exp26-learning-0363,文化・宗教・歴史,1,1,,cultural_memory,歴史を知るなら、一人の手紙と時代の地図のどちらから入りたい？,,,歴史理解の入口を知る。,,,,最終確認待ち
exp26-learning-0364,文化・宗教・歴史,1,1,,cultural_memory,子どもの頃の遊びを今やるなら、何が楽しそう？,,,遊びの文化の再体験を聞く。,,,,最終確認待ち
exp26-learning-0365,文化・宗教・歴史,1,1,,cultural_memory,身近な道具の作られた時代を知ると、見え方は変わる？,,,今使う身近な道具が作られた時代を知り、現在の使い方や見た目に歴史を感じるかを聞く。物の所有や消費の選択とは分ける。,,,,最終確認待ち
exp26-learning-0366,文化・宗教・歴史,1,1,,cultural_memory,昔話では、主人公以外の誰が気になる？,,,物語を読む視点を知る。,,,,最終確認待ち
exp26-learning-0367,文化・宗教・歴史,1,1,,creative_reception,同じ作品を繰り返し見る時、何を探している？,,,作品の反復の意味を聞く。,,,,最終確認待ち
exp26-learning-0368,文化・宗教・歴史,1,1,,creative_reception,作品を見た直後は、話したい？一人で味わいたい？,,,鑑賞後の余韻の好みを知る。,,,,最終確認待ち
exp26-learning-0369,文化・宗教・歴史,1,1,,creative_reception,題名を知らずに絵を見ると、印象は変わると思う？,,,説明と感覚の順序を聞く。,,,,最終確認待ち
exp26-learning-0370,文化・宗教・歴史,1,1,,creative_reception,音楽を聴く時、歌詞と音のどちらが先に残る？,,,作品の受け取り方を知る。,,,,最終確認待ち
exp26-learning-0371,文化・宗教・歴史,1,1,,creative_reception,分からない作品にも惹かれるのは、どんな時？,,,理解前の関心を聞く。,,,,最終確認待ち
exp26-learning-0372,文化・宗教・歴史,1,1,,craft_and_tradition,手で作られた物のばらつきを、どんなふうに感じる？,,,制作の跡への愛着を聞く。,,,romance-027,最終確認待ち
exp26-learning-0373,文化・宗教・歴史,1,1,,craft_and_tradition,伝統の技を一つ教わるなら、何を触ってみたい？,,,文化を身体で学ぶ関心を知る。,,,,最終確認待ち
exp26-learning-0374,文化・宗教・歴史,1,1,,craft_and_tradition,作る人の話を聞いてから物を見ると、何が変わる？,,,制作背景と鑑賞の関係を聞く。,,,,最終確認待ち
exp26-learning-0375,文化・宗教・歴史,1,1,,craft_and_tradition,古い道具を使うなら、使い方も受け継ぎたい？,,,物と知識の継承を聞く。,,,,最終確認待ち
exp26-learning-0376,文化・宗教・歴史,1,1,,craft_and_tradition,完成より作る途中を見たくなるのは、どんな作品？,,,制作過程への関心を知る。,,,,最終確認待ち
exp26-learning-0377,文化・宗教・歴史,1,1,,prayer_and_space,静かな祈りの場所では、どんな時間を過ごしたい？,,,信仰外からの場の感覚を聞く。,,,,最終確認待ち
exp26-learning-0378,文化・宗教・歴史,1,1,,prayer_and_space,何かを願う時、言葉にする？心の中に置く？,,,願いを表す形を知る。,,,,最終確認待ち
exp26-learning-0379,文化・宗教・歴史,1,1,,prayer_and_space,大切な日の前に、自分なりの習慣はある？,,,儀礼に近い日常の感覚を聞く。,,,,最終確認待ち
exp26-learning-0380,文化・宗教・歴史,1,1,,seasonal_symbols_and_connection,離れて暮らす大切な人と、同じ季節の行事の飾りを見ると、近くに感じる？,,,行事の象徴が離れた人とのつながりに持つ感覚を聞く。同じ物を見る一般の好みから文化的に共有する季節へ絞る。,,,,最終確認待ち
exp26-learning-0381,文化・宗教・歴史,1,1,,prayer_and_space,祈る人のそばにいるなら、どんな距離が落ち着く？,,,祈りを見守る感覚を聞く。,,,,最終確認待ち
exp26-learning-0382,文化・宗教・歴史,1,1,,cultural_places,旅先で知りたいのは、名所の歴史？普段の暮らし？,,,文化を見る関心を知る。,,,,最終確認待ち
exp26-learning-0383,文化・宗教・歴史,1,1,,cultural_places,故郷らしさを感じるのは、どんな音？,,,土地の文化の感覚を聞く。,,,support-004 / values-016,最終確認待ち
exp26-learning-0384,文化・宗教・歴史,1,1,,cultural_places,初めて見る習慣では、まず真似したい？見ていたい？,,,文化に近づく入口を知る。,,,,最終確認待ち
exp26-learning-0385,文化・宗教・歴史,1,1,,cultural_places,古い町並みを歩く時、残ってほしいと思う部分は？,,,景色の文化への愛着を聞く。,,,romance-029,最終確認待ち
exp26-learning-0386,文化・宗教・歴史,1,1,,cultural_places,他の地域の料理を食べると、誰の暮らしを想像する？,,,食文化からの想像を聞く。,,,,最終確認待ち
exp26-learning-0387,文化・宗教・歴史,1,1,,cultural_continuity,同じ歌でも、別の人が歌うと違う思い出になる？,,,文化の再演の感覚を聞く。,,,,最終確認待ち
exp26-learning-0388,文化・宗教・歴史,1,1,,cultural_continuity,昔からある物に自分の名前を残すなら、どんな形がいい？,,,継承への自己の関わりを知る。,,,contact-010,最終確認待ち
exp26-learning-0389,文化・宗教・歴史,1,1,,cultural_continuity,後の世代へ、一つだけ今の遊びを伝えるなら何？,,,残したい文化の価値を聞く。,,,,最終確認待ち
exp26-learning-0390,文化・宗教・歴史,1,1,,cultural_continuity,故郷を離れても、一人で続けたい地域の行事や習慣はある？,,,他の人と共有できない暮らしで、故郷の文化を続ける個人的な意味を聞く。説明の仕方の0428とは分ける。,,,,最終確認待ち
exp26-learning-0391,文化・宗教・歴史,1,1,,cultural_continuity,歴史の中に一日いられるなら、誰の普段の生活を見たい？,,,歴史に求める視点を知る。,,,,最終確認待ち
exp26-learning-0392,文化・宗教・歴史,2,2,,prayer_distance,家族が大切にする祈りへ誘われた。自分はその信仰を持たないが、一緒に過ごす時間は好き。参加、見守る、別の時間に会うなど、何がしっくりくる？,,,信仰と家族への敬意を分ける。,,religion-001 / relationship-137,,最終確認待ち
exp26-learning-0393,文化・宗教・歴史,2,2,,prayer_distance,大切な人があなたのために祈ってくれた時、同じ信仰がなくてもどう受け取りたい？,,,祈りを受ける感覚を聞く。,,,,最終確認待ち
exp26-learning-0394,文化・宗教・歴史,2,2,,prayer_distance,願いがかなった後も、願う時の習慣を続けたいと思う？,,,願いの結果と儀礼を聞く。,,,,最終確認待ち
exp26-learning-0395,文化・宗教・歴史,2,2,,prayer_distance,友達が静かに祈る時間を欲しいと言う。一緒の外出では、どんな過ごし方がしっくりくる？,,,身近な信仰実践への距離を聞く。,,,,最終確認待ち
exp26-learning-0396,文化・宗教・歴史,2,2,,ritual_interpretation,同じ祈りの言葉を、家族は願いをかなえるため、自分は感謝を伝えるために唱えるとする。込める意味が違っても、一緒の祈りと感じる？,,,0392の信仰を持たず祈りへ参加する距離から、共に祈る人同士が同じ言葉へ異なる意味を込める感覚へ変える。,,,,最終確認待ち
exp26-learning-0397,文化・宗教・歴史,2,2,,language_belonging,地元の言葉を知らない友達と話す時、言い換えることをどう感じる？,,,言葉を変える自分の感覚を聞く。,,,,最終確認待ち
exp26-learning-0398,文化・宗教・歴史,2,2,,language_belonging,祖父母の言い回しを若い人に笑われたら、自分は何を伝えたくなる？,,,言語の愛着を説明する意味を聞く。,,,,最終確認待ち
exp26-learning-0399,文化・宗教・歴史,2,2,,language_belonging,大切な気持ちを別の言語で言うと、少し言いやすくなると思う？,,,言語と感情の距離を聞く。,,,,最終確認待ち
exp26-learning-0400,文化・宗教・歴史,2,2,,language_belonging,地域の言葉を習いたい友達に、どんな言葉から伝えたい？,,,文化の入口に選ぶ語を知る。,,,,最終確認待ち
exp26-learning-0401,文化・宗教・歴史,2,2,,language_belonging,自分の名前を別の言語で呼びやすく変えると、どんな気持ちになりそう？,,,呼ばれる名と文化の感覚を聞く。,,,,最終確認待ち
exp26-learning-0402,文化・宗教・歴史,2,2,,inherited_practice,昔からの料理を手軽な材料で作ると、受け継いだと言えると思う？,,,継承で残す要素を聞く。,,,,最終確認待ち
exp26-learning-0403,文化・宗教・歴史,2,2,,inherited_practice,家族の行事を自分の生活に合わせて日を変えると、意味は変わる？,,,文化の時期への感覚を知る。,,,,最終確認待ち
exp26-learning-0404,文化・宗教・歴史,2,2,,inherited_practice,伝統の作法を間違えても楽しんだ人へ、何を伝えたい？,,,文化の入口と作法を聞く。,,,,最終確認待ち
exp26-learning-0405,文化・宗教・歴史,2,2,,inherited_practice,教わった技に自分の工夫を加えたら、教えた人へ見せたい？,,,継承後の創意を聞く。,,,,最終確認待ち
exp26-learning-0406,文化・宗教・歴史,2,2,,inherited_practice,行事の準備だけを担い、参加しない楽しみ方もありだと思う？,,,文化の参加形態を知る。,,,,最終確認待ち
exp26-learning-0407,文化・宗教・歴史,2,2,,shared_history,家族が語る昔の出来事と、本に書かれた説明が違う。まず何を聞きたくなる？,,,私的記憶と歴史記述を聞く。,,,,最終確認待ち
exp26-learning-0408,文化・宗教・歴史,2,2,,shared_history,昔の暮らしの展示で、自分の家にはなかった道具が並ぶ。何が気になる？,,,代表されない生活の記憶を聞く。,,,,最終確認待ち
exp26-learning-0409,文化・宗教・歴史,2,2,,shared_history,祖父母の話を記録するなら、聞きたいことと話したいことのどちらから始めたい？,,,語り手と聞き手の希望を聞く。,,,,最終確認待ち
exp26-learning-0410,文化・宗教・歴史,2,2,,shared_history,地元の歴史を知らない自分が、地元を大切にしていると言えると思う？,,,帰属と歴史知識を分ける。,,,,最終確認待ち
exp26-learning-0411,文化・宗教・歴史,2,2,,shared_history,学校で習った歴史を大人になって違う視点で知ると、何を感じる？,,,歴史理解の更新を聞く。,,,,最終確認待ち
exp26-learning-0412,文化・宗教・歴史,2,2,,creative_reception,好きな作品の作者の説明が、自分の受け取り方と違う。その解釈を変えたい？,,,作者と受け手の意味を聞く。,,,,最終確認待ち
exp26-learning-0413,文化・宗教・歴史,2,2,,creative_reception,作品の悲しい結末を友達が希望のある終わりと感じた。何を聞いてみたい？,,,感覚の違いからの会話を聞く。,,,,最終確認待ち
exp26-learning-0414,文化・宗教・歴史,2,2,,creative_reception,物語を途中まで読んで結末を知らないまま置くことに、満足できる？,,,作品との区切りを聞く。,,,,最終確認待ち
exp26-learning-0415,文化・宗教・歴史,2,2,,creative_reception,鑑賞の感想を点数で求められると、伝えたいことは変わる？,,,評価と感想の違いを聞く。,,,,最終確認待ち
exp26-learning-0416,文化・宗教・歴史,2,2,,creative_reception,一度好きになれなかった作品を、後から好きになる時は何が変わったと思う？,,,受け手の変化を知る。,,,,最終確認待ち
exp26-learning-0417,文化・宗教・歴史,2,2,,cultural_exchange,他の地域の祝い方を自分の暮らしに取り入れる時、何を知っておきたい？,,,文化を借りる関心を聞く。,,,,最終確認待ち
exp26-learning-0418,文化・宗教・歴史,2,2,,cultural_exchange,知らない習慣へ招かれたら、作法を先に調べたい？その場で聞きたい？,,,文化に参加する学び方を聞く。,,,,最終確認待ち
exp26-learning-0419,文化・宗教・歴史,2,2,,cultural_exchange,相手の大切な料理が自分の好みに合わない時、感想をどう伝えたい？,,,文化への敬意と感覚を聞く。,,,,最終確認待ち
exp26-learning-0420,文化・宗教・歴史,2,2,,cultural_exchange,友達に故郷を案内するなら、有名な場所より自分の思い出の場所を見せたい？,,,文化案内の自分の視点を聞く。,,,,最終確認待ち
exp26-learning-0421,文化・宗教・歴史,2,2,,cultural_exchange,別の地域で暮らすうちに習慣が変わったら、故郷へ帰る時はどう過ごしたい？,,,複数の文化の暮らしを聞く。,,,,最終確認待ち
exp26-learning-0422,文化・宗教・歴史,2,2,,cultural_symbols,地域の祭りで記念に受け取った器を、日常で使うと、特別さは増える？減る？,,,祭りの経験を残す品に、日常で使うことが加える意味を聞く。個人的な贈り物一般ではなく、文化の象徴と実用の関係を置く。,,,,最終確認待ち
exp26-learning-0423,文化・宗教・歴史,2,2,,cultural_symbols,地域の象徴を新しい図柄に変える話が出たら、何が残れば親しめる？,,,象徴を変える境界を聞く。,,,,最終確認待ち
exp26-learning-0424,文化・宗教・歴史,2,2,,cultural_symbols,皆が歌う歌を自分だけ知らない時、覚えたい気持ちは何から生まれる？,,,文化の共通知識への距離を聞く。,,,,最終確認待ち
exp26-learning-0425,文化・宗教・歴史,2,2,,cultural_symbols,祝う行事に思い入れがなくても、周りの喜びで参加したくなることはある？,,,自分以外の文化の感情を聞く。,,,,最終確認待ち
exp26-learning-0426,文化・宗教・歴史,2,2,,cultural_symbols,昔からの道具を飾るより使いたい時、傷が増えることをどう感じる？,,,文化の保存と使用を聞く。,,,,最終確認待ち
exp26-learning-0427,文化・宗教・歴史,2,2,,cultural_continuity,子どもの頃の遊びを今の子に教えたら、新しいルールを提案された。どう受け止める？,,,伝える側の変更への感覚を聞く。,,,,最終確認待ち
exp26-learning-0428,文化・宗教・歴史,2,2,,cultural_continuity,家族から受け継いだ季節の習慣を続けたいが、友達に意味を聞かれると言葉にできない。説明できないまま大切にしていることを、どう伝えたい？,,,受け継いだ実践の意味を言葉にしにくい時、経験や感覚で文化への愛着を渡す方法を聞く。一人で続ける0390とは、他の人へ伝える日常の場面を分ける。,,,,最終確認待ち
exp26-learning-0429,文化・宗教・歴史,2,2,,cultural_continuity,祭りの音が懐かしい人と落ち着かない人がいたら、どんな話をしてみたい？,,,同じ文化への感覚の違いを聞く。,,,,最終確認待ち
exp26-learning-0430,文化・宗教・歴史,2,2,,cultural_continuity,昔の歌を新しい演奏で聴くと、何が残っていれば同じ歌だと感じる？,,,文化の同一性の感覚を聞く。,,,,最終確認待ち
exp26-learning-0431,文化・宗教・歴史,2,2,,cultural_continuity,大切な作品を友達へ勧めた後、感想がなくても共有できたと感じる？,,,作品を渡す期待を聞く。,,,,最終確認待ち
exp26-learning-0432,文化・宗教・歴史,3,2,decision_maker,heritage_stewardship,文化財を保存するだけで使わない時、何を残せて何を失うと考える？,仮の場面です。傷みを避ける保存と、使う文化の継続は異なる。,,物と実践の保存を聞く。,,,,最終確認待ち
exp26-learning-0433,文化・宗教・歴史,3,2,decision_maker,heritage_stewardship,地域の伝統行事を短くするなら、どの部分を残すか誰が決めるべき？,仮の場面です。準備を担う人と参加する人の期待が違う設定。,,行事を縮める権限を聞く。,,,,最終確認待ち
exp26-learning-0434,文化・宗教・歴史,3,2,decision_maker,heritage_stewardship,伝統の技を学ぶ人が減った時、教える条件を広げることをどう考える？,仮の場面です。技の質と、担い手の入口を広げることを比べる。,,文化の継承への参入を聞く。,,,,最終確認待ち
exp26-learning-0435,文化・宗教・歴史,3,2,decision_maker,heritage_stewardship,古い建物の修復で新しい材料を使うなら、何を同じ姿として保ちたい？,仮の場面です。完全な再現が難しい架空の修復を考える。,,文化財の同一性を聞く。,,,,最終確認待ち
exp26-learning-0436,文化・宗教・歴史,3,2,decision_maker,heritage_stewardship,行事の録画を残せば、実際の参加が減っても文化を残せたと言える？,仮の場面です。記録を見られることと、その場で行う経験を分ける。,,記録だけの文化継承を聞く。,,,,最終確認待ち
exp26-learning-0437,文化・宗教・歴史,3,2,decision_maker,heritage_stewardship,誰でも見られる展示と、元の地域だけで使う文化財の居場所をどう考える？,仮の場面です。取得の合法性や保存能力を片側に固定しない。,,文化の公開と帰属を聞く。,,,,最終確認待ち
exp26-learning-0438,文化・宗教・歴史,3,2,decision_maker,heritage_stewardship,使われなくなった道具を、今の生活向けに変えて販売することをどう受け止める？,仮の場面です。元の用途と、制作技術を残す意味を区別する。,,実用を変える文化の継承を聞く。,,,,最終確認待ち
exp26-learning-0439,文化・宗教・歴史,3,2,decision_maker,heritage_stewardship,文化を守る人の生活を支えるため、行事に料金を設けることをどう思う？,仮の場面です。架空の運営費で、商業化と継続を比較する。,,文化の担い手と対価を聞く。,,,,最終確認待ち
exp26-learning-0440,文化・宗教・歴史,3,3,decision_maker,historical_narrative,町の歴史展示で、成功した人より普段の暮らしを中心にする意味をどう考える？,仮の場面です。有名な成果と、多くの人の生活は別の歴史の入口。,,歴史の主役の選び方を聞く。,,,,最終確認待ち
exp26-learning-0441,文化・宗教・歴史,3,3,decision_maker,historical_narrative,歴史資料の説明に、まだ解釈が分かれる部分をどれだけ載せたい？,仮の場面です。確認した出来事と、意味の解釈を分ける。,,展示に残す不確実さを聞く。,,,,最終確認待ち
exp26-learning-0442,文化・宗教・歴史,3,3,decision_maker,historical_narrative,記念碑の説明が現在の研究と違う時、碑を残して説明を足す方法をどう評価する？,仮の場面です。架空の記念碑で、物の来歴と現在の理解を考える。,,歴史認識の更新を聞く。,,,,最終確認待ち
exp26-learning-0443,文化・宗教・歴史,3,3,decision_maker,historical_narrative,地域が誇る人物の功績と、確認された加害を展示する時、何を結び付けて語るべき？,仮の場面です。功績が加害を消すことも、加害だけが生涯を表すことも前提にしない。,,複数の歴史的評価を聞く。,,,,最終確認待ち
exp26-learning-0444,文化・宗教・歴史,3,3,decision_maker,historical_narrative,一つの出来事に異なる家族の記憶がある時、展示の説明をどう組みたい？,仮の場面です。全ての記憶を同じ事実として扱わず、語りの位置を示す。,,記憶の複数性の展示を聞く。,,,,最終確認待ち
exp26-learning-0445,文化・宗教・歴史,3,3,decision_maker,historical_narrative,歴史の語りを子ども向けに短くする時、どんな複雑さは残したい？,仮の場面です。理解しやすさと、単純な善悪へ変えることを区別する。,,歴史を伝える簡略化を聞く。,,,,最終確認待ち
exp26-learning-0446,文化・宗教・歴史,3,3,decision_maker,historical_narrative,地名の由来に不確かな説が複数あるなら、案内板ではどう伝えるべき？,仮の場面です。どれか一つが確認されたとは置かない。,,身近な歴史の確かさを聞く。,,,,最終確認待ち
exp26-learning-0447,文化・宗教・歴史,3,3,decision_maker,historical_narrative,展示に使った家族の記録を、公開後に家族が返してほしいと言う。何を確認したい？,仮の場面です。貸した記録と、公的な歴史の利用を分ける。,,歴史資料を預かる責任を聞く。,,,,最終確認待ち
exp26-learning-0448,文化・宗教・歴史,3,2,actor,language_preservation,話す人が少ない言葉を記録する時、語彙と話す場面のどちらを重く残したい？,仮の場面です。言葉の一覧と、人が使う文脈は別の資料。,,言語を残す単位を聞く。,,,,最終確認待ち
exp26-learning-0449,文化・宗教・歴史,3,2,actor,language_preservation,地域の言葉を教材にするなら、地域内の違いをどこまで見せるべき？,仮の場面です。一つの標準を作ると、別の話し方が見えにくくなる設定。,,地域語の多様さを聞く。,,,,最終確認待ち
exp26-learning-0450,文化・宗教・歴史,3,2,actor,language_preservation,少数の言語を共通語へ翻訳する時、分かりにくい語をそのまま残す意味をどう考える？,仮の場面です。伝わりやすさと、言葉に含む文化の感覚を比べる。,,翻訳で残す違いを聞く。,,,,最終確認待ち
exp26-learning-0451,文化・宗教・歴史,3,2,actor,language_preservation,昔の語りを保存する人が、話し手の言い間違いを直すことをどう思う？,仮の場面です。読みやすい文章と、実際の語りの形を分ける。,,語りの記録の編集を聞く。,,,,最終確認待ち
exp26-learning-0452,文化・宗教・歴史,3,2,actor,language_preservation,地域を離れた人が言葉を教える場合、今も暮らす人との違いをどう伝えるべき？,仮の場面です。語る経験の時点や生活環境が異なる。,,地域語を教える立場を聞く。,,,,最終確認待ち
exp26-learning-0453,文化・宗教・歴史,3,2,actor,language_preservation,同じ意味でも世代ごとに違う言い方を、教科書でどう並べたい？,仮の場面です。古い言い方だけを正しいとしない。,,言語の変化の継承を聞く。,,,,最終確認待ち
exp26-learning-0454,文化・宗教・歴史,3,2,actor,language_preservation,文化の言葉を商品名に使う時、元の使い手に何を確認すべき？,仮の場面です。法的な結論ではなく、意味と関わる人の希望を考える。,,言語を商業で借りる関係を聞く。,,,,最終確認待ち
exp26-learning-0455,文化・宗教・歴史,3,2,actor,language_preservation,話す人が記録の公開を望まない時、言葉を残す目的をどう見直す？,仮の場面です。保存の価値と、話し手の希望を同一視しない。,,言語保存の同意を聞く。,,,,最終確認待ち
exp26-learning-0456,文化・宗教・歴史,3,2,observer,prayer_and_publicness,複数の信仰の人が静かに過ごせる部屋に、どんな象徴を置くべき？,仮の場面です。一つの場に同じ意味を求めない架空の共同施設。,,共用の祈りの空間を聞く。,,,,最終確認待ち
exp26-learning-0457,文化・宗教・歴史,3,2,observer,prayer_and_publicness,祈りの行事を文化体験として紹介する時、信仰との違いをどう伝えたい？,仮の場面です。参加して楽しむことと、信念を持つことは別。,,信仰を体験として伝える意味を聞く。,,,,最終確認待ち
exp26-learning-0458,文化・宗教・歴史,3,2,observer,prayer_and_publicness,宗教の習慣を知らない来訪者へ、まず何を説明するべき？,仮の場面です。規則だけでなく、場を大切にする理由も考える。,,祈りの場の説明の入口を聞く。,,,,最終確認待ち
exp26-learning-0459,文化・宗教・歴史,3,2,observer,prayer_and_publicness,宗教を学ぶ授業で、信じる人と信じない人の経験をどう扱いたい？,仮の場面です。特定の信仰へ導く授業ではない設定。,,宗教理解の経験の幅を聞く。,,,,最終確認待ち
exp26-learning-0460,文化・宗教・歴史,3,2,observer,prayer_and_publicness,同じ行事を信仰と感じる人と家族の習慣と感じる人がいる。名称をどう紹介したい？,仮の場面です。同じ実践でも、関わる意味が異なる。,,儀礼の複数の意味を聞く。,,,,最終確認待ち
exp26-learning-0461,文化・宗教・歴史,3,2,observer,prayer_and_publicness,共同の追悼で、一つの祈りの形を使うなら、参加しない人の居場所をどう作りたい？,仮の場面です。追悼と信仰への参加を分けて考える。,,追悼の共通性と違いを聞く。,,,,最終確認待ち
exp26-learning-0462,文化・宗教・歴史,3,2,observer,prayer_and_publicness,祈りの言葉を展示する時、読むことと唱えることの違いをどう説明するべき？,仮の場面です。紹介がそのまま実践への参加にならないよう意味を考える。,,祈りの語の受け取り方を聞く。,,,,最終確認待ち
exp26-learning-0463,文化・宗教・歴史,3,2,observer,prayer_and_publicness,信仰の場で昔からの習慣を見直す時、変わらない部分を誰が語るべき？,仮の場面です。立場や世代によって大切な要素が違う設定。,,信仰実践の変化を聞く。,,,,最終確認待ち
exp26-learning-0464,文化・宗教・歴史,3,2,actor,creative_interpretation,作者が作品の正しい読み方を示すことは、鑑賞する人に何を与えると思う？,仮の場面です。作者の意図と、受け手の意味づけを別に考える。,,解釈の権限を聞く。,,,,最終確認待ち
exp26-learning-0465,文化・宗教・歴史,3,2,actor,creative_interpretation,作品を展示する時、作者の人生をどこまで説明したい？,仮の場面です。背景が理解を支える一方、作品だけを見る余地もある。,,作品と作者の関係を聞く。,,,,最終確認待ち
exp26-learning-0466,文化・宗教・歴史,3,2,actor,creative_interpretation,古い作品を今の価値観で読み直す説明は、元の時代の説明とどう並べたい？,仮の場面です。現在の評価と、制作された条件を区別する。,,作品の時代を越える読解を聞く。,,,,最終確認待ち
exp26-learning-0467,文化・宗教・歴史,3,2,actor,creative_interpretation,分かりにくい作品に説明を多く付けると、受け手の想像はどう変わると思う？,仮の場面です。解説が助けにも、読み方の固定にもなる設定。,,鑑賞を支える説明を聞く。,,,,最終確認待ち
exp26-learning-0468,文化・宗教・歴史,3,2,actor,creative_interpretation,途中で終わった作品を完成させて公開するなら、誰の判断と示すべき？,仮の場面です。元の作者の構想が全て確認できるとは置かない。,,未完の作品の作者性を聞く。,,,,最終確認待ち
exp26-learning-0469,文化・宗教・歴史,3,2,actor,creative_interpretation,作品の内容を現代向けに変えて上演する時、元の作品との関係をどう示したい？,仮の場面です。権利上の可否ではなく、改変を伝える表現を考える。,,再創作の来歴を聞く。,,,,最終確認待ち
exp26-learning-0470,文化・宗教・歴史,3,2,actor,creative_interpretation,一人の経験から作った作品を、地域の代表として紹介することをどう思う？,仮の場面です。一つの語りが全員の経験を代表しない。,,作品と集団の代表性を聞く。,,,,最終確認待ち
exp26-learning-0471,文化・宗教・歴史,3,2,actor,creative_interpretation,技術の上手さと心を動かす力を、作品の評価でどう扱いたい？,仮の場面です。二つの価値が一致しない架空の作品を考える。,,創作の評価基準を聞く。,,,,最終確認待ち
exp26-learning-0472,文化・宗教・歴史,3,2,decision_maker,cultural_exchange,他の文化の衣装を使う催しで、元の意味を説明するだけで十分だと思う？,仮の場面です。借りる人と使い続ける人の関係を考える。,,文化の引用の関わり方を聞く。,,,,最終確認待ち
exp26-learning-0473,文化・宗教・歴史,3,2,decision_maker,cultural_exchange,伝統の料理を別の地域へ紹介する時、材料を変えたことをどう伝えたい？,仮の場面です。作りやすさと、元の地域の味の説明を分ける。,,食文化の変化の表示を聞く。,,,,最終確認待ち
exp26-learning-0474,文化・宗教・歴史,3,2,decision_maker,cultural_exchange,地域の行事を観光向けに別の日にも行うと、何が続き何が変わると思う？,仮の場面です。収入の利点だけでなく、時期や実践の意味を考える。,,文化を再演する意味を聞く。,,,,最終確認待ち
exp26-learning-0475,文化・宗教・歴史,3,2,decision_maker,cultural_exchange,遠くの人にも参加できる文化講座で、地域の参加者の希望をどれだけ優先したい？,仮の場面です。文化の共有と、使い続ける人の学びを比べる。,,文化講座の参加者の範囲を聞く。,,,,最終確認待ち
exp26-learning-0476,文化・宗教・歴史,3,2,decision_maker,cultural_exchange,似た習慣を持つ地域同士が「元祖」を争う時、何を確かめ何を共有できると思う？,仮の場面です。起源を確認できるとは限らず、現在の実践も考える。,,文化の起源と共同性を聞く。,,,,最終確認待ち
exp26-learning-0477,文化・宗教・歴史,3,2,decision_maker,cultural_exchange,文化の紹介で珍しさを強調すると、普段の暮らしはどう見えそう？,仮の場面です。注目される特徴と、生活全体を区別する。,,文化を特別視する語りを聞く。,,,,最終確認待ち
exp26-learning-0478,文化・宗教・歴史,3,2,decision_maker,cultural_exchange,行事に参加しない住民も地域の一員と感じるために、何を共有できると思う？,仮の場面です。不参加を文化への拒絶と同一視しない。,,文化の参加と帰属を聞く。,,,,最終確認待ち
exp26-learning-0479,文化・宗教・歴史,3,2,decision_maker,cultural_exchange,文化の使い手が紹介の仕方に異議を出した時、主催者は何を確認して見直すべき？,仮の場面です。一つの意見だけが全員の希望とは限らない。,,文化紹介への異議を聞く。,,,,最終確認待ち
exp26-learning-0480,文化・宗教・歴史,3,2,decision_maker,cultural_time,消えた習慣を復活させる時、昔の姿と今の参加者の暮らしをどう比べたい？,仮の場面です。継続が途切れた架空の行事で、復元と再創造を考える。,,文化を再開する目的を聞く。,,,,最終確認待ち
exp26-learning-0481,文化・宗教・歴史,3,2,decision_maker,cultural_time,現在の暮らしを未来へ残す資料に、何を選ぶべき？,仮の場面です。特別な出来事だけで日常全体を代表しない。,,未来に残る現在の選択を聞く。,,,,最終確認待ち
exp26-learning-0482,文化・宗教・歴史,3,2,decision_maker,cultural_time,記念日を増やすことと、一つの日を深く考えることをどう比べる？,仮の場面です。社会的な記憶に使える時間を考える。,,記憶を保つ頻度を聞く。,,,,最終確認待ち
exp26-learning-0483,文化・宗教・歴史,3,2,decision_maker,cultural_time,古い写真の色を復元して見せるなら、どの部分が推定か分かるべき？,仮の場面です。文化的な見やすさと、資料としての確かさを分ける。,,歴史資料の再現の境界を聞く。,,,,最終確認待ち
exp26-learning-0484,文化・宗教・歴史,3,2,decision_maker,cultural_time,長く続いた行事を終える時、終了の記録には誰の声を残したい？,仮の場面です。終わることを失敗だけとせず、担った経験を考える。,,文化を終える記憶を聞く。,,,,最終確認待ち
exp26-learning-0485,文化・宗教・歴史,3,2,decision_maker,cultural_time,新しく作った習慣を伝統と呼べるようになるのは、何が共有された時だと思う？,仮の場面です。年数だけで文化の意味を定めない。,,伝統と呼ぶ条件を聞く。,,,,最終確認待ち
exp26-learning-0486,文化・宗教・歴史,3,2,decision_maker,cultural_time,過去の祭りを映像で見る世代と、体験した世代は何を話し合えると思う？,仮の場面です。記録と経験のどちらかが常に優れるとはしない。,,文化の記憶の世代間対話を聞く。,,,,最終確認待ち
exp26-learning-0487,文化・宗教・歴史,3,2,decision_maker,cultural_institutions,地域の美術館が来館者数以外の成果を示すなら、何を見たい？,仮の場面です。数に表れにくい対話や継続的な鑑賞も考える。,,文化施設の成果を聞く。,,,,最終確認待ち
exp26-learning-0488,文化・宗教・歴史,3,2,decision_maker,cultural_institutions,寄付者が自分の好きな作品の展示を希望する時、館の判断をどこまで独立させたい？,仮の場面です。架空の寄付条件で、支援と選定の関係を考える。,,文化支援の発言権を聞く。,,,,最終確認待ち
exp26-learning-0489,文化・宗教・歴史,3,2,decision_maker,cultural_institutions,初心者向けの説明を増やす展示で、詳しい人の楽しみをどう残したい？,仮の場面です。経験によって欲しい情報が違う設定。,,鑑賞経験の違いへの配慮を聞く。,,,,最終確認待ち
exp26-learning-0490,文化・宗教・歴史,3,2,decision_maker,cultural_institutions,貸し出した文化財が別の場所でよく使われている時、所有者の希望をどれだけ重く見る？,仮の場面です。貸借条件の法的結論でなく、今後の居場所を考える。,,文化財の所有と使用を聞く。,,,,最終確認待ち
exp26-learning-0491,文化・宗教・歴史,3,2,decision_maker,cultural_institutions,作品の展示を観客の感想で変えることを、どんな場合に望ましいと感じる？,仮の場面です。多数の好みに合わせることだけが目的ではない。,,鑑賞者が展示を変える範囲を聞く。,,,,最終確認待ち
exp26-learning-0492,文化・宗教・歴史,3,2,decision_maker,cultural_institutions,地域の文化の記録を集める施設が、寄贈を断る時、どんな説明をすべき？,仮の場面です。保管できる量が限られ、思い入れのある資料がある設定。,,文化記録を選ぶ責任を聞く。,,,,最終確認待ち
exp26-learning-0493,文化・宗教・歴史,3,2,decision_maker,cultural_institutions,文化講座に初めて来る人と長く支える人の意見を、どう聞き分けたい？,仮の場面です。継続の知識と、新しい人の入口への感覚は異なる。,,文化の場の参加経験を聞く。,,,,最終確認待ち
exp26-learning-0494,文化・宗教・歴史,3,2,decision_maker,cultural_institutions,展示を見た後に語り合う時間は、作品を理解するため以外に何の意味があると思う？,仮の場面です。同じ解釈へそろえることを目標にしない。,,鑑賞後の会話の価値を聞く。,,,,最終確認待ち
exp26-learning-0495,文化・宗教・歴史,4,3,affected,prayer_distance,家族の祈りが自分の支えでも、信じる気持ちは持てない。自分はその時間の何を大切にしている？,仮の場面です。参加の感情と、信念を持つことを同じにしない。,,信仰外の祈りの支えを聞く。,,,,最終確認待ち
exp26-learning-0496,文化・宗教・歴史,4,3,affected,prayer_distance,昔信じていた言葉を今は信じられないが、唱えると落ち着く。自分にとって何が残っている？,仮の場面です。信念の変化と、身体に残る習慣が並ぶ場面。,,信仰後に残る儀礼の意味を聞く。,,,,最終確認待ち
exp26-learning-0497,文化・宗教・歴史,4,3,affected,prayer_distance,大切な人が戻るよう願い続けても、もう会えないと分かったとする。祈っていた自分をどう受け止め、何を残したい？,仮の場面です。願いの実現を保証せず、喪失と祈りに置いた希望を考える。,,戻れない喪失の後の祈りを聞く。,,,,最終確認待ち
exp26-learning-0498,文化・宗教・歴史,4,3,affected,prayer_distance,別の信仰を持つ家族が、人生の大事な決断で自分のために祈っている。家族の希望とは違う道を選ぶ時、その祈りをどう受け取る？,仮の場面です。信仰への同意と、相手の思いへの感謝を分ける。,,祈りに込められた家族の期待を聞く。,,,,最終確認待ち
exp26-learning-0499,文化・宗教・歴史,4,3,affected,prayer_distance,共同の追悼で、選ばれた祈りが自分には合わない。亡くなった人を思う時間をどう持ちたい？,仮の場面です。不参加が追悼への拒否ではないという場面を考える。,,追悼の共通形式への距離を聞く。,,,,最終確認待ち
exp26-learning-0500,文化・宗教・歴史,4,3,affected,prayer_distance,信仰の場を離れると大切な仲間とも会いにくくなる。信じることと所属をどう分けたい？,仮の場面です。離れる理由の開示は求めず、関係の継続を考える。,,信仰を変える帰属の感覚を聞く。,,,,最終確認待ち
exp26-learning-0501,文化・宗教・歴史,4,3,affected,prayer_distance,自分の人生を支えてきた祈りが、他の人には気軽な文化体験として楽しまれる。大切な意味が共有されない時、何を知ってほしい？,仮の場面です。体験する人に悪意はない。実践への愛着と、異なる受け取りを考える。,,人生の支えが別の意味になる感覚を聞く。,,,,最終確認待ち
exp26-learning-0502,文化・宗教・歴史,4,3,affected,prayer_distance,家族を結ぶ行事を自分ができなくなり、家族も別々に暮らすようになった。形式が終わった後、何を同じ家族の時間として持ちたい？,仮の場面です。再開が容易ではない架空条件で、実践と関係の継続を分ける。,,終わった儀礼と家族の連続性を聞く。,,,,最終確認待ち
exp26-learning-0503,文化・宗教・歴史,4,3,affected,language_belonging,故郷の言葉が出にくくなった自分を、地域の一員ではないように感じる？,仮の場面です。話す頻度が減った設定で、帰属を能力だけで決めない。,,言語が薄れる自己像を聞く。,,,,最終確認待ち
exp26-learning-0504,文化・宗教・歴史,4,3,affected,language_belonging,家族の言語を学び直しても、子どもの頃の感覚は戻らない。何を取り戻したいと思う？,仮の場面です。学習の達成と、過去の関係の感覚は別。,,言語の学び直しと記憶を聞く。,,,,最終確認待ち
exp26-learning-0505,文化・宗教・歴史,4,3,affected,language_belonging,自分の故郷への思いを翻訳すると、大切な人には分かりやすくなるが別の意味になる。理解しきれない部分も抱えてもらいたい？,仮の場面です。相手は元の言語を学べない設定。全部伝わることだけを関係の条件にしない。,,親密な理解に残す言語の違いを聞く。,,,,最終確認待ち
exp26-learning-0506,文化・宗教・歴史,4,3,affected,language_belonging,故郷で自分の話し方をよそ者らしいと言われた。何を知ってもらえれば落ち着ける？,仮の場面です。帰属を一つの話し方で確定しない。,,変わった言葉と居場所を聞く。,,,,最終確認待ち
exp26-learning-0507,文化・宗教・歴史,4,3,affected,language_belonging,親が付けた名前を別の呼び方に変えたい。由来への愛着と今の自分をどう結び付ける？,仮の場面です。改名制度ではなく、呼ばれたい名の意味が主題。,,名にある継承と自己を聞く。,,,,最終確認待ち
exp26-learning-0508,文化・宗教・歴史,4,3,affected,language_belonging,自分が使う言葉が最後に近い世代だとしたら、残す責任をどれくらい感じる？,仮の場面です。実際の言語の統計ではなく、担い手が少ない仮定。,,少数言語の担い手の責任を聞く。,,,,最終確認待ち
exp26-learning-0509,文化・宗教・歴史,4,3,affected,language_belonging,大切な人が話していた言葉を理解できなかった。今学ぶことに、何の意味を置きたい？,仮の場面です。本人へ聞き直せない設定で、知る望みを考える。,,失われた語りへ近づく意味を聞く。,,,,最終確認待ち
exp26-learning-0510,文化・宗教・歴史,4,3,affected,language_belonging,暮らす地域の言葉で話せても、心の中では別の言葉を使う。どこに居場所を感じる？,仮の場面です。一つの言語だけが本当の自己とはしない。,,複数言語の内面の帰属を聞く。,,,,最終確認待ち
exp26-learning-0511,文化・宗教・歴史,4,2,affected,creative_reception,人生を支えた作品を今は好きになれない。当時の自分を支えた意味はどう残る？,仮の場面です。現在の好みが過去の経験を無効にするとはしない。,,作品への愛着の変化を聞く。,,,,最終確認待ち
exp26-learning-0512,文化・宗教・歴史,4,3,affected,creative_reception,自分の人生を支えた作品を、作者は違う意味だと言う。当時の自分が救われた読み方を、誤りだったと感じる？,仮の場面です。作者の意図と、受け手が経験した支えは別。どちらを偽物ともしない。,,人生を変えた解釈の権限を聞く。,,,,最終確認待ち
exp26-learning-0513,文化・宗教・歴史,4,2,affected,creative_reception,家族と共有した歌を一人で聴くとつらい。作品から離れることをどう受け止めたい？,仮の場面です。悲しみの進み方を一つにせず、触れる時期を考える。,,文化作品と喪失への距離を聞く。,,,,最終確認待ち
exp26-learning-0514,文化・宗教・歴史,4,3,actor,creative_reception,自分を救った物語を、次の人へ渡したくて読み継ぐ場を作った。「どこに救われたの？」と聞かれると、語りたくない自分の過去にも触れる。物語を渡すことと、自分の経験を話すことをどう分けたい？,仮の作品の共有です。本人の経験が物語を勧める理由ですが、その経験を公表する義務は置きません。作品だけを渡す、伝えられる部分だけ話す等も考えられ、共有する文化と本人の語る範囲を分けます。,,0511の今は好きでなくなった作品への愛着の変化から、人生を支えた物語を他者へ渡す際の自分の語りの境界へ変える。,,,,最終確認待ち
exp26-learning-0515,文化・宗教・歴史,4,3,affected,creative_reception,長く言葉にできなかった自分の経験が作品に描かれていた。見てもらえた安心と、自分だけの経験でなくなった感覚をどう持つ？,仮の場面です。実際の体験を告白せず、経験を表現される意味を考える。,,作品によって共有される深い自己を聞く。,,,,最終確認待ち
exp26-learning-0516,文化・宗教・歴史,4,3,affected,creative_reception,孤独な時に自分だけの居場所だった作品が、多くに知られた。皆と語れる嬉しさと、自分の支えを失う感覚をどう分ける？,仮の場面です。人気が作品そのものを失わせるとは置かず、私的な関係を考える。,,文化の私的な居場所の変化を聞く。,,,,最終確認待ち
exp26-learning-0517,文化・宗教・歴史,4,3,affected,creative_reception,自分の生き方を変えた作品を親しい人へ勧めたが、その人は傷ついたと言う。自分を支えたものと相手の経験をどう語り合う？,仮の場面です。同じ受け止めを求めず、作品を勧めた期待と責任を考える。,,親密な人と異なる文化の支えを聞く。,,,,最終確認待ち
exp26-learning-0518,文化・宗教・歴史,4,2,affected,creative_reception,自分の人生が止まったように感じた時から、物語の主人公がやり直す結末を待ち、少しずつ自分も歩いてきた。物語が未完のまま終わると分かった時、待ってきた希望をどう自分の人生へ渡したい？,仮の物語と受け手です。本人は主人公の先を待つことに希望を感じていましたが、自分自身も生活を変えてきたとします。作者の事情や完結の義務を断定せず、作品の結末を受け取れない時に本人の歩みへ残る意味を考えます。,,長年という期間だけでなく、自分が人生を動かしてきた希望と、待った物語の結末が来ないことの関係を聞く。,,,,最終確認待ち
exp26-learning-0519,文化・宗教・歴史,4,3,affected,cultural_memory,自分を家族につなぐ伝統だと思って続けた習慣が、親の代に新しく作られたと知った。受け継いだ自分の意味は変わる？,仮の場面です。起源の古さと、生活の中で持ったつながりを別に考える。,,自分を支えた伝統の来歴を聞く。,,,,最終確認待ち
exp26-learning-0520,文化・宗教・歴史,4,3,affected,cultural_memory,地元の歴史を知るほど誇りと重さの両方を感じる。故郷への愛着をどう持ちたい？,仮の場面です。特定の加害の告白を求めず、複数の歴史的意味を考える。,,歴史を含む地域への愛着を聞く。,,,,最終確認待ち
exp26-learning-0521,文化・宗教・歴史,4,3,affected,cultural_memory,家族に大切だった人の人生が、公の歴史にはほとんど残っていない。自分が語らなければ消えそうな暮らしに、どんな責任を感じる？,仮の場面です。記録の少なさを人生の価値と同一視せず、語り手の立場を考える。,,歴史に残らない身近な人生への責任を聞く。,,,,最終確認待ち
exp26-learning-0522,文化・宗教・歴史,4,3,affected,cultural_memory,自分の育った町が展示では「失われた暮らし」と呼ばれ、今の自分はそこにいないように感じる。何を歴史ではなく現在の声として伝えたい？,仮の場面です。生活が完全に終わったとは置かず、過去として代表される感覚を考える。,,展示で過去にされた自己の帰属を聞く。,,,,最終確認待ち
exp26-learning-0523,文化・宗教・歴史,4,3,affected,cultural_memory,育った町の行事が終わり、共に過ごした人も別々になった。今の自分は何を故郷に帰ることだと感じる？,仮の場面です。行事や場所が同じままではない架空条件で、帰属の意味を考える。,,戻れない文化の居場所を聞く。,,,,最終確認待ち
exp26-learning-0524,文化・宗教・歴史,4,3,affected,cultural_memory,家族が誇る歴史上の人物を、自分も生き方の手本にしてきた。別の人から違う評価を聞いた時、その人物を知り直すことは、自分が信じて生きた時間にどんな意味を持つ？,仮の歴史の受け止め方です。違う評価を直ちに事実の誤りや家族への攻撃とはせず、評価の根拠を確かめられる設定です。人物への評価と、その手本が本人の人生で果たしてきた意味を分けて考えます。,,何を調べたいかだけでなく、受け継いだ歴史の人物を手本に生きてきた自己の信念をどう知り直すかを聞く。,,,,最終確認待ち
exp26-learning-0525,文化・宗教・歴史,4,3,affected,cultural_memory,何世代も使ってきた道具を次へ渡すのは自分が最後かもしれない。使って傷めることと、使わず残すことのどちらに継承を感じる？,仮の場面です。同じ道具を使う担い手が少ない仮定で、実践の継続を考える。,,最後の担い手が残す文化を聞く。,,,,最終確認待ち
exp26-learning-0526,文化・宗教・歴史,4,3,affected,cultural_memory,別の地域での暮らしが長くなり、故郷の祝い方が自分には遠い。どう関わり続けたい？,仮の場面です。文化への距離の変化を拒絶だけと考えない。,,故郷の習慣と現在の距離を聞く。,,,,最終確認待ち
exp26-learning-0527,文化・宗教・歴史,4,3,actor,creative_authorship,自分の苦しさから作った作品が、他の人には希望の物語になった。分かってほしかったことが違っても、渡せたと感じる？,仮の場面です。受け手の解釈が作者の経験を否定したとは限らない。,,人生の表現を受け手へ手放す意味を聞く。,,,,最終確認待ち
exp26-learning-0528,文化・宗教・歴史,4,3,actor,creative_authorship,家族の経験を材料に、自分の人生の作品を作った。本人は自分の時間を奪われたと感じている。何を自分だけの物語として語れる？,仮の場面です。作品に事実の誤りはないが、経験を使う希望が違う。,,創作で他者の人生を借りる責任を聞く。,,,,最終確認待ち
exp26-learning-0529,文化・宗教・歴史,4,3,actor,creative_authorship,昔の作品は今の信念と違うが、誰かの人生を支えていると聞く。過去の自分を公に残す責任をどう考える？,仮の場面です。作品を消すことと、現在の考えを説明することを分ける。,,創作者の信念の変化と継続を聞く。,,,,最終確認待ち
exp26-learning-0530,文化・宗教・歴史,4,3,actor,creative_authorship,人生の長い時間をかけた作品が完成したが、作っていた時ほど生きている感じがしない。終えた自分は何を失い、何を得たと思う？,仮の場面です。成功や失敗の判定ではなく、制作の終わりが自己に持つ意味を考える。,,創作の目的を達成した後の自己を聞く。,,,,最終確認待ち
exp26-learning-0531,文化・宗教・歴史,4,3,actor,creative_authorship,自分の人生を描いた作品が故郷の代表になったが、そこに居場所を感じない人もいる。自分の愛着で誰の声を見えなくしたかと思う？,仮の場面です。一人の経験と集団全体を分け、作者に全員の代弁義務を負わせない。,,個人作品が文化を代表する責任を聞く。,,,,最終確認待ち
exp26-learning-0532,文化・宗教・歴史,4,3,actor,creative_authorship,自分の人生で解けなかった迷いを作品にしたが、分かる結論へ直せば多くへ届くと言われた。誰にどんな自分を渡したい？,仮の場面です。作品を理解する入口と、本人が未解決であることの意味を比べる。,,人生の迷いを創作に残す自由を聞く。,,,,最終確認待ち
exp26-learning-0533,文化・宗教・歴史,4,3,actor,creative_authorship,大切な一人へ届くため作った作品が広く評価されたが、その人は受け取れない。成功した自分をどう受け止めたい？,仮の場面です。相手が受け取れない理由の告白は求めず、制作目的と成果を考える。,,届かなかった相手と創作の成功を聞く。,,,,最終確認待ち
exp26-learning-0534,文化・宗教・歴史,4,3,actor,creative_authorship,人生を変えた最初の作品を作り直す機会があるが、直すと当時の自分の必死さは消える。今の自分は何を残したい？,仮の場面です。技術の向上と、その時だけの表現を別の価値として考える。,,過去の自己を再創作する意味を聞く。,,,,最終確認待ち
exp26-learning-0535,文化・宗教・歴史,4,3,actor,inherited_practice,家族の行事を自分が担う番になったが、同じ形では続けられない。何を変えて何を話したい？,仮の場面です。担う人の暮らしと、これまでの意味を考える。,,継承者の生活の条件を聞く。,,,,最終確認待ち
exp26-learning-0536,文化・宗教・歴史,4,3,actor,inherited_practice,生涯の師から教わった技を新しい形で続けたら、師は受け継がれなかったと感じた。恩と自分の表現をどう結び付ける？,仮の場面です。形を変えたことが技術の否定とは限らず、継承の意味が異なる。,,師への恩と創作の独立を聞く。,,,,最終確認待ち
exp26-learning-0537,文化・宗教・歴史,4,3,actor,inherited_practice,地域の言葉を子へ教えたいが、子は別の言葉で暮らしたい。自分は何を渡したい？,仮の場面です。言葉の維持を子の義務に固定しない。,,次の世代へ言語を渡す願いを聞く。,,,,最終確認待ち
exp26-learning-0538,文化・宗教・歴史,4,3,actor,inherited_practice,古い行事の役を自分だけが覚えている。やめたい気持ちを誰にどう話したい？,仮の場面です。担い手が少ないことと、本人の継続義務を分ける。,,唯一の継承者の退出を聞く。,,,,最終確認待ち
exp26-learning-0539,文化・宗教・歴史,4,3,actor,inherited_practice,故郷を離れ料理を通して文化を伝えてきたが、地元では「もう私たちの料理ではない」と言われた。自分が生きてきた文化を誰のものと感じる？,仮の場面です。材料や環境が変わった設定で、文化への帰属を一つに決めない。,,移動して育てた文化の自己像を聞く。,,,,最終確認待ち
exp26-learning-0540,文化・宗教・歴史,4,3,actor,inherited_practice,親が人生をかけた習慣を、自分は続けなかった。次の世代に語る時、その選択を親への拒絶と感じる？何を受け継いだと言える？,仮の場面です。実践をしないことと、親の人生への敬意を区別する。,,継承しなかった人生の納得を聞く。,,,,最終確認待ち
exp26-learning-0541,文化・宗教・歴史,4,3,actor,inherited_practice,自分が育った遊びを子へ伝えると、「この地域の子でいるには嫌でも覚えるの？」と聞かれた。受け継がせたい気持ちは何を子へ求めていた？,仮の場面です。遊びの好みだけで地域への帰属を決めず、文化を渡す期待を考える。,,文化の継承に込めた子への期待を聞く。,,,,最終確認待ち
exp26-learning-0542,文化・宗教・歴史,4,3,actor,inherited_practice,自分の文化を代表して教える役を頼まれたが、自分はその文化から距離を置いて生きてきた。どんな自分として話したい？,仮の場面です。所属や出自が、信じ方や知識を一律に決めるとは置かない。,,出自で文化代表にされる葛藤を聞く。,,,,最終確認待ち
exp26-learning-0543,文化・宗教・歴史,4,3,actor,historical_family,祖父母の人生を記録してきたが、自分が聞かなかったつらい時代の話がある。もう聞き直せない時、何を分からないまま残したい？,仮の場面です。推測を本人の事実として書かず、聞き手の選択の限界を考える。,family_conflict,家族史の語りで残る空白を聞く。,,,,最終確認待ち
exp26-learning-0544,文化・宗教・歴史,4,3,actor,historical_family,きょうだいと家族の歴史を書くと、自分が大切にした時代を相手は苦しいと覚えていた。同じ家族の物語を一つにしたい？,仮の場面です。記憶をどちらかだけの誤りと決めず、経験の違いを考える。,family_conflict,親密な家族の歴史の分裂を聞く。,,,,最終確認待ち
exp26-learning-0545,文化・宗教・歴史,4,3,actor,historical_family,先祖への愛着から地元の歴史を調べたが、誇りだけでは語れないと知った。調べ続けたい？,仮の場面です。自分に先祖の行為の責任を負わせる設定ではない。,family_conflict,家族史を知る望みの変化を聞く。,,,,最終確認待ち
exp26-learning-0546,文化・宗教・歴史,4,3,actor,historical_family,家族の記録を公へ渡せば、忘れられた暮らしを知ってもらえる。家族は家の中だけに残したい時、自分は誰へ何を返したい？,仮の場面です。資料の所有の法的結論ではなく、歴史へ参加する意味を考える。,family_conflict,家族の記憶を公的な歴史にする願いを聞く。,,,,最終確認待ち
exp26-learning-0547,文化・宗教・歴史,4,3,actor,historical_family,地元の歴史を書く自分は、家族の人生が見えなくなるのを怖く感じる。地域の物語に何を入れたいという願いなのだろう？,仮の場面です。資料を持つ人の関心だけで全体を代表しない。,family_conflict,歴史へ家族を残す私的な望みを聞く。,,,,最終確認待ち
exp26-learning-0548,文化・宗教・歴史,4,3,actor,historical_family,子どもへ家族の歴史を話す自分が、つらい部分を避けてきた。今はどこまで伝えたい？,仮の場面です。年齢に応じた説明と、語らないことで残る理解を考える。,family_conflict,家族史を渡す範囲を聞く。,,,,最終確認待ち
exp26-learning-0549,文化・宗教・歴史,4,3,actor,historical_family,自分が育った暮らしを「昔の生活」として案内する役になった。まだその文化で生きる自分は、何を過去にしたくない？,仮の場面です。懐かしい展示と、現在も続く実践を分ける。,family_conflict,歴史の案内役に残る現在の自己を聞く。,,,,最終確認待ち
exp26-learning-0550,文化・宗教・歴史,4,3,actor,historical_family,祖父母の手仕事を残したが、その技を継ぐ人は自分にもいない。記録だけが続くことを、何を守れた人生だと思える？,仮の場面です。資料の保存と、身体で行う技の継続は同じではない。,family_conflict,記録だけ残した継承の納得を聞く。,,,,最終確認待ち
exp26-learning-0551,文化・宗教・歴史,4,3,decision_maker,heritage_stewardship,自分は博物館の館長。大切に展示してきた文化財を、元の地域が祈りの場へ戻したいと言う。一般公開が終わるとしたら、何を重く見て手放すか決めたい？,仮の場面です。取得の違法性は置かず、公開終了は架空の条件。,,文化財への愛着と返還を聞く。,,r6-02-01-l3 / r6-02-01-l4,,最終確認待ち
exp26-learning-0552,文化・宗教・歴史,4,3,decision_maker,heritage_stewardship,人生をかけて続けた行事を自分が縮めると、担い手は休めるが大切な場面は消える。何を残した責任者でありたい？,仮の場面です。以前の形への愛着と、今の担い手の暮らしを比較する。,,文化を縮める継承者の自己像を聞く。,,,,最終確認待ち
exp26-learning-0553,文化・宗教・歴史,4,3,decision_maker,heritage_stewardship,自分が祈りを覚えた建物の修復を任された。古い形を残すと今の人は使いにくい。自分の記憶と次の人の祈りをどう比べる？,仮の修復の条件です。古い姿をそのまま保つことと、現在の人に使いやすく変えることを、この修復では両立できないとします。本人の祈りの記憶と、次の人が祈りを続けるための場所の意味を考えます。,,文化財の私的記憶と未来の実践を聞く。,,,,最終確認待ち
exp26-learning-0554,文化・宗教・歴史,4,3,decision_maker,heritage_stewardship,長年守った儀礼の道具を次の担い手は普段の生活で使いたい。大切に守った自分の時間を、どう手放して渡せる？,仮の場面です。傷みは避けられない仮定で、用途を変えることを破壊だけとしない。,,守った文化を他者に委ねる意味を聞く。,,,,最終確認待ち
exp26-learning-0555,文化・宗教・歴史,4,3,decision_maker,heritage_stewardship,展示を担う自分へ、生涯支えてくれた人が自分の作品を中心にしてほしいと言う。恩返しと公に渡す文化をどう分けたい？,仮の場面です。支援者からの希望があり、展示の目的に全ては合わない設定。,,文化施設の選定と私的な恩を聞く。,,,,最終確認待ち
exp26-learning-0556,文化・宗教・歴史,4,3,decision_maker,heritage_stewardship,行事を任された自分は、亡き師に古い技を本番で使い続けると約束した。若い担い手は行事を続けたいが、その技は記録だけにしたいと言う。自分の約束と、次の人が生きる行事をどう結び直したい？,仮の継承です。師との約束は本人が大切にしてきたものですが、次の担い手は技を使わずに行事を続けることを望む設定です。記録による継承を無意味とはせず、約束の形を守ることと、今の担い手へ文化を渡す責任を考えます。,,0552の担い手を休ませるため行事を縮める判断とは分け、本人が師へした約束を、次の人の異なる継承へどう結び直すかを聞く。技を守る余力の量だけにしない。,,,,最終確認待ち
exp26-learning-0557,文化・宗教・歴史,4,3,decision_maker,heritage_stewardship,故郷を離れた自分が文化を教える場を作ったが、地元の人は「私たちの場ではない」と感じる。誰のための継承だったと考え直す？,仮の場面です。教える内容の誤りは確定せず、場の目的と帰属が異なる。,,文化の場を作った移動者の責任を聞く。,,,,最終確認待ち
exp26-learning-0558,文化・宗教・歴史,4,3,decision_maker,heritage_stewardship,人生をかけて集めた文化の記録を後継者へ渡す。自分とは違う分類で語り直されても、何を受け継いだと感じたい？,仮の場面です。資料の保存と、解釈の固定を分けて考える。,,文化を後の人へ返す自律を聞く。,,,,最終確認待ち
exp26-learning-0559,文化・宗教・歴史,4,3,decision_maker,cultural_roles,家族をつないできた行事を決める自分に、子はその文化を背負いたくないと言う。家族であり続けることを何に置きたい？,仮の場面です。文化への参加と、家族の関係を同じ条件にしない。,,文化を継がない子と家族の意味を聞く。,,,,最終確認待ち
exp26-learning-0560,文化・宗教・歴史,4,3,decision_maker,cultural_roles,生涯親しんだ祈りの場を自分が引き継いだ。新しく来る人が増えると静かな日常は戻らない。誰の祈りの場を残したい？,仮の場面です。人を迎える意味と、長く実践した人の居場所を比べる。,,信仰の場を渡す人の喪失を聞く。,,,,最終確認待ち
exp26-learning-0561,文化・宗教・歴史,4,3,decision_maker,cultural_roles,自分は大切な人の追悼を任された。自分が支えられる祈りの形は、別の家族には合わない。何を共にし何を別にしたい？,仮の場面です。担当者自身の喪失への支えと、家族の異なる関わりを比べる。,,追悼を作る人の私的な支えを聞く。,,,,最終確認待ち
exp26-learning-0562,文化・宗教・歴史,4,3,decision_maker,cultural_roles,地域語を人生の支えとして教材にする自分に、若い人は今の言葉も残してほしいと言う。自分が守ろうとした文化をどう変えられる？,仮の場面です。古い言い方だけが正しいとはしない。教材が未来の使い方に関わる設定。,,言語を残す人の信念の更新を聞く。,,,,最終確認待ち
exp26-learning-0563,文化・宗教・歴史,4,3,decision_maker,cultural_roles,故郷の文化の紹介を任された自分は、そこでは苦しい経験もあった。誇りだけを期待される場で、どんな自分として語りたい？,仮の場面です。出自と、本人が持つ文化への感情を区別する。,,文化を代表する役と複雑な自己を聞く。,,,,最終確認待ち
exp26-learning-0564,文化・宗教・歴史,4,3,decision_maker,cultural_roles,自分が育った祭りを次の世代へ渡す時、若い担い手は象徴だった音をなくしたいと言う。形を失っても継いだと言えるものは何？,仮の場面です。騒音規制ではなく、祭りの意味を変えていく権限を考える。,,象徴を手放す文化の継承を聞く。,,,,最終確認待ち
exp26-learning-0565,文化・宗教・歴史,4,3,decision_maker,cultural_roles,自分の人生を支えた作品の会を主催したが、参加者はその作品の価値観で傷ついたと話す。居場所を作った自分は、何を受け止め直したい？,仮の場面です。作品の受け取りを一致させず、場を作った責任と愛着を考える。,,文化の居場所の主催者の責任を聞く。,,,,最終確認待ち
exp26-learning-0566,文化・宗教・歴史,4,3,decision_maker,cultural_roles,長年続けた技を誰に渡すか決める自分。上手だが使い方を変えたい人と、同じ姿を守りたい初心者のどちらへ託したい？,仮の場面です。両方を同時に育てる時間はなく、後の文化の形を選ぶ責任がある。,,継承先を決める人生の時間を聞く。,,,,最終確認待ち
exp26-learning-0567,文化・宗教・歴史,4,3,decision_maker,public_history,自分は町の戦争史の展示担当。確認された資料に、祖父が他の地域の人を傷つけた記録がある。その遺族は名前を残してほしいと求め、家族は反対する。何を重く見て判断する？,仮の場面です。子孫に行為の責任を負わせず、公的記憶と家族への愛情を考える。,family_conflict,家族への愛情と歴史の責任を聞く。,,r6-09-05-l4 / r6-12-02-l3,,最終確認待ち
exp26-learning-0568,文化・宗教・歴史,4,3,decision_maker,public_history,自分を支えた人物の功績を、地域の年表で長く伝えてきた。その人の加害が資料で確認された時、年表を直すことは、自分が広めてきた語りへどんな責任を引き受けることだと感じる？,架空の地域史です。功績と加害の記録はどちらも確認されたとし、功績が加害を相殺するとはしません。本人が過去に功績だけを公に伝えてきたことと、愛着を持つ人物について今から説明し直す責任を考えます。,,0567の祖父の加害と家族の反対を展示する判断から、自分が先に広めた公の語りを訂正する責任へ変える。支えられた関係を家族の対立とはしない。,,,,最終確認待ち
exp26-learning-0569,文化・宗教・歴史,4,3,decision_maker,public_history,自分も生きた貧しい頃の暮らしを地域の展示へ残そうとしたら、家族は「思い出したくない」と言う。自分には今を生きる支えになった記憶を語ることと、同じ時間を生きた家族の望みをどう分けたい？,仮の展示と家族です。暮らしの経験は本人自身の記憶でもありますが、語れば家族の経験にも触れるとします。家族が忘れたい理由は断定せず、被害や加害の隠蔽の場面とは分け、共同の記憶を自分の声で残す範囲を考えます。,family_conflict,0567の祖父の加害を記録する責任ではなく、自分も経験した暮らしを公へ語る時、同じ時間を生きた家族の語りたくない希望とどう分けるかを聞く。,,,,最終確認待ち
exp26-learning-0570,文化・宗教・歴史,4,3,decision_maker,public_history,町の歴史を展示する自分へ、家族は町への誇りを守ってと言う。苦しい暮らしも見せると誇りが揺らぐなら、何を故郷の物語にする？,仮の場面です。地域への愛着と、複数の経験を残す責任を分ける。,family_conflict,故郷の歴史を作る家族の期待を聞く。,,,,最終確認待ち
exp26-learning-0571,文化・宗教・歴史,4,3,decision_maker,public_history,自分が誇りとして育った記念碑を管理する。説明の一部が資料と違うと確認された時、何を変え、何を愛着として残したい？,仮の場面です。物の来歴と現在の歴史理解が異なる架空の設定。,,自分の象徴の歴史を訂正する責任を聞く。,,,,最終確認待ち
exp26-learning-0572,文化・宗教・歴史,4,3,decision_maker,public_history,自分の家の記録が多く残ったため、地域展示は家族の歴史が中心になった。記録のない人を思う時、何を語れないまま示したい？,仮の場面です。資料の多さが生活の重要さを決めるとは限らない。,,歴史に残りやすい立場の責任を聞く。,,,,最終確認待ち
exp26-learning-0573,文化・宗教・歴史,4,3,decision_maker,public_history,生涯集めた歴史資料を次へ残す判断をする自分。誰にも読まれなかった声にも場所を使いたいのは、何を残すためだろう？,仮の場面です。保管には限りがあり、未来の関心も保証できない。,,報われない記録を未来へ託す意味を聞く。,,,,最終確認待ち
exp26-learning-0574,文化・宗教・歴史,4,3,decision_maker,public_history,自分の人生を未来へ残す箱を作る。家族は誇れる成果を望むが、自分は迷って生きた時間も伝えたい。誰にどんな自分を残す？,仮の場面です。自己の記録を公へ渡す架空の企画で、代表したい人生の姿を考える。,family_conflict,未来の歴史になる自己の表現を聞く。,,,,最終確認待ち
exp26-civic-0001,司法・安全・犯罪,1,1,,everyday_security,安心して歩ける道には、何があるといい？,,,安全を感じる手掛かりを聞く。,,,,最終確認待ち
exp26-civic-0002,司法・安全・犯罪,1,1,,everyday_security,落とし物を預けるなら、どんな窓口だと頼みやすい？,,,預け先への信頼の感覚。,,,,最終確認待ち
exp26-civic-0003,司法・安全・犯罪,1,1,,everyday_security,困った時に助けを呼べる場所を、普段どれくらい意識している？,,,助け先を知る安心の違い。,,,,最終確認待ち
exp26-civic-0004,司法・安全・犯罪,1,1,,everyday_security,「ここでは気を張らなくていい」と感じる場所はどんなところ？,,,安全と緊張の本人の感覚。,,,,最終確認待ち
exp26-civic-0005,司法・安全・犯罪,1,1,,everyday_security,人が多い道と静かな道、帰り道ではどちらに安心を感じる？,,,人の存在が安心に与える意味。,,,,最終確認待ち
exp26-civic-0006,司法・安全・犯罪,2,2,,everyday_security,夜道で後ろの人が気になる時、離れて歩くことを失礼だと感じる？,,,警戒と相手への配慮の境界。,,,,最終確認待ち
exp26-civic-0007,司法・安全・犯罪,2,2,,everyday_security,友達に「家まで着いたら知らせて」と言われたら、安心と負担をどう感じる？,,,防犯の見守りを受ける感覚。,,,,最終確認待ち
exp26-civic-0008,司法・安全・犯罪,2,1,,everyday_security,防犯のために店員が入口で全員に声をかける店は、入りやすい？,,,監視と歓迎の受け取り方。,,,,最終確認待ち
exp26-civic-0009,司法・安全・犯罪,2,1,,everyday_security,近所の見回りに誘われた。毎回は出られない時、どんな関わり方なら続けたい？,,,安全を担う日常の距離。,,,,最終確認待ち
exp26-civic-0010,司法・安全・犯罪,2,2,,negligence_and_repair,自分の不注意で共有物を壊した。弁償のほかに何ができると責任を果たした感じがする？,,,費用と責任の実感を分ける。,,,,最終確認待ち
exp26-civic-0011,司法・安全・犯罪,2,2,,negligence_and_repair,他人に物を壊され、新品を返された。でも大切な思い出は戻らない。謝罪をどう受け止める？,,,金額で戻らない損失の意味。,,,,最終確認待ち
exp26-civic-0012,司法・安全・犯罪,2,2,,apology_and_recovery,迷惑をかけた人が、理由を説明したいと言う。謝罪の前と後、どちらで聞きたい？,,,説明を言い訳と感じる条件。,,,,最終確認待ち
exp26-civic-0013,司法・安全・犯罪,2,2,,apology_and_recovery,謝ってもらった後にまだ怒っていたら、自分でも区切りをつけるべきだと思う？,,,謝罪と感情の回復の時間差。,,,,最終確認待ち
exp26-civic-0014,司法・安全・犯罪,2,2,,apology_and_recovery,被害を受けた友達が話題を変えた。聞き役として、こちらから続きを尋ねたい？,,,被害の語りを待つ感覚。,,,,最終確認待ち
exp26-civic-0015,司法・安全・犯罪,2,2,,reporting_and_testimony,店で誰かが会計せず持ち出したように見えた。確信がない時、店員に何を伝える？,,crime_and_punishment,見たことと推測を分ける基準。,,,,最終確認待ち
exp26-civic-0016,司法・安全・犯罪,2,2,,reporting_and_testimony,間違って疑われ、誤解は解けた。自分にだけ謝るのと周囲にも説明するのでは、何が違う？,,,疑いの後の名誉回復。,,,,最終確認待ち
exp26-civic-0017,司法・安全・犯罪,2,2,,reporting_and_testimony,友達から出来事の証人になってほしいと言われたが、細部は覚えていない。どこまで引き受けたい？,,,支えたい気持ちと記憶の限界。,,,,最終確認待ち
exp26-civic-0018,司法・安全・犯罪,2,2,,safety_and_dignity,入口で持ち物を調べるイベントでは、何を説明してもらえると納得しやすい？,,privacy_and_surveillance,手荷物確認を受ける安心。,,,,最終確認待ち
exp26-civic-0019,司法・安全・犯罪,2,1,,safety_and_dignity,人混みで友達とはぐれた。合流まで自由に探すのと決めた場所で待つのでは、どちらが安心？,,,安全の手順と自分の行動感覚。,,,,最終確認待ち
exp26-civic-0020,司法・安全・犯罪,2,2,,safety_and_dignity,防犯講習で不安な場面を細かく説明されると、役立つ感じと怖くなる感じのどちらが強い？,,,予防の情報を受ける負担。,,,,最終確認待ち
exp26-civic-0021,司法・安全・犯罪,2,2,,safety_and_dignity,店の防犯で自分だけ呼び止められ、誤解だと分かった。謝罪を受けても、なぜ自分が選ばれたのかを知りたい？ それはなぜ？,,,店へ戻る条件や周囲へ訂正を届ける範囲ではなく、誤解が解けた後にも自分が確認の対象に選ばれた理由を知りたいかという、説明への期待と尊厳を聞く。,,,,最終確認待ち
exp26-civic-0022,司法・安全・犯罪,2,2,,reintegration_and_contact,昔、物を盗んだと打ち明けた知人を、今どう知っていきたい？,,crime_and_punishment,過去を知った後の関係の入口。,,,,最終確認待ち
exp26-civic-0023,司法・安全・犯罪,2,2,,reintegration_and_contact,ルール違反で休んでいた人が活動に戻った。最初の集まりではどんな迎え方が自然だと思う？,,,復帰者を迎える日常の距離。,,,,最終確認待ち
exp26-civic-0024,司法・安全・犯罪,2,2,,reintegration_and_contact,一度盗まれた物と同じ品を買い直すのは、取り戻した感じがする？,,crime_and_punishment,回復を物の復元だけにしない。,,,,最終確認待ち
exp26-civic-0025,司法・安全・犯罪,2,2,,reintegration_and_contact,問題を起こした人の良い行動を見ても疑いが消えない時、その疑いをどう扱いたい？,,,信頼の更新の本人の基準。,,,,最終確認待ち
exp26-civic-0026,司法・安全・犯罪,2,2,,negligence_and_repair,共有物の破損を正直に話した人に、修理代を少なくする配慮はあっていいと思う？,,,正直さを責任に反映する感覚。,,,,最終確認待ち
exp26-civic-0027,司法・安全・犯罪,2,2,,reporting_and_testimony,騒ぎを撮った動画を渡してほしいと頼まれた。無関係の人も映っている時、何を気にする？,,privacy_and_surveillance,協力する記録の共有範囲。,,,,最終確認待ち
exp26-civic-0028,司法・安全・犯罪,2,2,,apology_and_recovery,相手の謝罪文を一人で読むのと、誰かに隣にいてもらって読むのでは、何が違う？,,,謝罪を受け取る場の意味。,,,,最終確認待ち
exp26-civic-0029,司法・安全・犯罪,2,1,,everyday_security,初めて来た人にも安全ルールを守ってほしい。注意されるならどんな言い方が受け入れやすい？,,,安全の説明を受ける感覚。,,,jealousy-012,最終確認待ち
exp26-civic-0030,司法・安全・犯罪,3,3,decision_maker,victim_recovery_services,被害を受けた人への支援で、捜査に協力する人だけを優先する仕組みをどう考える？,仮の支援制度。回復の必要性と事件解決への協力は一致しない場合がある。,crime_and_punishment,申告の有無と支援資格を分ける。,,sexual-crime-014,,最終確認待ち
exp26-civic-0031,司法・安全・犯罪,3,2,decision_maker,victim_recovery_services,被害者向け相談室の場所は、専門機関の中と普段使う施設の中なら何を基準に選びたい？,架空の設置計画。専門性への安心と、出入りを見られる不安を考える。,crime_and_punishment,支援へ足を運ぶ時の尊厳。,,,,最終確認待ち
exp26-civic-0032,司法・安全・犯罪,3,3,decision_maker,victim_recovery_services,盗難の被害支援で、損害額が大きい人と、損害額は小さくても暮らしに欠かせない物を失った人では、何を基準に優先を決めたい？,同じ予算で支援の順番を決める架空の場面です。損失の金額が大きい人と、失った物が通院や仕事などの生活に欠かせない人を比べます。どちらにも必要があり、金額だけで回復の困難さは決まりません。,crime_and_punishment,比較する二人の条件を明確にし、損害額と暮らしを続ける必要の違いを聞く。,,,,最終確認待ち
exp26-civic-0033,司法・安全・犯罪,3,3,decision_maker,victim_recovery_services,被害後の転居支援を設けるなら、危険が続く人だけでなく場所を変えたい人にも認めたい？,架空の給付。継続する危険と、その場所で暮らす苦痛を別に扱う。,crime_and_punishment,客観的危険と生活回復の差。,,,,最終確認待ち
exp26-civic-0034,司法・安全・犯罪,3,3,actor,victim_recovery_services,被害者が望む活動復帰と、支援者が考える休養が違う時、支援計画は誰を中心に決めたい？,仮の相談場面。復帰に必要な支えと、本人の選択に伴う不安を考える。,crime_and_punishment,支援による保護と回復の主体性。,,,,最終確認待ち
exp26-civic-0035,司法・安全・犯罪,3,3,decision_maker,victim_recovery_services,長く続く被害の影響に、支援制度の利用期間で区切りを付けるなら何を根拠にする？,架空の制度見直し。期間の管理と個人ごとの回復の速さが異なる。,crime_and_punishment,支援を終える時点の基準。,,,,最終確認待ち
exp26-civic-0036,司法・安全・犯罪,3,3,observer,victim_recovery_services,被害の相談を受ける人が同じ地域の住民だと、親しさと話しにくさをどう考える？,仮の相談員配置。地域を知る利益と私生活を知られる負担を比べる。,privacy_and_surveillance,相談員の近さへの信頼。,,,,最終確認待ち
exp26-civic-0037,司法・安全・犯罪,3,3,decision_maker,victim_recovery_services,加害者を特定できない事件でも、被害者への支援を同じ水準にすることをどう考える？,架空の支援案。責任者の特定と困りごとの存在を分けて考える。,crime_and_punishment,解決状況に左右されない回復。,,,,最終確認待ち
exp26-civic-0038,司法・安全・犯罪,3,3,decision_maker,victim_recovery_services,被害者団体への助成で、語りを広める事業と語らず休める事業を同じ基準で評価してよいと思う？,架空の助成。発信の成果として見えるものと、安心して過ごせる時間の価値を分ける。,crime_and_punishment,被害の語りを広めない支援の価値。,,,,最終確認待ち
exp26-civic-0039,司法・安全・犯罪,3,3,actor,victim_recovery_services,被害の影響を確認する面談は、毎回詳しく話してもらうことと負担を減らすことをどう両立したい？,架空の利用更新。状況把握の必要と語り直す負担を考える。,crime_and_punishment,回復の確認に伴う語りの負担。,,,,最終確認待ち
exp26-civic-0040,司法・安全・犯罪,3,3,actor,apology_and_restoration,加害者の謝罪を被害者へ届ける前に、受け取りたいかを誰がどう確認するのがよいと思う？,仮の仲介事業。謝罪する機会が相手の望む接触と一致するとは限らない。,crime_and_punishment,謝罪の到達と接触の同意。,,sexual-crime-014,,最終確認待ち
exp26-civic-0041,司法・安全・犯罪,3,3,decision_maker,apology_and_restoration,被害者が対面を望まず、加害者だけが対話を望む時、回復の事業は何を目標にすべきだと思う？,架空の対話事業。参加を強制せず責任を考える方法を探る。,crime_and_punishment,対話しない回復を認める。,,sexual-crime-014,,最終確認待ち
exp26-civic-0042,司法・安全・犯罪,3,3,decision_maker,apology_and_restoration,損害を返した人への処罰は、返せないが継続して謝罪する人とどう比較したい？,仮の処遇検討。資力と反省の表し方が同じではないことを考える。,crime_and_punishment,賠償能力と責任評価の差。,,,,最終確認待ち
exp26-civic-0043,司法・安全・犯罪,3,3,actor,apology_and_restoration,加害者の謝罪文を公開する事業では、被害者が掲載を望まない内容をどう扱いたい？,架空の広報。責任を示す公共性と相手の出来事を公開する負担を分ける。,crime_and_punishment / privacy_and_surveillance,謝罪が被害の公開にもなる点。,,,,最終確認待ち
exp26-civic-0044,司法・安全・犯罪,3,3,decision_maker,apology_and_restoration,「もう許した」と話す被害者と、厳しい処罰を求める家族がいる時、制度は何を重視すべきだと思う？,仮の事件。本人の気持ち、家族の損失、公的な責任は別の判断材料となる。,crime_and_punishment / family_conflict,本人と周囲の許しの差。,,justice-004,,最終確認待ち
exp26-civic-0045,司法・安全・犯罪,3,3,observer,apology_and_restoration,違法行為を止めた後も利益が残る人には、利益を手放すことまで反省の条件にしたい？,架空の責任評価。行動を止めることと過去の利益を戻すことを分ける。,crime_and_punishment,更生と残った利益の関係。,,,,最終確認待ち
exp26-civic-0046,司法・安全・犯罪,3,3,actor,apology_and_restoration,被害者と加害者が協力して地域活動を始めた時、周囲は和解の成功例として紹介してよいと思う？,仮の広報提案。協力の意味や、関係を公に説明したいかは当人により違う。,crime_and_punishment / privacy_and_surveillance,和解を外から意味付けする境界。,,,,最終確認待ち
exp26-civic-0047,司法・安全・犯罪,3,3,decision_maker,apology_and_restoration,責任を認めた人が謝罪の場で泣いた時、その感情を処遇の判断にどこまで入れたい？,架空の審査。感情の表現と行動の変化を同じ証拠として扱うか考える。,crime_and_punishment,見える感情への反省評価。,,,,最終確認待ち
exp26-civic-0048,司法・安全・犯罪,3,3,decision_maker,reintegration_conditions,刑を終えた人への住まいの支援では、期限を決めることと生活が安定するまで続けることをどう考える？,仮の支援事業。自立を促す期限と住居を失う不安を比べる。,crime_and_punishment,社会復帰の支えを終える条件。,,,,最終確認待ち
exp26-civic-0049,司法・安全・犯罪,3,3,actor,reintegration_conditions,社会復帰支援に参加した事実を雇用主へ知らせることは、安心と不利益のどちらにつながると思う？,架空の連携。支援を受ける情報が、評価と過去の特定の両方に使われうる。,crime_and_punishment / privacy_and_surveillance,更生の証明と記録の開示。,,justice-003 / sexual-crime-008,,最終確認待ち
exp26-civic-0050,司法・安全・犯罪,3,3,actor,reintegration_conditions,刑を終えた人が被害の現場の近くで暮らすことを望む時、転居の相談では誰の事情を聞きたい？,仮の帰住相談。本人の家族や仕事と、被害者の安心を確認する。,crime_and_punishment,帰る場所と被害者の生活圏。,,sexual-crime-012,,最終確認待ち
exp26-civic-0051,司法・安全・犯罪,3,3,actor,reintegration_conditions,更生の活動に被害者の話を使うなら、誰がどんな同意を取るべきだと思う？,架空の教材。再発防止に使う利益と、他人の被害を教材にする責任を考える。,crime_and_punishment,被害の語りの更生利用。,,,,最終確認待ち
exp26-civic-0052,司法・安全・犯罪,3,3,decision_maker,reintegration_conditions,支援を受けた元受刑者に、今度は後輩を支える役目を求めることをどう考える？,仮の支援団体。経験が役立つ期待と自分の生活を整える必要は両立しにくい場合もある。,crime_and_punishment,更生後に返礼を求める範囲。,,,,最終確認待ち
exp26-civic-0053,司法・安全・犯罪,3,3,observer,reintegration_conditions,以前の犯罪を知らない仲間と活動する人に、過去を自分から話す義務があると思う？,仮の市民活動。活動に必要な安全情報と本人の過去全体の開示を区別する。,crime_and_punishment / privacy_and_surveillance,日常の関係での開示の境界。,,,,最終確認待ち
exp26-civic-0054,司法・安全・犯罪,3,3,decision_maker,reintegration_conditions,元受刑者の家族への支援は、本人の更生とは別の事業として設けたい？,架空の事業計画。家族自身の負担と、本人を支える役割を切り分ける。,crime_and_punishment,家族を更生の手段にしない。,,sexual-crime-012,,最終確認待ち
exp26-civic-0055,司法・安全・犯罪,3,3,actor,reintegration_conditions,更生した人の成功を発信する時、犯罪の内容まで説明する必要があると思う？,仮の広報。変化を理解する情報と、被害者や本人を再特定する危険を考える。,crime_and_punishment / privacy_and_surveillance,更生物語に必要な過去の範囲。,,,,最終確認待ち
exp26-civic-0056,司法・安全・犯罪,3,3,decision_maker,reintegration_conditions,社会復帰の支援先で小さなルール違反があった時、支援の終了と修復の機会をどう判断したい？,仮の施設規則。違反の意味や反復、他の利用者への影響で判断が変わる。,crime_and_punishment,支援中の失敗への対応。,,,,最終確認待ち
exp26-civic-0057,司法・安全・犯罪,3,3,decision_maker,reintegration_conditions,被害者への賠償が残る人が学び直すことを、社会復帰支援でどこまで応援したい？,架空の予算配分。将来の生活を築く投資と今ある責任の順番を考える。,crime_and_punishment,賠償と再出発への投資。,,,,最終確認待ち
exp26-civic-0058,司法・安全・犯罪,3,3,decision_maker,evidence_and_fairness,捜査中の事情説明を、専門的な言葉が苦手な人にも分かる形にする費用をどう位置付けたい？,仮の手続設計。説明の速さと本人が理解して選べる状態を比較する。,crime_and_punishment,理解するための手続の支え。,,,,最終確認待ち
exp26-civic-0059,司法・安全・犯罪,3,3,observer,evidence_and_fairness,証人が「覚えていない」と言った部分を、他の証言から補う説明をどう評価したい？,仮の事実確認。分からない範囲を残すことと全体像を作ることを分ける。,crime_and_punishment,記憶の空白を扱う基準。,,sexual-crime-009,,最終確認待ち
exp26-civic-0060,司法・安全・犯罪,3,3,decision_maker,evidence_and_fairness,取り違えた情報で疑われた人への訂正は、元の説明と同じ範囲へ届かせるべきだと思う？,架空の誤情報。訂正の費用と失われた評判の回復を考える。,crime_and_punishment / privacy_and_surveillance,無実の訂正の届き方。,,,,最終確認待ち
exp26-civic-0061,司法・安全・犯罪,3,3,observer,evidence_and_fairness,通訳を介した証言で迷いや沈黙が省かれた時、内容が同じでも問題だと感じる？,架空の証言整理。言葉の意味と話し手の確信の度合いを分けて扱う。,crime_and_punishment,翻訳で残す不確実さ。,,,,最終確認待ち
exp26-civic-0062,司法・安全・犯罪,3,3,actor,evidence_and_fairness,事件の説明を一つの分かりやすい物語にまとめることは、どんな時に公平さを損なうと思う？,仮の説明文。読みやすさが矛盾や未確認の部分を隠す場合を考える。,crime_and_punishment,分かりやすさと事実の複雑さ。,,,,最終確認待ち
exp26-civic-0063,司法・安全・犯罪,3,3,decision_maker,evidence_and_fairness,重要な証拠をなくした組織には、なくした経緯を説明する以外に何を求めたい？,架空の管理事故。事件の判断とは別に、確かめる機会を失わせた責任を考える。,crime_and_punishment,証拠管理で失う検証の機会。,,,,最終確認待ち
exp26-civic-0064,司法・安全・犯罪,3,3,decision_maker,evidence_and_fairness,誤った目撃証言を訂正した人への支えを、手続の一部に設けることをどう考える？,仮の支援案。訂正を促すことと、最初の証言で生じた損害への責任を分ける。,crime_and_punishment,証言を直すための心理的条件。,,,,最終確認待ち
exp26-civic-0065,司法・安全・犯罪,3,3,actor,evidence_and_fairness,捜査の進捗がない時も被害者へ定期的に知らせることに、どんな意味があると思う？,架空の連絡体制。情報量が少なくても忘れられていない実感につながるか考える。,crime_and_punishment,解決以外の情報連絡の意味。,,,,最終確認待ち
exp26-civic-0066,司法・安全・犯罪,3,3,decision_maker,evidence_and_fairness,関係者が多い事件で、話が上手な人の説明が採用されやすい場面をどう是正したい？,仮の聞き取り。表現の滑らかさと確かな内容は別だと考える。,crime_and_punishment,語る能力と信頼評価の差。,,sexual-crime-009,,最終確認待ち
exp26-civic-0067,司法・安全・犯罪,3,3,observer,evidence_and_fairness,小さな被害の申告を記録する窓口に、解決を約束できなくても意味があると思う？,架空の相談窓口。蓄積や承認の価値と期待を持たせる責任を考える。,crime_and_punishment,解決しない記録への期待。,,,,最終確認待ち
exp26-civic-0068,司法・安全・犯罪,3,2,decision_maker,safety_and_authority,見回り担当者の服装は、目立つ方と普段着に近い方で安心の意味がどう変わると思う？,仮の地域活動。存在を知らせる安心と威圧感の違いを考える。,,安全を担う人の見え方。,,,,最終確認待ち
exp26-civic-0069,司法・安全・犯罪,3,3,decision_maker,safety_and_authority,全員に同じ荷物検査をする催しで、事情のある人の別室確認を認めることをどう考える？,架空の検査運用。手順の統一と、人前で見せない尊厳を両立させる。,privacy_and_surveillance,同じ検査と個別の尊厳。,,,,最終確認待ち
exp26-civic-0070,司法・安全・犯罪,3,3,decision_maker,safety_and_authority,危険な行為への注意を民間の見回りに任せるなら、どの権限は持たせない方がよいと思う？,仮の委託案。声掛け、追跡、情報収集の違いを考え、実在の権限は断定しない。,privacy_and_surveillance,見回りの権限の境界。,,,,最終確認待ち
exp26-civic-0071,司法・安全・犯罪,3,2,actor,safety_and_authority,安全への不安が強い地域で、犯罪件数が減ったと伝えるだけでは足りないと思う？,架空の地域説明。発生件数と毎日の安心の実感は異なる情報となる。,crime_and_punishment,数字と安全の実感の差。,,,future-013,最終確認待ち
exp26-civic-0072,司法・安全・犯罪,3,3,decision_maker,safety_and_authority,店の防犯で誤って呼び止めた回数も、安全対策の評価に入れたい？,仮の評価制度。盗難防止の成果と、疑われる側に生じる負担を比べる。,,予防の成功と誤警戒の費用。,,,,最終確認待ち
exp26-civic-0073,司法・安全・犯罪,3,3,decision_maker,safety_and_authority,防犯のために公園の夜間利用を制限するなら、そこで夜に休む人の事情をどう聞きたい？,架空の公園規則。利用制限で守られる人と行き場を失う人を考える。,,安全対策で失う場所。,,,,最終確認待ち
exp26-civic-0074,司法・安全・犯罪,3,3,observer,safety_and_authority,防犯活動の成果を「不審者への声掛け数」で評価することをどう思う？,仮の評価案。数えやすい活動と、無用に疑われない生活の価値を考える。,discrimination_and_hate,取り締まる数を成果とする問題。,,r6-01-02-l3,,最終確認待ち
exp26-civic-0075,司法・安全・犯罪,3,3,actor,safety_and_authority,安全の案内に怖い映像を使う時、注意を引く効果だけで採用してよいと思う？,架空の啓発。覚えてもらうことと視聴者の不安を増やすことを分ける。,crime_and_punishment,防犯の広報の感情的負担。,,,,最終確認待ち
exp26-civic-0076,司法・安全・犯罪,3,3,actor,safety_and_authority,公共施設で入館を断る時、理由を詳しく伝えることと職員を守ることをどう両立したい？,仮の危険対応。暴力が切迫していない場面で、説明を省く範囲を考える。,,安全対応の説明責任。,,,,最終確認待ち
exp26-civic-0077,司法・安全・犯罪,3,3,decision_maker,safety_and_authority,安全ルールを作る会議に、過去にそのルールで疑われた人を招く意義は何だと思う？,架空の改善会議。予防の運用と、その対象になる側の経験を合わせて考える。,,安全の対象者から学ぶこと。,,,,最終確認待ち
exp26-civic-0078,司法・安全・犯罪,3,3,decision_maker,punishment_and_limits,罰を受け終えた後の反省文の保管は、何を目的にどの期間まで残したい？,架空の組織内処分。再発防止の記録と評価が固定される負担を考える。,crime_and_punishment / privacy_and_surveillance,処罰後に残る反省の記録。,,,,最終確認待ち
exp26-civic-0079,司法・安全・犯罪,3,3,observer,punishment_and_limits,刑罰を決める場で被害の語りを聞くことと、語った人を回復させることは同じだと思う？,仮の制度評価。判断への情報提供と、当人にとっての意味を区別する。,crime_and_punishment,語りの手続上の役割と回復。,,justice-004,,最終確認待ち
exp26-civic-0080,司法・安全・犯罪,3,3,decision_maker,punishment_and_limits,長い刑に処する人の学びや趣味は、社会がどこまで支えるべきだと思う？,架空の施設予算。拘束の目的と日々を人として生きる条件を考える。,crime_and_punishment,収容中の生活の意味。,,,,最終確認待ち
exp26-civic-0081,司法・安全・犯罪,3,3,decision_maker,punishment_and_limits,同じ処分でも社会的な評判への打撃が違う時、その差を処分の重さに入れたい？,仮の責任評価。正式な制裁と周囲の反応は別で、差を測る難しさもある。,crime_and_punishment,制裁と社会的損失の合算。,,,,最終確認待ち
exp26-civic-0082,司法・安全・犯罪,3,3,decision_maker,punishment_and_limits,誤った処分を取り消す時、金銭の補償と公の名誉回復のどちらを先にすべきだと思う？,架空の誤処分。生活の立て直しと疑いを晴らす時間の必要を考える。,crime_and_punishment,訂正後の回復の優先順位。,,,,最終確認待ち
exp26-civic-0083,司法・安全・犯罪,3,3,observer,punishment_and_limits,厳しい罰の必要性を語る場に、刑を終えた人の体験を加えることをどう考える？,仮の公開討論。制度の影響を知ることと責任を軽く見ることを区別する。,crime_and_punishment,処罰を受けた側の声を聞く意味。,,,,最終確認待ち
exp26-civic-0084,司法・安全・犯罪,3,3,observer,punishment_and_limits,加害行為を止める支援を罰と同時に行う時、参加の動機が処分の軽減でもよいと思う？,仮の支援計画。最初の動機とその後の行動変化は同じではない。,crime_and_punishment,更生に求める動機の純粋さ。,,,,最終確認待ち
exp26-civic-0085,司法・安全・犯罪,3,3,actor,punishment_and_limits,事件の節目に社会が追悼することと、被害者の家族が静かに過ごすことをどう両立したい？,架空の式典。公共の記憶と当人のその日の過ごし方を分ける。,crime_and_punishment,事件の記憶と私的な時間。,,,,最終確認待ち
exp26-civic-0086,司法・安全・犯罪,3,3,decision_maker,punishment_and_limits,加害者が亡くなり責任を問えなくなった事件で、公的な事実確認を続ける意味をどう考える？,架空の事件。処罰の可能性と、出来事を確かめて残す必要を分ける。,crime_and_punishment,処罰できなくても残る確認の意味。,,,,最終確認待ち
exp26-civic-0087,司法・安全・犯罪,3,3,decision_maker,punishment_and_limits,同じ行為への罰を軽くした後、以前の重い処分を受けた人への見直しは必要だと思う？,仮の制度変更。新しい判断基準と、既に終えた負担への公平を考える。,crime_and_punishment,変わる基準と過去の制裁。,,,,最終確認待ち
exp26-civic-0088,司法・安全・犯罪,4,3,affected,victim_recovery_services,あなたは盗難の被害に遭い、損失は補われたが外出が怖い。周囲に「解決した」と言われる時、何がまだ残っていると伝えたい？,架空の被害後。金銭の回復と行動の自由が戻る時期は別に考える。,crime_and_punishment,被害が終わったとされる本人の感覚。,,,,最終確認待ち
exp26-civic-0089,司法・安全・犯罪,4,3,affected,victim_recovery_services,被害後の相談担当が代わる。もう一度説明すれば新しい視点も得られるが、話し直す気力がないあなたは何を望む？,仮の担当変更。引継ぎの範囲と新しい相手に直接話す機会を考える。,crime_and_punishment,再説明と関係を作り直す負担。,,,,最終確認待ち
exp26-civic-0090,司法・安全・犯罪,4,3,affected,victim_recovery_services,あなたは被害の支援を利用し始めた。「被害者として生きたくない」という気持ちがある時、支援とどんな距離を取りたい？,架空の利用場面。助けを受けることと自己像を一つに固定することは違う。,crime_and_punishment,支援を受ける自分の呼び方。,,,,最終確認待ち
exp26-civic-0091,司法・安全・犯罪,4,3,affected,victim_recovery_services,被害を受けたあなたは以前の活動に戻りたいが、仲間は心配して休むよう勧める。心配を受け取りながら何を自分で決めたい？,仮の復帰場面。安全への配慮と、本人が日常を取り戻す意味を考える。,crime_and_punishment,自分にとっての回復の選択。,,,,最終確認待ち
exp26-civic-0092,司法・安全・犯罪,4,3,actor,victim_recovery_services,あなたは被害者の相談員。自分も以前、話を途中で切られて苦しんだ。今の相談者の話を聞き続けると次の人を長く待たせる時、誰への責任をどう引き受けたい？,架空の担当者。自分の経験が支援の基準になることと、待つ別の人の切実さを考える。,crime_and_punishment,自分の傷を重ねる支援者の公平。,,,,最終確認待ち
exp26-civic-0093,司法・安全・犯罪,4,3,affected,victim_recovery_services,被害後の引越し費用を受けられるあなたは、場所を離れたい一方で日常を奪われた気もする。何を大切に住む場所を選びたい？,仮の支援利用。安全だけでなく、移動を自分の選択と感じられるかを考える。,crime_and_punishment,転居が回復か喪失かという感覚。,,,,最終確認待ち
exp26-civic-0094,司法・安全・犯罪,4,3,affected,victim_recovery_services,被害の経験を広報で話せば支援の利用が増えるかもしれない。頼まれたあなたは、誰のためなら話したいと思う？,仮の依頼。体験を伝える意義と、その後も語りが残る負担を考える。,crime_and_punishment / privacy_and_surveillance,被害を公共の語りにする動機。,,,,最終確認待ち
exp26-civic-0095,司法・安全・犯罪,4,3,decision_maker,victim_recovery_services,あなたは早期申請を重視する被害者支援制度を作った。遅れて来た人が「話せなかった間の苦しさも知って」と求めた時、自分の制度の何を守り何を変えたい？,仮の制度運用。自分が信じた基準と、その基準では拾えない回復の時間を考える。,crime_and_punishment,作った制度が誰かを外す責任。,,,,最終確認待ち
exp26-civic-0096,司法・安全・犯罪,4,3,affected,victim_recovery_services,被害を受けたあなたに家族が毎日様子を尋ねる。気遣いがうれしい日と苦しい日がある時、どんな支えを頼みたい？,仮の生活。経過を聞くことが、安心にも被害を思い出す機会にもなる。,crime_and_punishment,支えを受け取る頻度の変化。,,,,最終確認待ち
exp26-civic-0097,司法・安全・犯罪,4,3,affected,victim_recovery_services,あなたは被害者向けの集まりに参加したが、他の人の怒りの強さについていけない。自分の感じ方をどこに置きたい？,架空の集まり。似た経験でも感情や求める回復がそろうとは限らない。,crime_and_punishment,同じ被害の中で異なる感情。,,,,最終確認待ち
exp26-civic-0098,司法・安全・犯罪,4,3,affected,apology_and_restoration,あなたを傷つけた人から謝罪文が届いた。読むと相手の事情も知ってしまう。今読みたいかを何で決める？,仮の謝罪。責任を聞く機会と、自分の気持ちを守る時間を考える。,crime_and_punishment,謝罪を受け取る準備の感覚。,,,,最終確認待ち
exp26-civic-0099,司法・安全・犯罪,4,3,actor,apology_and_restoration,あなたは被害を受けた人へ謝罪したいが、相手は連絡を望まない。会えないまま責任を果たすとは、自分にとって何を意味する？,架空の修復。自分の区切りを得ることと、相手の境界を守ることを分ける。,crime_and_punishment,許しを得られない責任の持ち方。,,,,最終確認待ち
exp26-civic-0100,司法・安全・犯罪,4,3,affected,apology_and_restoration,大切な物を盗まれたあなたに加害者が全額を返した。相手を許さずに受け取ることに、どんな気持ちがある？,仮の賠償。受領、感情、関係を戻す判断は同じではない。,crime_and_punishment,賠償を和解と感じるかの差。,,,,最終確認待ち
exp26-civic-0101,司法・安全・犯罪,4,3,actor,apology_and_restoration,自分の行為で相手が長く働けなくなり、責任を判断する手続が続いている。被害回復の対話で何が起きたかを認めたいが、その言葉は手続の資料にもなる。自分を守ることと、相手へ説明する責任をどう結び付けたい？,架空の被害回復の場面です。相手は対話を望んでおり、ここでは対話での発言が進行中の責任判断の資料にもなる条件を置きます。実際の制度で常にこの扱いになるとはしません。自分の権利を守ること、起きた被害を説明すること、相手の回復に役立つことが同じ説明で満たされるとは限りません。,crime_and_punishment,一般的な友人への謝罪から分け、被害回復の対話と責任判断の手続の間で自分が説明を背負う葛藤を聞く。,,,,最終確認待ち
exp26-civic-0102,司法・安全・犯罪,4,3,actor,apology_and_restoration,あなたは対話による修復を信じて仲介を続けてきた。被害者が「会うことは自分の回復ではない」と言った時、相手を支えるために自分の信念をどう変えられる？,架空の仲介。自分が役立つと信じた方法と、本人が選ぶ回復を分ける。,crime_and_punishment,仲介者の信念を手放す葛藤。,,sexual-crime-014,,最終確認待ち
exp26-civic-0103,司法・安全・犯罪,4,3,affected,apology_and_restoration,あなたの家族は事件後に相手を許したが、あなたは今も怒っている。家族の回復を尊重することは、自分の怒りを隠すことになる？,架空の家族。本人と周囲の回復の時期や許しの意味が異なる。,crime_and_punishment / family_conflict,家族間でそろわない許し。,,,,最終確認待ち
exp26-civic-0104,司法・安全・犯罪,4,3,actor,apology_and_restoration,あなたは過去の加害を償う活動をしている。相手に知られなくても続ける意味は、自分にとって変わらない？,仮の責任の取り方。相手から評価されることと、自分の行動を変えることを分ける。,crime_and_punishment,見てもらえない償いの意味。,,,,最終確認待ち
exp26-civic-0105,司法・安全・犯罪,4,3,affected,apology_and_restoration,被害を受けたあなたは相手の更生を喜べず、そのことにも苦しさがある。どんな気持ちなら自分に許してよいと思う？,架空の受け止め。相手の変化を認めることと喜ぶことは別に考える。,crime_and_punishment,更生を歓迎できない本人の感情。,,justice-004,,最終確認待ち
exp26-civic-0106,司法・安全・犯罪,4,3,decision_maker,apology_and_restoration,あなたは修復活動の責任者。双方が話せても和解せず、和解数が少ないと資金が打ち切られそうだ。事業を守りたい自分は、何を成功と呼べる？,架空の評価。活動の継続への責任と、当人の回復を都合よく報告しない責任を考える。,crime_and_punishment,支援を守るために成果を意味付ける迷い。,,,,最終確認待ち
exp26-civic-0107,司法・安全・犯罪,4,3,affected,apology_and_restoration,盗難の被害を受けたあなたには、今も暮らしへの影響が残る。相手は謝らないまま、長年地域のために働いてきたと知った。相手の今の行動と、自分が出来事を認めてほしい気持ちを、どう受け止めたい？,架空の被害後の再評価です。地域のために働いてきたことと、過去の盗難を本人へ認める謝罪の言葉は別です。相手が変わったことを認めても、被害を受けた自分の暮らしへの影響や、言葉を求める気持ちが消えるとは限りません。許す、喜ぶ、謝罪を不要とする答えを要求しません。,crime_and_punishment,被害後の暮らしに残る影響を置き、相手の現在の行動と過去の出来事を言葉で認めてほしい自分の望みを聞く。,,,,最終確認待ち
exp26-civic-0108,司法・安全・犯罪,4,3,affected,reintegration_conditions,あなたは刑を終え、新しい人と知り合った。過去を話せば信頼が変わるかもしれない。関係のどの時点で何を伝えたい？,架空の出会い。安全に関わる事情と、自分を過去だけで見られる不安を考える。,crime_and_punishment / privacy_and_surveillance,再出発での自己開示の意味。,,,,最終確認待ち
exp26-civic-0109,司法・安全・犯罪,4,3,actor,reintegration_conditions,あなたは更生した人の住居支援を担い、自分の親族が家主として協力を申し出た。親族は過去を全部知りたいが本人は拒む。二人との信頼をどう守りたい？,架空の住居調整。家族への安心と、本人の情報を預かる責任が重なる。,crime_and_punishment / privacy_and_surveillance,自分の家族と支援する人への二重の信頼。,,,,最終確認待ち
exp26-civic-0110,司法・安全・犯罪,4,3,affected,reintegration_conditions,刑を終えたあなたは支援者から「次は他の人を助けて」と期待された。感謝していても、今は自分の生活に集中してよいと感じる？,架空の復帰後。支援への返礼と生活を作り直す時間の重さを考える。,crime_and_punishment,更生後の恩返しの負担。,,,,最終確認待ち
exp26-civic-0111,司法・安全・犯罪,4,3,actor,reintegration_conditions,あなたは更生支援の広報担当。長く支えた人の成功をうれしく紹介したが、被害者から苦しさを訴えられた。自分の喜びを否定せず、どんな責任を取りたい？,架空の広報後。支援の喜びと、その語りを受ける被害者の生活を考える。,crime_and_punishment / privacy_and_surveillance,支えた喜びが他者を傷つけた責任。,,justice-004,,最終確認待ち
exp26-civic-0112,司法・安全・犯罪,4,3,affected,reintegration_conditions,以前罪を犯したあなたに、故郷では歓迎されないかもしれない。別の場所で始めることと戻って責任を示すことをどう考える？,架空の帰住。生活を築く条件と、帰ることの自分なりの意味を比べる。,crime_and_punishment,再出発する場所と責任の感覚。,,,,最終確認待ち
exp26-civic-0113,司法・安全・犯罪,4,3,decision_maker,reintegration_conditions,あなたは支援施設の責任者。「失敗しても戻れる」と利用者へ約束したが、繰り返す違反で他の人が怖がっている。自分の約束をどこまで守りたい？,架空の施設。受け止める信念と、同じ場の人を守る責任が衝突する。,crime_and_punishment,戻れる約束を守る人の限界。,,,,最終確認待ち
exp26-civic-0114,司法・安全・犯罪,4,3,actor,reintegration_conditions,あなたの友人が刑を終えた。以前の関係に戻ってほしいと言われるが、自分には戸惑いがある。応援と親しさを分けてもよい？,仮の再会。生活を応援することと、関係を元に戻すことは異なる。,crime_and_punishment,更生の支持と個人的な距離。,,,,最終確認待ち
exp26-civic-0115,司法・安全・犯罪,4,3,decision_maker,reintegration_conditions,あなたは自分の地域で更生の事業を始めようとしている。身近な被害者が近くでは暮らせないと言い、別の場所では支援が届かない。自分が同じ地域で暮らす責任をどう感じる？,架空の設置。地域に残る支えと、その地域に住む被害者の生活を考える。,crime_and_punishment,自分の地域に支援を作る生活上の責任。,,,,最終確認待ち
exp26-civic-0116,司法・安全・犯罪,4,3,affected,reintegration_conditions,更生中のあなたは支援者に失敗を話すと失望されそうで言えない。信頼を守るには、自分のどの部分を見せたい？,仮の支援関係。良い報告を続ける安心と助けを求める必要を考える。,crime_and_punishment,支援を失う怖さと正直さ。,,,,最終確認待ち
exp26-civic-0117,司法・安全・犯罪,4,3,actor,reintegration_conditions,あなたは更生支援の寄付を集め、事業を続けられるか自分の説明にかかっている。うまくいかない事例も伝えるなら、支えてきた人の何を信じてほしい？,架空の資金集め。活動を守る焦りと、支援の難しさを隠さない責任を考える。,crime_and_punishment,自分の支援を信じてもらう誠実さ。,,,,最終確認待ち
exp26-civic-0118,司法・安全・犯罪,4,3,actor,reporting_and_testimony,あなたは事件を目撃したが、証言するため仕事を休む必要がある。協力したい気持ちと生活の負担をどう考える？,架空の依頼。証人の役割と、本人が負う時間や収入の費用を考える。,crime_and_punishment,証言協力の生活上の負担。,,,,最終確認待ち
exp26-civic-0119,司法・安全・犯罪,4,3,actor,reporting_and_testimony,親しい人が疑われ、あなたの記憶はその人に不利だ。細部に自信がない時、何をそのまま伝えたい？,架空の聞き取り。友情と記憶の確かさを分け、不明な点を残せるか考える。,crime_and_punishment,身近な人に不利な証言。,,,,最終確認待ち
exp26-civic-0120,司法・安全・犯罪,4,3,actor,reporting_and_testimony,あなたは目撃証言をした後、一部を勘違いしたと気付いた。疑われた人が既に評判を失った時、訂正する責任をどう感じる？,架空の誤認。情報の修正と既に起きた不利益の回復は別の仕事となる。,crime_and_punishment,訂正後も残る証言の責任。,,,,最終確認待ち
exp26-civic-0121,司法・安全・犯罪,4,3,actor,reporting_and_testimony,あなたは事件の通訳者。証人はあなたを唯一の理解者として信頼し、調査側は曖昧さを減らすよう求める。本人の言葉を分かりやすく直すことは、その信頼を裏切る？,架空の通訳。理解を助ける役割と、本人の確信を強めてしまう責任を考える。,crime_and_punishment,託された声を変える通訳者の信頼。,,,,最終確認待ち
exp26-civic-0122,司法・安全・犯罪,4,3,affected,reporting_and_testimony,被害を受けたあなたに「順番に話して」と求められるが、出来事を整理できない。相手にどんな理解の仕方を望みたい？,仮の聞き取り。話の整理と内容を確かめることは同じではない。,crime_and_punishment,語り方で信頼を測られる不安。,,,,最終確認待ち
exp26-civic-0123,司法・安全・犯罪,4,3,actor,reporting_and_testimony,あなたは聞き取り担当。長く支えてきた相談者が説明を変え、問い直すと信じてくれないのかと言う。相手への信頼と事実を確かめる責任を、自分はどう両立したい？,架空の確認。支える関係と、内容を確かめる役割は同じではない。,crime_and_punishment,関係を失う不安がある事実確認。,,,,最終確認待ち
exp26-civic-0124,司法・安全・犯罪,4,3,actor,reporting_and_testimony,あなたは事件の映像を撮っていた。提出に協力したいが、自分のいた場所も家族に知られたくない。何を守りながら協力したい？,架空の映像提供。証拠の内容と協力者の私生活を扱う範囲を考える。,crime_and_punishment / privacy_and_surveillance,証拠提供で明らかになる自分。,,,,最終確認待ち
exp26-civic-0125,司法・安全・犯罪,4,3,affected,reporting_and_testimony,あなたは誤って疑われた後、訂正文が出た。それでも周囲が以前の目で見る時、何があれば自分は区切りを付けられる？,仮の誤認後。公式の訂正と日常の関係が戻ることは別に考える。,crime_and_punishment,訂正後の名誉回復の実感。,,,,最終確認待ち
exp26-civic-0126,司法・安全・犯罪,4,3,actor,reporting_and_testimony,あなたは被害者への連絡係。解決すると励ましてきたが、捜査に進展がなく自分にも見通しがない。希望を支えたい時、どんな言葉なら責任を持てる？,仮の継続連絡。励ましの約束と、分からない現状を伝える誠実さを考える。,crime_and_punishment,自分の励ましを改める責任。,,,,最終確認待ち
exp26-civic-0127,司法・安全・犯罪,4,3,affected,reporting_and_testimony,事件を目撃したあなたの説明が、知らない人のSNSで広まった。事件解決に役立つとしても、自分の語りをどう扱ってほしい？,架空の拡散。証言協力と発言を広く公開することへの同意は別となる。,crime_and_punishment / privacy_and_surveillance,証言の公共利用への自分の境界。,,,,最終確認待ち
exp26-civic-0128,司法・安全・犯罪,4,3,actor,safety_and_authority,あなたは地域の見回りを誇りにしている。通行人から見られて怖いと言われ、自分の活動が誰かの不安になったと知った。これまでの善意をどう受け止め直す？,架空の見回り。守っている実感と、対象にされた人の緊張を分ける。,privacy_and_surveillance,誇りにした安全活動の意味の変化。,,,,最終確認待ち
exp26-civic-0129,司法・安全・犯罪,4,3,affected,safety_and_authority,あなたは店で誤って盗難を疑われた。店は安全のためだと説明する。再びその店へ行けるとしたら、何が変わっていてほしい？,架空の誤警戒。謝罪、手順、同じ扱いをされない見通しを考える。,,誤警戒後に戻る利用の安心。,,,,最終確認待ち
exp26-civic-0130,司法・安全・犯罪,4,3,decision_maker,safety_and_authority,あなたは地域の公園管理者。夜間閉鎖をすれば自分の安全責任は軽くなるが、そこで夜を過ごす人は行き場を失う。管理できる範囲と地域の人への責任をどう考える？,仮の公園運営。危険を減らすことと、管理外へ移る人の生活を分ける。,,自分の責任を減らして失われる居場所。,,,,最終確認待ち
exp26-civic-0131,司法・安全・犯罪,4,3,affected,safety_and_authority,あなたは安心のため入口の荷物検査を支持してきた。自分の私物を人前で見られたくない時、どんな確認なら受け入れられる？,架空の検査。対策の支持と、自分が対象になる時の尊厳を重ねる。,privacy_and_surveillance,自分が確認される側の境界。,,,,最終確認待ち
exp26-civic-0132,司法・安全・犯罪,4,3,actor,safety_and_authority,自分の見回りで危険のなかった住民を疑い、その人は外出を避けるようになった。親切なつもりだったと伝えたいが、謝れば自分の役目が終わるとも感じられない。相手の暮らしを戻すために、どこまで自分の責任として引き受けたい？,架空の見回り後の場面で、自分の誤った対応がその人の日常に残ったと分かった条件です。安全を守るつもりだった自分の説明と、相手が再び地域で過ごせるための回復を分けて考えます。どの見回りでも同じ結果が起きるとはしません。,privacy_and_surveillance,善意の自己評価の0128から分け、自分の対応で失われた他者の日常を回復する継続的な責任を聞く。,,,,最終確認待ち
exp26-civic-0133,司法・安全・犯罪,4,3,decision_maker,safety_and_authority,あなたは施設の責任者。職員はあなたが守ってくれると信じ、怖い印象の来館者を断るよう求める。具体的な危険はない時、職員の信頼を失っても何を確かめたい？,架空の対応。守る約束と、印象だけで他人を排除しない責任を考える。,,身近な職員への忠実さと公的な公平。,,,,最終確認待ち
exp26-civic-0134,司法・安全・犯罪,4,3,actor,safety_and_authority,あなたは防犯講習の講師。自分の被害経験を使って警戒を伝えたところ、参加者が外出できなくなったと知った。自分の経験を他人へ渡す責任をどう感じる？,架空の講習後。経験から学ぶ利益と、不安を共有してしまう影響を考える。,crime_and_punishment,自分の被害を教訓にする責任。,,,,最終確認待ち
exp26-civic-0135,司法・安全・犯罪,4,3,affected,safety_and_authority,あなたの子どもは一人で出かけたいが、あなたは事件の報道が気になる。自分の不安と子どもの自由をどう分けたい？,架空の家庭。身近にある危険と報道で強まった不安を確認する。,family_conflict / crime_and_punishment,親の安心のために狭める自由。,,,,最終確認待ち
exp26-civic-0136,司法・安全・犯罪,4,3,decision_maker,safety_and_authority,あなたは安全対策の担当者。成果を示せなければ職員の仕事が減るが、防いだ事件数は分からない。自分が率いてきた活動を、どんな根拠で続けたい？,仮の評価。担い手を守る責任と、活動量を安全の成果と混同しない誠実さを考える。,,自分の仲間の生活を負う成果報告。,,,,最終確認待ち
exp26-civic-0137,司法・安全・犯罪,4,3,affected,safety_and_authority,夜道で怖い経験をしてから、長く信頼してきた近所の人が後ろを歩く時も避けるようになった。相手は距離ができたと寂しがる。自分の安心を守ることと、大切にしてきた関係をどう考えたい？,架空の経験と関係を置いた問いで、実際の怖い経験を話す必要はありません。相手が危険だと分かった場面ではなく、自分の警戒が以前から大切にしてきた関係にも及ぶ条件です。親しさのために安全上の境界を外すことを正解としません。,,日常の失礼の判断の0006から分け、過去の怖さを抱えた自分が信頼する関係を保つ意味を聞く。,,,,最終確認待ち
exp26-civic-0138,司法・安全・犯罪,4,3,affected,punishment_and_limits,あなたは厳しい処罰を求めてきた被害者。刑が決まっても安心が戻らなかった時、これから何を必要と感じる？,架空の判決後。処罰で果たす責任と当人の生活の回復を分ける。,crime_and_punishment,罰の後にも残る回復の望み。,,,,最終確認待ち
exp26-civic-0139,司法・安全・犯罪,4,3,decision_maker,punishment_and_limits,あなたは誤った処分を決めた責任者。取消しは済んだが失った時間は戻せない。自分の責任はいつ終わると思う？,仮の誤処分。判断の訂正と当人が失った機会への対応を考える。,crime_and_punishment,誤処分を直した後の責任。,,,,最終確認待ち
exp26-civic-0140,司法・安全・犯罪,4,3,affected,punishment_and_limits,あなたは刑を終えた。友人から「これで全部終わった」と言われた時、まだ引き受ける責任と終えてよい責任をどう分ける？,架空の刑終了。正式な処罰、賠償、自分の罪悪感は別の時間を持つ。,crime_and_punishment,責任を終える本人の意味。,,,,最終確認待ち
exp26-civic-0141,司法・安全・犯罪,4,3,actor,public_mourning_and_personal_grief,犯罪の被害で親友を失ったあなたは、追悼行事を企画し、思い出を皆と分かち合いたい。遺族はその日は静かに過ごしたいと言う。自分の悲しみと、遺族が望む時間を、どう持ちたい？,架空の追悼です。親友を失った自分にも悲しみがあり、思い出を公の場で分かち合いたい望みがあります。遺族の当日の望みとは一致していない条件で、どちらかの悲しみを正しいと決めず、追悼を企画する役と自分の意味を考えます。,crime_and_punishment / medical_and_end_of_life,一般の式典調整から、親友を失った本人が公に思い出を分かち合う望みと遺族の時間を持つ意味へ深める。,,,,最終確認待ち
exp26-civic-0142,司法・安全・犯罪,4,3,decision_maker,punishment_and_limits,あなたは収容施設の予算担当で、自分の家族にも犯罪の被害がある。収容中の人の学びに費用を使うことを説明する時、どんな人生に価値を認めたい？,架空の担当者。家族の傷と、拘束された人の日々を支える公的な役目が重なる。,crime_and_punishment,身近な被害を持つ自分の公的判断。,,justice-004,,最終確認待ち
exp26-civic-0143,司法・安全・犯罪,4,3,affected,punishment_and_limits,あなたの大切な人が無実と分かった。本人は先へ進みたいが、あなたは責任者を追及したい。誰のために続けたいのか考える？,仮の誤認後。本人の区切りと家族の正義への望みは異なる場合がある。,crime_and_punishment / family_conflict,名誉回復後の家族の怒り。,,,,最終確認待ち
exp26-civic-0144,司法・安全・犯罪,4,3,actor,punishment_and_limits,あなたは反省を示す活動に参加している。処分の軽減を期待する自分もいる時、その動機をどう扱いたい？,仮の更生参加。利益を求める気持ちと行動を変える意味は共存しうる。,crime_and_punishment,混ざった動機で引き受ける責任。,,,,最終確認待ち
exp26-civic-0145,司法・安全・犯罪,4,3,decision_maker,punishment_and_limits,あなたは事件の判断に関わり、その結論を長く公に擁護してきた。新しい証拠で自分が誤った可能性を知った時、信頼を失っても何を言い直したい？,架空の再検討。自分の評価を守ることと、他人の人生を左右した責任を考える。,crime_and_punishment,自分の人生を支えた判断を訂正する。,,,,最終確認待ち
exp26-civic-0146,司法・安全・犯罪,4,3,affected,punishment_and_limits,あなたは被害者だが、加害者が亡くなってしまった。罰を求められなくても、何を公に確かめてほしいと思う？,仮の責任者死亡。処罰の不可能と出来事を記録する意味を考える。,crime_and_punishment,相手がいない回復への望み。,,,,最終確認待ち
exp26-civic-0147,司法・安全・犯罪,4,3,decision_maker,punishment_and_limits,あなたは過去に厳しい処分を主張し、今は軽い基準へ改める担当者。以前に処分した人が失った時間を訴えた時、自分の考えが変わったことにどんな責任を感じる？,架空の基準変更。新しい判断と、自分の主張で生じた過去の不利益を考える。,crime_and_punishment,考えを変えた人が過去を引き受ける責任。,,,,最終確認待ち
exp26-civic-0148,司法・安全・犯罪,4,3,observer,reporting_and_testimony,あなたは裁判を傍聴し、報道で想像した人物像と違うと感じた。まだ分からないことを残しながら、誰への見方を変えたい？,仮の傍聴。印象の変化は事実認定や被害の否定とは別に扱う。,crime_and_punishment,事件を外から見ていた自分の変化。,,,,最終確認待ち
exp26-civic-0149,司法・安全・犯罪,4,3,actor,reporting_and_testimony,あなたは事件の説明役で、被害者から語りを託されている。迷いを削ると読者は増えるが、本人の経験とは違ってしまう。どんな理解なら自分は広めたい？,架空の資料。読まれる量と本人から託された意味を保つことを考える。,crime_and_punishment,託された経験を売れる物語にしない責任。,,,,最終確認待ち
exp26-civic-0150,司法・安全・犯罪,4,3,affected,reporting_and_testimony,あなたは証言の場で聞かれるのが怖い。出来事を知ってもらいたい気持ちがあっても、何が整うまで待ちたい？,仮の協力依頼。協力への意思と準備が整った時点は別となる。,crime_and_punishment,話す意思と話せる条件の差。,,,,最終確認待ち
exp26-civic-0151,司法・安全・犯罪,4,3,actor,apology_and_restoration,あなたは被害者と加害者の共通の知人。双方から自分の話を相手へ伝えてほしいと頼まれた。どんな役目なら引き受けられる？,仮の仲介依頼。親しさと伝言で負う責任、専門的な支援の必要を分ける。,crime_and_punishment,身近な第三者が持つ仲介の境界。,,,,最終確認待ち
exp26-civic-0152,司法・安全・犯罪,4,3,actor,reintegration_conditions,あなたは更生支援を長く続け、再び問題を起こした人の被害者から責められた。支えた自分の責任をどこまで感じる？,架空の再犯後。支援する責任と本人の行為の責任を混同しない。,crime_and_punishment,支援後の行為を引き受ける感覚。,,,,最終確認待ち
exp26-civic-0153,司法・安全・犯罪,4,3,decision_maker,safety_and_authority,あなたは地域の防犯会議の責任者。自分を信頼する住民が、いつも疑われる人を招くのは怖いと言う。住民の安心に応えることは、誰の声を外すことになる？,架空の会議。自分に寄せられた期待と、対策の対象になる人の経験を考える。,discrimination_and_hate,信頼される自分が聞きたくない声を開く。,,,,最終確認待ち
exp26-civic-0154,司法・安全・犯罪,4,3,decision_maker,victim_recovery_services,あなたは被害者支援の予算担当。回復の早い人の実績なら予算を守れるが、長く苦しむ人を支える事業だと信じてきた。何を成果として引き受けたい？,架空の評価。自分の支援の信念と、続けるための評価の圧力を考える。,crime_and_punishment,支援を続けるために曲げたくない信念。,,,,最終確認待ち
exp26-civic-0155,司法・安全・犯罪,4,3,actor,exoneration_and_publicity,あなたは捜査機関の広報担当で、自分の発表から無実の人への疑いが広まった。名誉回復を大きく伝えたいが、本人は顔や名前をもう出したくないと言う。自分の誤りを訂正することと、本人の望む終わり方を、どう考える？,架空の誤った発表の後です。本人の無実は確認され、誤情報の訂正は必要だと分かった場面にします。訂正を大きく届ける価値と、再度特定されずに暮らしたい本人の希望を比べます。実在機関の広報義務を定めるものではありません。,crime_and_punishment / privacy_and_surveillance,同僚への私的な誤解の説明から、公の捜査発表で疑いを広めた自分が、名誉回復と本人の再露出しない希望を受け止める責任へ分ける。,,,,最終確認待ち
exp26-civic-0156,司法・安全・犯罪,4,3,affected,reintegration_conditions,刑を終えたあなたは支援を断りたいが、断ると危険視されそうだ。誰にも見守られずに暮らすことに、どんな意味がある？,架空の支援選択。支援の拒否と再犯の証拠を同じに扱わない。,crime_and_punishment / privacy_and_surveillance,支援から離れる再出発の自律。,,,,最終確認待ち
exp26-civic-0157,司法・安全・犯罪,4,3,observer,punishment_and_limits,あなたは事件の議論を見ている。厳しい罰に賛成するほど被害者に寄り添えると感じる時、その気持ちを何で確かめたい？,仮の受け止め。処罰への意見と本人が望む支えは一致するとは限らない。,crime_and_punishment,外から正義を語る自分の動機。,,,,最終確認待ち
exp26-civic-0158,司法・安全・犯罪,4,3,decision_maker,safety_and_authority,あなたは安全対策の導入を公に約束した責任者。導入後、事故は減ったが一部の人が日常を失ったと分かった。自分の成功を見直すなら何を認めたい？,架空の対策後。事故減少はこの場面の仮定で、残る生活上の不利益を考える。,,自分の成功からこぼれた生活への責任。,,,,最終確認待ち
exp26-civic-0159,社会・公共政策・環境,1,1,,belonging_and_isolation,初めて訪れた場所で「ここにいていい」と思えるのは、どんな時？,,,所属を感じる小さな手掛かり。,,,,最終確認待ち
exp26-civic-0160,社会・公共政策・環境,1,1,,belonging_and_isolation,誰とも話さずに過ごす時間は、どんな時に心地よい？,,,孤独と休息の本人の違い。,,,,最終確認待ち
exp26-civic-0161,社会・公共政策・環境,1,1,,belonging_and_isolation,よく会うけれど名前を知らない人がいることを、どう感じる？,,,薄いつながりの意味。,,,,最終確認待ち
exp26-civic-0162,社会・公共政策・環境,1,1,,receiving_public_help,案内係に声をかけるのと、案内を見て自分で探すのでは、どちらが落ち着く？,,,公共の手助けへの距離。,,,,最終確認待ち
exp26-civic-0163,社会・公共政策・環境,1,1,,receiving_public_help,知らないことを尋ねる時、どんな相手だと恥ずかしくなりにくい？,,,助けを求める安心。,,,,最終確認待ち
exp26-civic-0164,社会・公共政策・環境,1,1,,shared_living_conditions,自分の暮らしで「なくなると困る」と思う公共の場所はどこ？,,,公共の支えを感じる場。,,,,最終確認待ち
exp26-civic-0165,社会・公共政策・環境,1,1,,shared_living_conditions,自由に座れる場所があると、そこでどんな時間を過ごしたくなる？,,,買わずに居られる場所の価値。,,,,最終確認待ち
exp26-civic-0166,社会・公共政策・環境,1,1,,shared_living_conditions,行列で待つ間、順番が見えることと待ち時間が分かることのどちらが安心？,,,公共サービスを待つ感覚。,,,,最終確認待ち
exp26-civic-0167,社会・公共政策・環境,1,1,,recognition_and_labels,名前で呼ばれるのと番号で呼ばれるのでは、窓口でどちらが落ち着く？,,privacy_and_surveillance,扱いの親しさと匿名の安心。,,,,最終確認待ち
exp26-civic-0168,社会・公共政策・環境,1,1,,belonging_and_isolation,自分と違う年代の人と話すなら、何から聞いてみたい？,,,世代を越えて知りたいこと。,,,,最終確認待ち
exp26-civic-0169,社会・公共政策・環境,2,2,,receiving_public_help,無料の支援を勧められた時、まず内容と利用する理由のどちらを説明してもらいたい？,,,支援の提案を受ける順序。,,,,最終確認待ち
exp26-civic-0170,社会・公共政策・環境,2,2,,receiving_public_help,相談窓口で「よくあることです」と言われると、安心と軽く扱われた感じのどちらがある？,,,普通だと言われる受け止め。,,,,最終確認待ち
exp26-civic-0171,社会・公共政策・環境,2,2,,receiving_public_help,案内に「困っている人へ」と書いてあると、利用しやすい？ 別の書き方がいい？,,,支援対象の呼び方への感覚。,,,,最終確認待ち
exp26-civic-0172,社会・公共政策・環境,2,2,,receiving_public_help,公共の相談を予約したが、自分で解決できそうになった。行って話すことにも意味を感じる？,,,相談を問題解決だけにしない。,,,,最終確認待ち
exp26-civic-0173,社会・公共政策・環境,2,2,,receiving_public_help,相談員が親身に自分の体験を話してくれる時、どれくらい聞きたいと思う？,,,支援者の自己開示への距離。,,,,最終確認待ち
exp26-civic-0174,社会・公共政策・環境,2,2,,receiving_public_help,支援の申込みを誰かが代わりに書いてくれるなら、何は自分の言葉で残したい？,,,助けを受けながら保つ自分の声。,,,,最終確認待ち
exp26-civic-0175,社会・公共政策・環境,2,2,,receiving_public_help,公共の窓口で事情を話すなら、仕切りがある場所と個室では安心がどう違う？,,privacy_and_surveillance,相談の場の私的な境界。,,,,最終確認待ち
exp26-civic-0176,社会・公共政策・環境,2,2,,receiving_public_help,助けを受けた後に感想を頼まれたら、困った点もそのまま書けると思う？,,,感謝と批判を両立する感覚。,,,,最終確認待ち
exp26-civic-0177,社会・公共政策・環境,2,2,,receiving_public_help,「また困ったら来て」と言われるのと、次の面談日を決めるのでは、どちらが心強い？,,,支えが続く見通しの違い。,,,,最終確認待ち
exp26-civic-0178,社会・公共政策・環境,2,2,,receiving_public_help,手助けを受けていることを友人に話すなら、何を知ってほしいと思う？,,,支援を受ける自己像の説明。,,,,最終確認待ち
exp26-civic-0179,社会・公共政策・環境,2,1,,belonging_and_isolation,地域の集まりに毎回来るが話さない人を、どんな参加者だと感じる？,,,話さない所属の意味。,,,,最終確認待ち
exp26-civic-0180,社会・公共政策・環境,2,2,,belonging_and_isolation,誰でも入れる交流会で「一人にしてほしい」と言えることは大事だと思う？,,,つながる場で距離を取る自由。,,,,最終確認待ち
exp26-civic-0181,社会・公共政策・環境,2,2,,belonging_and_isolation,久しぶりに集まりへ行く時、欠席の理由を聞かれるとうれしい？ 聞かれず迎えてほしい？,,,戻る時の関心の受け方。,,,,最終確認待ち
exp26-civic-0182,社会・公共政策・環境,2,1,,belonging_and_isolation,食事会で一緒に食べることと、黙って同じ場所にいることには、どんな違いがある？,,,会話以外のつながり。,,,,最終確認待ち
exp26-civic-0183,社会・公共政策・環境,2,2,,belonging_and_isolation,近所で顔を覚えてもらうのは安心？ どんな時には知られずにいたい？,,privacy_and_surveillance,地域で見られる安心と境界。,,,,最終確認待ち
exp26-civic-0184,社会・公共政策・環境,2,2,,migration_and_belonging,地域に新しく来た人を迎える時、早く仲間になってほしいと思う？ 自分のペースを待ちたい？,,,迎える側が期待する近さ。,,,,最終確認待ち
exp26-civic-0185,社会・公共政策・環境,2,2,,migration_and_belonging,長く暮らす場所で「どこから来たの？」と繰り返し聞かれたら、どんな感じがする？,,discrimination_and_hate,出身を尋ねられる所属の感覚。,,,,最終確認待ち
exp26-civic-0186,社会・公共政策・環境,2,2,,migration_and_belonging,使い慣れない言葉で窓口を利用する人を手伝うなら、まず何を本人に確かめたい？,,,親切と本人の選択の境界。,,,,最終確認待ち
exp26-civic-0187,社会・公共政策・環境,2,2,,migration_and_belonging,新しい住民が地域の行事に来なくても、別の形で仲間だと感じられると思う？,,,参加頻度以外の帰属。,,,,最終確認待ち
exp26-civic-0188,社会・公共政策・環境,2,2,,shared_living_conditions,無料で休める場所で誰かが長く席を使っている時、どんな事情を想像する？,,,公共の滞在時間への感覚。,,,,最終確認待ち
exp26-civic-0189,社会・公共政策・環境,2,1,,shared_living_conditions,公共施設の予約が取れなかった。抽選で外れるのと先着に遅れるのでは納得が違う？,,,配分方法の受け止め。,,,,最終確認待ち
exp26-civic-0190,社会・公共政策・環境,2,2,,shared_living_conditions,皆が使う物の修理に寄付を募られた。よく使わなくても支えたいと思う理由はある？,,,利用と支える責任の距離。,,,,最終確認待ち
exp26-civic-0191,社会・公共政策・環境,2,2,,shared_living_conditions,公共サービスを使わず済んだ時、支えられていないと感じる？ 選べるだけでも支えだと思う？,,,利用しない保障の意味。,,,,最終確認待ち
exp26-civic-0192,社会・公共政策・環境,2,2,,recognition_and_labels,困っている人の体験談で「頑張っているから応援したい」と紹介されることを、どう感じる？,,,支援に求める努力の物語。,,,self-013 / study-010 / study-015,最終確認待ち
exp26-civic-0193,社会・公共政策・環境,2,2,,recognition_and_labels,支援の場で、利用者同士を名前で紹介し合うことと事情を知らずに過ごすことをどう考える？,,privacy_and_surveillance,同じ場で共有する私生活。,,,,最終確認待ち
exp26-civic-0194,社会・公共政策・環境,2,2,,recognition_and_labels,「一人暮らしなら寂しいでしょう」と気遣われたら、自分の暮らしをどう説明したい？,,,孤立を外から決められる感覚。,,,,最終確認待ち
exp26-civic-0195,社会・公共政策・環境,2,2,,intergenerational_responsibility,年上の人に「今の若い人は大変」と言われたら、理解された感じがする？,,,世代でひとまとめにされる共感。,,,,最終確認待ち
exp26-civic-0196,社会・公共政策・環境,2,1,,intergenerational_responsibility,別の年代の人と困りごとが違う時、共通する話題を探すことに意味を感じる？,,,世代差を知る交流の期待。,,,,最終確認待ち
exp26-civic-0197,社会・公共政策・環境,2,2,,volunteering_and_reciprocity,無料の手助けを頼む時、断りやすい言い方まで自分が考えるべきだと思う？,,,支援を求める側の配慮。,,,,最終確認待ち
exp26-civic-0198,社会・公共政策・環境,2,2,,volunteering_and_reciprocity,手助けした相手が自分の助言を使わなかった。役立てなかった感じと尊重したい気持ちはどうある？,,,支援の成果を手放す感覚。,,,,最終確認待ち
exp26-civic-0199,社会・公共政策・環境,3,3,actor,receiving_public_help,支援の利用者を集める広報で、苦しい体験を詳しく紹介することと利用の仕方を示すことをどう使い分けたい？,架空の広報。関心を集める目的と当人の経験が消費される負担を考える。,privacy_and_surveillance,支援の広報が語りを使う境界。,,,,最終確認待ち
exp26-civic-0200,社会・公共政策・環境,3,2,decision_maker,receiving_public_help,公的な相談で、必要な支援だけでなく本人が大切にする暮らしも聞く時間を設けたい？,仮の窓口設計。処理の速さと本人の望みに沿う支援を考える。,,困りごと以外の本人の望み。,,,,最終確認待ち
exp26-civic-0201,社会・公共政策・環境,3,2,decision_maker,receiving_public_help,一度断られた人が別の担当へ相談できる仕組みに、どんな意義と負担があると思う？,架空の相談制度。再検討の機会と担当ごとの判断差を考える。,,支援判断を一回で固定しない。,,economy-001,,最終確認待ち
exp26-civic-0202,社会・公共政策・環境,3,3,actor,receiving_public_help,支援の案内担当が、制度を理解した上で利用しないと決めた人に出会った。利用者数では成果にならない時、支援が役立ったかを何で確かめたい？,架空の支援事業です。ここでは説明が届かなかったのではなく、選択肢を理解した人が今回は利用しないと決めた条件を置きます。利用を増やす目標と、本人が自分で選べるようになったことを、案内する側がどう評価するか考えます。,,接触を続ける0223から分け、本人が理解して使わない選択をした後の支援の成果を聞く。,,,,最終確認待ち
exp26-civic-0203,社会・公共政策・環境,3,3,actor,receiving_public_help,相談内容を関係機関で共有する時、本人が話したくない部分をどう確認したい？,架空の連携。同じ説明を減らす利益と共有先を選ぶ必要を考える。,privacy_and_surveillance,支援の連携に伴う私生活の境界。,,,,最終確認待ち
exp26-civic-0204,社会・公共政策・環境,3,2,decision_maker,receiving_public_help,支援制度を分かりやすくするため、利用者を一つの呼び名にまとめることをどう考える？,仮の名称変更。案内の明確さと人を固定した像で見る影響を考える。,,制度の呼び名が作る自己像。,,,,最終確認待ち
exp26-civic-0205,社会・公共政策・環境,3,2,decision_maker,receiving_public_help,支援を受けた人に感想を求める時、担当者には見えない形で答える選択を設けたい？,仮の評価調査。率直さと担当が改善点を知る機会を両立する。,,恩義で言いにくい評価の条件。,,,,最終確認待ち
exp26-civic-0206,社会・公共政策・環境,3,3,decision_maker,receiving_public_help,支援する側が考える自立と、本人が望む生活が違う時、事業の目標をどう決めたい？,架空の支援計画。支えを減らすことだけを自立の意味にしない。,,自立の定義を決める主体。,,,,最終確認待ち
exp26-civic-0207,社会・公共政策・環境,3,2,decision_maker,reapplication_and_assessment_records,公的支援の利用を終えた人が、また申し込みに来た。前の審査記録を使って早く支えることと、新しい申請として今の事情を聞くことを、どう比べたい？,架空の再申請の場面です。前の記録を参照できる条件を置きますが、利用を終えていた間に暮らしや希望が変わった可能性があります。本人の了解や記録を使う範囲も確認する必要があります。手続を早く進めることと、前の事情で今の人を決めつけず聞くことを比べます。実際の公的制度の審査方法を述べるものではありません。,,担当交代の相性のcare-0083から分け、支援終了後の再申請で過去の審査記録と現在の事情を扱う判断を聞く。,,,,最終確認待ち
exp26-civic-0208,社会・公共政策・環境,3,2,actor,receiving_public_help,支援の対象外の人から相談された窓口は、案内だけでも続ける責任があると思う？,架空の事業範囲。給付の資格と話を聞く役割を分ける。,,制度の境界で途切れる相談。,,economy-001,,最終確認待ち
exp26-civic-0209,社会・公共政策・環境,3,3,decision_maker,minimum_living_conditions,公的支援で最低限の生活を考える時、楽しみや人との付き合いはどこに位置付けたい？,架空の給付設計。生存の費用と社会の中で暮らす費用を考える。,,最低限に含める生活の意味。,,,,最終確認待ち
exp26-civic-0210,社会・公共政策・環境,3,3,decision_maker,minimum_living_conditions,支援を食料などの現物で渡す方法と、使い道を本人が選べる方法をどう比較したい？,仮の給付案。届きやすさ、選択の幅、必要品の違いを考える。,,必需品を決める権限。,,,,最終確認待ち
exp26-civic-0211,社会・公共政策・環境,3,2,decision_maker,minimum_living_conditions,公共の休憩場所に買物をした人しか入れない時、代わりの場所を誰が整えるべきだと思う？,架空の地域。費用を負担せず休む必要と施設の維持を考える。,,消費をしない滞在の保障。,,,,最終確認待ち
exp26-civic-0212,社会・公共政策・環境,3,3,actor,minimum_living_conditions,支援の必要性を確認する時、家計の数字で見えることと見えないことは何だと思う？,仮の面談。収支以外の選べない負担や生活上の制約を考える。,privacy_and_surveillance,数字以外の困窮の理解。,,,,最終確認待ち
exp26-civic-0213,社会・公共政策・環境,3,3,decision_maker,minimum_living_conditions,必需品の公的支援で、安い品を指定することと本人に合う品を認めることをどう考える？,架空の調達。費用の節約と身体や暮らしによる違いを比較する。,,同じ品で満たせない必要。,,public-support-001,,最終確認待ち
exp26-civic-0214,社会・公共政策・環境,3,3,decision_maker,minimum_living_conditions,一人暮らしと複数人の世帯で同じ一人分の支援額にする時、何を公平の基準にしたい？,仮の給付設計。共有できる費用と人数によらない負担を分ける。,,世帯の形と生活費の公平。,,,,最終確認待ち
exp26-civic-0215,社会・公共政策・環境,3,3,observer,minimum_living_conditions,公的支援を受ける人の外出や旅行を、支援する側が評価することをどう思う？,架空の運用。暮らしの選択と支援の目的が関わる範囲を考える。,,受給後の生活への道徳評価。,,,,最終確認待ち
exp26-civic-0216,社会・公共政策・環境,3,3,decision_maker,minimum_living_conditions,生活を立て直す支援に、将来の備えを作る余裕まで含めたい？,仮の事業案。今の不足を埋めることと、次の困難に備えることを分ける。,,支援が保障する時間の幅。,,,,最終確認待ち
exp26-civic-0217,社会・公共政策・環境,3,3,decision_maker,minimum_living_conditions,資格の確認に時間がかかる支援で、確認中の生活を別に支える仕組みをどう考える？,架空の制度。誤った給付への対応と待てない生活の費用を比べる。,,判定を待つ時間の保障。,,,,最終確認待ち
exp26-civic-0218,社会・公共政策・環境,3,2,decision_maker,minimum_living_conditions,支援の窓口が遠い地域へ移動窓口を出す時、利用が少なくても続ける価値は何だと思う？,仮の配置計画。実際の利用数と必要な時に届く見通しを考える。,,利用実績以外のアクセスの価値。,,,,最終確認待ち
exp26-civic-0219,社会・公共政策・環境,3,2,actor,minimum_living_conditions,相談を終えた人に、後から困らなかったか尋ねる体制はどこまで必要だと思う？,仮の追跡連絡。継続の安心と利用後の私生活への干渉を分ける。,privacy_and_surveillance,支援後の確認の境界。,,,,最終確認待ち
exp26-civic-0220,社会・公共政策・環境,3,2,decision_maker,minimum_living_conditions,紙の申請と対面の申請を両方残す費用を、制度の便利さの一部と考えたい？,架空の窓口改編。異なる利用方法が必要な人の選択を考える。,,選べる申請方法の公共的価値。,,economy-001,,最終確認待ち
exp26-civic-0221,社会・公共政策・環境,3,3,decision_maker,belonging_and_isolation,孤立対策の事業を、知り合いの人数と困った時に頼れる相手の有無のどちらで評価したい？,仮の評価設計。つながりの多さと必要な支えがあることを区別する。,,つながりの量と安心の質。,,,,最終確認待ち
exp26-civic-0222,社会・公共政策・環境,3,2,observer,belonging_and_isolation,交流の場で話さない参加者を、事業の成果に含めたい？,架空の居場所事業。同席する意味が会話の回数には表れない場合を考える。,,沈黙の参加の公共的価値。,,,,最終確認待ち
exp26-civic-0223,社会・公共政策・環境,3,3,actor,belonging_and_isolation,孤立が心配な人への訪問を、断られても続ける条件は何だと思う？,仮の地域支援。安全を確認する責任と一人で過ごす意思を分ける。,,心配による接触を続ける境界。,,,,最終確認待ち
exp26-civic-0224,社会・公共政策・環境,3,2,decision_maker,belonging_and_isolation,相談ではなくただ居られる場に、公費を使う意味をどう説明したい？,架空の予算審査。問題を解決しない時間と後から頼れる関係を考える。,,解決を目的にしない居場所。,,,,最終確認待ち
exp26-civic-0225,社会・公共政策・環境,3,3,actor,belonging_and_isolation,孤立の支援で近所の人へ協力を求める時、対象者の事情をどこまで伝えたい？,仮の見守り体制。助けを求める情報と知られず暮らす意思を考える。,privacy_and_surveillance,地域につなぐための私生活の共有。,,,,最終確認待ち
exp26-civic-0226,社会・公共政策・環境,3,2,observer,belonging_and_isolation,利用者が支援者にもなれる居場所は、役割を固定する場と何が違うと思う？,架空の運営。対等さへの期待と支える負担の増加を考える。,,支えられる役割の固定をほどく。,,,,最終確認待ち
exp26-civic-0227,社会・公共政策・環境,3,2,actor,belonging_and_isolation,居場所の運営で、親しい常連と初めて来た人のどちらへ時間を使うか、何を基準にしたい？,仮の場づくり。安心する関係を保つことと入口を開くことを比較する。,,常連の安心と新しい入口。,,,,最終確認待ち
exp26-civic-0228,社会・公共政策・環境,3,2,actor,belonging_and_isolation,交流事業への参加を勧める時、参加しない理由まで聞いてよいと思う？,仮の案内。改善に必要な情報と断る時に説明しない自由を考える。,,つながりを断る説明の負担。,,,,最終確認待ち
exp26-civic-0229,社会・公共政策・環境,3,2,observer,belonging_and_isolation,支援の場を卒業した人が再び来ることを、後退と見るか関係の継続と見るかで何が変わる？,仮の事業評価。再利用の意味を一つの方向だけに決めない。,,支援へ戻ることの意味付け。,,,,最終確認待ち
exp26-civic-0230,社会・公共政策・環境,3,2,decision_maker,belonging_and_isolation,人との交流が苦手な人向けの場を別に作ることと、既存の場を変えることをどう比べたい？,仮の設置案。選べる安心と人を分ける影響を考える。,,居場所の別設と共通の場。,,,,最終確認待ち
exp26-civic-0231,社会・公共政策・環境,3,2,decision_maker,belonging_and_isolation,居場所で連絡先を交換しない規則は、関係が深まる機会を減らしても必要だと思う？,架空の運営。場の外の支えと断りにくい接触の危険を分ける。,privacy_and_surveillance,場の外へ続くつながりの境界。,,,,最終確認待ち
exp26-civic-0232,社会・公共政策・環境,3,3,actor,belonging_and_isolation,孤立の支援を受けた人の参加記録は、欠席への連絡にどこまで使いたい？,仮の記録運用。気付く支えと常に見られる負担を考える。,privacy_and_surveillance,出席を見守りに使う範囲。,,,,最終確認待ち
exp26-civic-0233,社会・公共政策・環境,3,3,decision_maker,migration_and_belonging,移り住んだ人向けの相談では、専用窓口と誰もが使う窓口のどちらに重きを置きたい？,架空の整備案。言語や事情への専門性と分けられない利用を考える。,discrimination_and_hate,支援の専門化と共通の利用。,,,,最終確認待ち
exp26-civic-0234,社会・公共政策・環境,3,3,decision_maker,migration_and_belonging,地域の案内を翻訳する時、利用人数が少ない言語にも提供する基準をどう決めたい？,仮の予算配分。人数、内容の重要性、代わりの相談先を考える。,,少数の言葉で届く生活情報。,,,,最終確認待ち
exp26-civic-0235,社会・公共政策・環境,3,2,actor,migration_and_belonging,新住民のための交流会で、その人の国の文化を紹介してもらう依頼をどう考える？,架空の催し。互いを知る機会と出身の代表として扱う負担を分ける。,discrimination_and_hate,個人を文化の代表にする境界。,,immigration-003,,最終確認待ち
exp26-civic-0236,社会・公共政策・環境,3,3,actor,migration_and_belonging,地域の支援者を住民から募る時、同じ言語を話せることだけで担当を決めてよいと思う？,仮の配置。通じる安心と知人に私生活を話しにくい事情を考える。,privacy_and_surveillance,言葉が通じる支援の近さ。,,,,最終確認待ち
exp26-civic-0237,社会・公共政策・環境,3,3,decision_maker,migration_and_belonging,新しく来た人の参加を増やす事業で、既存の住民のやり方を変える費用をどう扱いたい？,仮の事業。参加を求める側も変わる責任があるか考える。,,なじむことを片側だけに求めない。,,,,最終確認待ち
exp26-civic-0238,社会・公共政策・環境,3,3,actor,migration_and_belonging,公共の窓口で出身を聞く時、何のために必要かをどこまで説明すべきだと思う？,架空の聞き取り。制度上の必要な情報と好奇心による質問を区別する。,discrimination_and_hate / privacy_and_surveillance,出自を尋ねる公共の理由。,,,,最終確認待ち
exp26-civic-0239,社会・公共政策・環境,3,3,decision_maker,migration_and_belonging,移り住んだ人の支援を、長く住んだ後も続ける条件は何だと思う？,仮の制度。居住年数と必要な支えの減少は同じではない。,,時間で終える移住後の支援。,,,,最終確認待ち
exp26-civic-0240,社会・公共政策・環境,3,3,observer,migration_and_belonging,同じ地域でも異なる言語の集まりが別々に続くことを、孤立だと評価してよいと思う？,架空の事業評価。自分で選ぶつながりと選択肢がない状態を分ける。,discrimination_and_hate,別の集まりの帰属を評価する基準。,,,,最終確認待ち
exp26-civic-0241,社会・公共政策・環境,3,3,decision_maker,migration_and_belonging,行政からの大事な案内を家族の子どもが通訳する時、どんな支えを優先したい？,仮の窓口場面。家族の協力と子どもが負う責任や知る内容を考える。,family_conflict / privacy_and_surveillance,家族の通訳へ任せる責任。,,,,最終確認待ち
exp26-civic-0242,社会・公共政策・環境,3,3,decision_maker,migration_and_belonging,多様な住民の声を聞く会議で、長く地域に貢献した人を代表にすることをどう考える？,架空の支援会議。経験の厚さと、新しく来た人の事情を知る限界を考える。,,貢献の実績と新しい人の代表性。,,,,最終確認待ち
exp26-civic-0243,社会・公共政策・環境,3,2,observer,migration_and_belonging,新住民が地域の規則を知らず守れなかった時、説明を変える責任は誰にあると思う？,架空の行き違い。本人の確認と伝える側の届き方を両方考える。,,規則を伝える側も負う責任。,,,,最終確認待ち
exp26-civic-0244,社会・公共政策・環境,3,2,actor,migration_and_belonging,地域に住む人の紹介冊子で、出身国を書かない選択も設けたい？,架空の冊子。違いを知る入口と本人が何で紹介されたいかを考える。,discrimination_and_hate / privacy_and_surveillance,出身以外で知ってもらう選択。,,,,最終確認待ち
exp26-civic-0245,社会・公共政策・環境,3,3,decision_maker,intergenerational_responsibility,世代間の支援を考える会議に、将来の住民の立場をどう入れたい？,架空の制度検討。まだ参加できない人への影響を誰が説明するか考える。,,今いない世代の声の扱い。,,,,最終確認待ち
exp26-civic-0246,社会・公共政策・環境,3,3,decision_maker,intergenerational_responsibility,年齢別の給付を設ける時、同じ年齢でも困りごとが違うことをどう制度に残したい？,仮の給付設計。分類の分かりやすさと個人差の把握を考える。,,世代で語る支援と内部の違い。,,,,最終確認待ち
exp26-civic-0247,社会・公共政策・環境,3,2,actor,intergenerational_responsibility,若い世代と高齢の世代の交流事業で、「教える側」を年齢で決めることをどう考える？,架空の活動。経験を伝えることと互いに学ぶ役割を比較する。,,世代による役割の固定。,,,,最終確認待ち
exp26-civic-0248,社会・公共政策・環境,3,3,decision_maker,intergenerational_responsibility,現在の利用者への約束を変えて将来の支出を減らす時、どんな移行期間が公平だと思う？,仮の制度変更。約束を前提に選んだ生活と今後の負担を考える。,,信頼した制度を変える時間。,,r6-04-07-l4,,最終確認待ち
exp26-civic-0249,社会・公共政策・環境,3,3,decision_maker,intergenerational_responsibility,社会を支えた貢献には、賃金のある仕事以外の活動も制度上どう残したい？,仮の支援基準。記録されないケアや地域活動と測る難しさを考える。,,公的に数える過去の貢献。,,,,最終確認待ち
exp26-civic-0250,社会・公共政策・環境,3,3,actor,intergenerational_responsibility,「次の世代のため」と説明する政策で、その世代が望むかをどこまで確かめたい？,仮の政策。将来を予測する責任と今いる若い人の声を区別する。,,他世代の利益を代弁する限界。,,,,最終確認待ち
exp26-civic-0251,社会・公共政策・環境,3,3,observer,intergenerational_responsibility,支援を受けた世代に将来の返礼を期待する制度をどう考える？,架空の制度案。支える連鎖と受けた支援に条件を付けることを考える。,,世代間の恩義を義務にする境界。,,,,最終確認待ち
exp26-civic-0252,社会・公共政策・環境,3,3,actor,intergenerational_responsibility,世代別の負担を示す資料で、平均だけでなく生活の幅も伝える必要をどう考える？,仮の公共説明。簡潔な比較と各世代を一様に見ない情報を考える。,,世代の理解に残す個人差。,,,,最終確認待ち
exp26-civic-0253,社会・公共政策・環境,3,3,decision_maker,intergenerational_responsibility,公共サービスを新設する時、将来の維持費を負担する人へ何を約束できると思う？,架空の長期計画。今の利用価値と続ける費用の不確実さを考える。,,後の世代に残すサービスの責任。,,,,最終確認待ち
exp26-civic-0254,社会・公共政策・環境,3,3,observer,intergenerational_responsibility,高齢の人への支援を「若者の将来にも必要」と説明することは、どんな人を置き去りにすると思う？,仮の広報。将来の自分の利益だけで今の人を支える理由になるか考える。,,自分が受けない支援の理由。,,,,最終確認待ち
exp26-civic-0255,社会・公共政策・環境,3,2,actor,intergenerational_responsibility,世代間で苦労の大きさを比べる話合いと、互いの苦労を聞く話合いでは何が違うと思う？,架空の交流。負担の順位を決めることと生活を知ることを分ける。,,世代を知る会話の目的。,,,,最終確認待ち
exp26-civic-0256,社会・公共政策・環境,3,3,decision_maker,volunteering_and_reciprocity,公的支援の不足を住民の善意で埋める時、どの責任は行政に残すべきだと思う？,架空の連携。柔軟な助けと断れない役割が生まれる境界を考える。,,善意に移す公共の責任。,,,,最終確認待ち
exp26-civic-0257,社会・公共政策・環境,3,2,decision_maker,volunteering_and_reciprocity,支援のボランティアが利用者へ助言する範囲は、何を基準に決めたい？,仮の活動規則。生活への関わりと本人が望まない指導を分ける。,,手助けと生活指導の境界。,,,,最終確認待ち
exp26-civic-0258,社会・公共政策・環境,3,3,actor,volunteering_and_reciprocity,支援事業の利用者に運営を手伝ってもらうなら、断っても利用できるとどう伝えたい？,架空の協力依頼。役割の対等さと支援が交換条件になる不安を考える。,,返礼を条件にしない運営。,,,,最終確認待ち
exp26-civic-0259,社会・公共政策・環境,3,2,actor,volunteering_and_reciprocity,地域の助け合いで、いつも助ける人の疲れをどのように共有したい？,仮の運営会議。必要な支えと担う人が休む条件を考える。,,支援する側の限界を話す場。,,,,最終確認待ち
exp26-civic-0260,社会・公共政策・環境,3,3,decision_maker,volunteering_and_reciprocity,寄付者が支援の使い道を細かく指定する時、利用者の希望をどこまで優先したい？,架空の支援事業。寄付への約束と実際の必要の違いを考える。,,支援の目的を決める権限。,,,,最終確認待ち
exp26-civic-0261,社会・公共政策・環境,3,2,decision_maker,volunteering_and_reciprocity,支援者が交代する仕組みは、なじんだ関係を失っても設けた方がよいと思う？,仮の担当制。安定した信頼と一人に依存する負担を比べる。,,支援の関係を続ける体制。,,,,最終確認待ち
exp26-civic-0262,社会・公共政策・環境,3,2,observer,volunteering_and_reciprocity,助け合いの活動で、支援を受ける人が「ありがとう」を言わなくても続けられる仕組みは必要だと思う？,架空の運営。感謝が支え手の動機になることと利用条件を分ける。,,感謝に依存しない支え。,,,,最終確認待ち
exp26-civic-0263,社会・公共政策・環境,3,2,observer,volunteering_and_reciprocity,公共の支援を利用する人への寄付で、本人の名前を知らずに支えることに意味を感じる？,仮の寄付企画。手応えを得る情報と利用者の匿名性を考える。,privacy_and_surveillance,支援の手応えと名前を知る境界。,,,,最終確認待ち
exp26-civic-0264,社会・公共政策・環境,3,3,actor,volunteering_and_reciprocity,住民同士の相談に専門職が関わるタイミングは、何を基準に決めたい？,仮の連携。身近に話せる安心と担えない責任の見極めを考える。,,身近な支えから専門性への橋渡し。,,,,最終確認待ち
exp26-civic-0265,社会・公共政策・環境,3,2,decision_maker,volunteering_and_reciprocity,支援の対象を広げる前に、今いる担い手が休める体制を作ることをどう考える？,架空の事業拡大。届く人数と継続できる支えの厚さを比べる。,,支援を増やす前の持続条件。,,,,最終確認待ち
exp26-civic-0266,社会・公共政策・環境,4,3,affected,receiving_public_help,あなたは公的支援を初めて申し込む。必要なのに「自分はまだ大丈夫」と思う時、利用を決めるには何が変わってほしい？,仮の申込み。生活の必要と支援を受ける自己像の抵抗を分ける。,,頼る自分を認める条件。,,r6-04-04-l4,,最終確認待ち
exp26-civic-0267,社会・公共政策・環境,4,3,affected,receiving_public_help,あなたは支援を受けながら生活を立て直している。友人に「助けてもらえてよかったね」と言われ、複雑な気持ちになるのはなぜだと思う？,架空の会話。感謝だけでなく失ったものや努力も残っている。,,支援を喜ぶ言葉への本人の感覚。,,,,最終確認待ち
exp26-civic-0268,社会・公共政策・環境,4,3,actor,receiving_public_help,あなたは支援の相談員。自分が勧めた安定した暮らしを、本人は望まないと言う。失敗すれば助言が足りなかったと責められそうな時、相手の選択にどんな責任を持ちたい？,架空の相談。安全な結果を期待する自分と、他人の人生を決めない責任を考える。,,他人の選択を支える自分の限界。,,,,最終確認待ち
exp26-civic-0269,社会・公共政策・環境,4,3,affected,receiving_public_help,支援を受けるあなたの話が、成功例として紹介される。実際にはまだ迷いがある時、どんな自分なら伝えたい？,架空の広報依頼。改善の物語と今も続く困難を分ける。,privacy_and_surveillance,成功例に収まらない自己像。,,,,最終確認待ち
exp26-civic-0270,社会・公共政策・環境,4,3,actor,receiving_public_help,あなたは相談担当。誰にも頼れない利用者が仕事外もあなたに連絡したいと言う。断ると唯一のつながりを失わせそうな時、自分の生活と支える責任をどう分けたい？,仮の支援関係。親しさだけでは続けられない支えと孤立への心配を考える。,,唯一の支えとされる人の生活の境界。,,,,最終確認待ち
exp26-civic-0271,社会・公共政策・環境,4,3,decision_maker,receiving_public_help,あなたは支援終了の審査担当。数値では改善した人へ終了を伝えるが、自分も以前は支えを失う怖さで動けなかった。今の基準をどこまで信じて判断したい？,架空の審査。自分の経験と制度の基準、終了後の見通しを分ける。,,支えを失った経験を持つ人の判断。,,,,最終確認待ち
exp26-civic-0272,社会・公共政策・環境,4,3,affected,receiving_public_help,あなたは窓口で事情を話したくないが、説明しないと適切な支援につながりにくい。何なら伝え、何は守りたい？,仮の相談。必要な情報と私生活全体を見せることは異なる。,privacy_and_surveillance,助けを受けるための自己開示。,,,,最終確認待ち
exp26-civic-0273,社会・公共政策・環境,4,2,actor,receiving_public_help,あなたは利用者の感想を集める担当。親しくなった人が、別の人にはあなたへの不満を話していた。良い支援者だと思っていた自分をどう見直して聞きたい？,架空の評価。感謝される関係と不満を言える対等な関係を区別する。,,支えた自分への評価を聞く怖さ。,,,,最終確認待ち
exp26-civic-0274,社会・公共政策・環境,4,3,decision_maker,receiving_public_help,あなたは支援制度の名称を決める。自分も利用経験があり、「困窮者」という呼び名を避けたいが職員は明確さを求める。誰のための名前を残したい？,架空の名称変更。自分が呼ばれた感覚と対象を伝える実務の必要を考える。,,自分が呼ばれた経験を公的な言葉へ返す。,,,,最終確認待ち
exp26-civic-0275,社会・公共政策・環境,4,3,affected,receiving_public_help,あなたは長年の相談員が代わると知った。新しい人に事情を伝える前に、どんな関係を残したいと思う？,仮の担当変更。情報の引継ぎと人との別れを分ける。,,支援者との関係を失う意味。,,,,最終確認待ち
exp26-civic-0276,社会・公共政策・環境,4,3,affected,receiving_public_help,あなたは支援を一度断った。後から必要になった時、戻ることを後悔や失敗として受け止める？,架空の再相談。判断を変えることと利用の資格を分けて考える。,,支援へ戻る自分への評価。,,,,最終確認待ち
exp26-civic-0277,社会・公共政策・環境,4,3,actor,receiving_public_help,あなたは訪問支援員。断られた相手を気にかけ、以前に訪問をやめた人が孤立した記憶もある。自分の後悔を相手に背負わせず、どう支えを残したい？,架空の継続支援。過去の後悔と今の相手が断る意思を分ける。,,自分の後悔で接触を続ける境界。,,,,最終確認待ち
exp26-civic-0278,社会・公共政策・環境,4,3,decision_maker,receiving_public_help,あなたは窓口責任者で、誰の話も切らないと職員へ伝えてきた。丁寧な対応が続いて職員は疲れ、待つ人も増えた。自分の信念をどこまで変えたい？,架空の窓口運営。親身さの約束と、全員を支え続ける限界を考える。,,親身な支援を信じた自分の限界。,,,,最終確認待ち
exp26-civic-0279,社会・公共政策・環境,4,3,affected,receiving_public_help,あなたは支援を受けている。恩返しとして体験を話してほしいと言われたら、感謝と断りたい気持ちをどう扱う？,仮の依頼。給付を受けることと体験を公開することを交換にしない。,privacy_and_surveillance,感謝で断れない発信の境界。,,,,最終確認待ち
exp26-civic-0280,社会・公共政策・環境,4,2,actor,receiving_public_help,あなたは相談員。長く一緒に作った計画を相手が使わず、別の道へ進んだ。自分の仕事が否定された気持ちがある時、その人をどんな意味で応援できる？,仮の相談後。自分の働きの手応えと相手が選ぶ人生を区別する。,,自分の支援が採用されない喪失の感覚。,,,,最終確認待ち
exp26-civic-0281,社会・公共政策・環境,4,3,affected,receiving_public_help,あなたは公的支援を利用しながら友人へ贈物をした。使い道を批判されたら、何を自分の暮らしの一部として守りたい？,架空の生活。制度の使途条件は別に確認し、社会的な評価を考える。,,支援を受けても保ちたい付き合い。,,,,最終確認待ち
exp26-civic-0282,社会・公共政策・環境,4,3,actor,receiving_public_help,あなたは支援の選択肢を説明する担当。自分の家族を救った方法を勧めたいが、本人は望まない。信じている支えを渡さないことにも責任を持てる？,仮の説明。自分に役立った経験を他人の人生へ重ねる限界を考える。,,自分を救った方法を手放す支援。,,,,最終確認待ち
exp26-civic-0283,社会・公共政策・環境,4,3,affected,receiving_public_help,支援の更新で、つらかった過去を何度も説明してきた。次は書類だけにすれば自分を守れるが、これからどんな暮らしを選びたいかは書き切れていない。再び話すことと、話さずに理解してもらうことに何を望みたい？,架空の更新手続です。今の必要を確かめるための説明が、自分の過去を語り直す負担にもなってきた条件を置きます。書類で伝えられる情報と、本人が望むこれからの生活にはずれがある場合です。実経験の開示や、話すことを選ぶ答えを求めません。,privacy_and_surveillance,書類の便利さだけでなく、過去を語り直さず自分を守ることと今後の人生を本人の意味で伝えることを聞く。,,,,最終確認待ち
exp26-civic-0284,社会・公共政策・環境,4,3,affected,receiving_public_help,今の相談員にようやくつらい過去を話せたあなたは、別の相談先を紹介された。「あの人なら大丈夫」と勧められても、同じように話せるかはまだ分からない。今の担当を信じることと、その人が勧める相手を信じることは、自分にとってどう違う？,架空の紹介です。つらい経験を今の担当へ安心して語れるようになるまで時間がかかった条件です。まだ会っていない紹介先について、今の担当は信頼できると勧めています。担当の推薦を信じることと、自分が新しい相手との関係で安心を得ることは、重なっても異なってもかまいません。推薦を受ければ信じるべきだとは決めません。,,0089の再説明の負担と新しい視点から分け、ようやく得た支援者への信頼を、その人が推薦する未面識の相手にも渡せるかという本人の信頼の意味を聞く。,,,,最終確認待ち
exp26-civic-0285,社会・公共政策・環境,4,2,actor,receiving_public_help,あなたは相談員。相手の苦しさが自分の過去と重なり、経験を話せば近づける気がする。自分を分かってほしい気持ちもある時、どこまで話したい？,仮の面談。共感を届けることと、自分の経験を認めてもらうことを分ける。,,支援者自身が理解を求める気持ち。,,,,最終確認待ち
exp26-civic-0286,社会・公共政策・環境,4,3,decision_maker,receiving_public_help,あなたは支援計画を決める担当。本人の望みを聞く時間を守ると対応件数が減り、自分の部署は縮小されそうだ。何を成果として守りたい？,架空の評価。自分の組織の存続と、一人の暮らしに沿う支援を考える。,,支援の信念を仕事の存続と比べる。,,,,最終確認待ち
exp26-civic-0287,社会・公共政策・環境,4,2,actor,receiving_public_help,あなたは同行支援員。申請を急がないと本人は支援を逃すが、任せるとまた自分でできなかったと感じると言う。助ける自分は何を本人に残したい？,架空の申請。給付の入口へ届くことと、自分の声を使う経験を考える。,,助けた結果が本人の自信を奪う迷い。,,,,最終確認待ち
exp26-civic-0288,社会・公共政策・環境,4,3,affected,minimum_living_conditions,あなたは生活の支援を受ける。食べて眠れるだけでは足りないと感じる時、暮らしの何が欠けていると思う？,仮の支援利用。生存の条件と人との関わりや楽しみを分けて考える。,,最低限に求める自分の生活。,,,future-013,最終確認待ち
exp26-civic-0289,社会・公共政策・環境,4,3,decision_maker,minimum_living_conditions,あなたは給付の担当者。確実に食料を渡す方式を作ったが、利用者から選ぶ自由を失ったと言われた。守ろうとした自分の制度をどう受け止め直す？,架空の給付方式。確実に届く目的と本人の生活を決める権限を分ける。,,守ったつもりの制度が奪う自由。,,,,最終確認待ち
exp26-civic-0290,社会・公共政策・環境,4,3,affected,minimum_living_conditions,支援の食料で空腹は満たせるが、慣れ親しんだ食卓から離れ、自分の暮らしでなくなった気がする。助けへの感謝がある時でも、何を自分の生活のために選び直したい？,架空の食料支援です。支給品は食べられる条件ですが、調理や保存、家族と囲む食卓や馴染みの味の意味まで同じになるとは限りません。援助を受けられることへの感謝と、自分らしく暮らす希望を言うことを分けて考えます。感謝の仕方を利用条件にはしません。,,日常の好みの伝達から、自分の食卓や暮らしの意味が失われた時に受け手が生活を選び直すことへ深める。,,,,最終確認待ち
exp26-civic-0291,社会・公共政策・環境,4,3,actor,minimum_living_conditions,あなたは生活相談員。数字では足りると説明した相手が、理解されないと言って相談をやめた。自分の公平な判断とは何だったと考え直したい？,架空の相談後。収支の説明と、選べない負担を理解することを分ける。,,公平と信じた自分の説明の限界。,,,,最終確認待ち
exp26-civic-0292,社会・公共政策・環境,4,3,decision_maker,minimum_living_conditions,あなたは給付の水準を決める。自分は交際費を削って暮らしてきたが、利用者は関係を保つため必要だと言う。自分の節約を他人の最低限にしてよいと思う？,仮の給付設計。自分で選んだ生活と公に保障する条件を区別する。,,自分の暮らしを他人の基準にする判断。,,,,最終確認待ち
exp26-civic-0293,社会・公共政策・環境,4,3,affected,minimum_living_conditions,支援の審査結果を待つ間、住まいを変えるか家族と暮らすかも決められなくなった。いつ決まるか分からない生活の中で、何は自分で選ぶ時間として残したい？,架空の審査待ちです。結果が住まいや家族との生活の選択に影響する条件を置きます。手続の予定を知る必要と、見通しがなくても自分の人生を全て保留にしたくない気持ちを分けて考えます。現実の審査期間を断定しません。,,待つ日数の情報だけでなく、支援の決定待ちに人生を止められた本人が選択の主体でいる意味を聞く。,,,,最終確認待ち
exp26-civic-0294,社会・公共政策・環境,4,3,decision_maker,minimum_living_conditions,あなたは臨時の支援担当。資格未確認の人へ今日の食料を渡すには、自分が後の説明責任を負う。間違える怖さがあっても今を支えたいと思う？,仮の窓口。生活を待たせる責任と誤った給付を説明する責任を考える。,,自分が誤る可能性を負う緊急の支え。,,,,最終確認待ち
exp26-civic-0295,社会・公共政策・環境,4,3,affected,minimum_living_conditions,あなたは支援を受け、ようやく少し貯められた。今すぐ給付を減らされるなら、備えを作ることをどう感じる？,架空の給付条件。貯蓄が自立の助けと資格の境界になる状況を考える。,,支援から先の安心を作る意味。,,,,最終確認待ち
exp26-civic-0296,社会・公共政策・環境,4,3,decision_maker,minimum_living_conditions,あなたは自分の故郷の相談窓口を統合する責任者。利用は少ないが、かつて家族も頼った場所だ。懐かしさと代替のない支えをどう区別して判断したい？,仮の配置変更。個人の記憶と今いる利用者の必要を分ける。,,自分の故郷に残す支えの判断。,,r6-04-05-l4,,最終確認待ち
exp26-civic-0297,社会・公共政策・環境,4,3,decision_maker,minimum_living_conditions,あなたは支援物資を調達し、統一した品で多くの人へ届けてきた。ある人が使えず捨てたと知った時、人数を成果にした自分は何を改めたい？,架空の調達後。渡した量と暮らしで使えた支えを区別する。,,届けた実績を支えと信じた自分の責任。,,,,最終確認待ち
exp26-civic-0298,社会・公共政策・環境,4,2,actor,minimum_living_conditions,あなたは困っている人へ支援を案内したが、書類が多く本人は諦めそうだ。自分は約束し過ぎた気もする時、どこまで一緒に担う責任があると思う？,仮の申請。勧めた期待を引き受けることと、本人の代わりに全てを決めることを分ける。,,支援を勧めた自分の約束の範囲。,,,,最終確認待ち
exp26-civic-0299,社会・公共政策・環境,4,2,affected,minimum_living_conditions,あなたは自分の力で暮らしてきたと思っているが、公的支援にいつでも頼れると知っている。実際には使わなくても、自立してきた自分の見方は変わる？,仮の制度への距離。受給の有無と、選べる支えが人生の選択を助けた意味を分ける。,,支えなしで生きたという自分の物語。,,,,最終確認待ち
exp26-civic-0300,社会・公共政策・環境,4,3,actor,minimum_living_conditions,あなたは支援終了を伝える担当。長く励ましてきた本人に見捨てられたと言われ、今までの信頼が壊れそうだ。決定を伝える自分はどんな関係を残したい？,架空の終了通知。給付が終わることと、本人が頼れるつながりを分ける。,,終了を伝えても残す自分の信頼。,,r6-04-05-l4,,最終確認待ち
exp26-civic-0301,社会・公共政策・環境,4,3,decision_maker,minimum_living_conditions,あなたは家族人数で給付額を決める担当。自分の家族は費用を分けられるが、同じ人数の利用者は分けられないと言う。自分の普通をどこまで判断から外したい？,仮の給付計算。世帯人数から推測する負担と実際の事情を分ける。,,自分の家庭を普通とする判断の限界。,,,,最終確認待ち
exp26-civic-0302,社会・公共政策・環境,4,3,affected,minimum_living_conditions,あなたは生活支援を受け、趣味を続ける費用を迷っている。自分にとってその趣味は、何を保つものだと思う？,架空の家計。楽しみ、関係、生活の見通しの役割を考える。,,支援中も保ちたい生活の意味。,,,,最終確認待ち
exp26-civic-0303,社会・公共政策・環境,4,2,decision_maker,minimum_living_conditions,あなたは公共の休憩場所を管理し、誰でも居られると約束した。毎日長く使う人を避けて他の人が来なくなった時、誰に約束を守るべきだと感じる？,仮の運営。長く留まる必要と新しく使いたい人の入口を考える。,,誰でも居られる自分の約束の衝突。,,,,最終確認待ち
exp26-civic-0304,社会・公共政策・環境,4,2,actor,support_after_formal_role,あなたは長く担当した人の支援を終え、もう近況確認を行う役ではない。相手は連絡を望まないが、以前に急に孤立した姿を知り、仕事が終わっても気になる。役目を終えた後に残る自分の関係を、どこまで責任と感じる？,架空の支援終了後です。近況確認をする正式な役目は既に終わり、相手は連絡を望んでいません。職務を離れた自分に残る気持ちと、相手が距離を選ぶことを分けます。元の職務で知った情報を個人の連絡に使うことを勧める場面ではありません。,privacy_and_surveillance,継続する近況確認の担当者から、正式な支援役を終えても関係を気にかける本人の責任へ分ける。,,,,最終確認待ち
exp26-civic-0305,社会・公共政策・環境,4,3,decision_maker,minimum_living_conditions,あなたは申請方法を減らす担当。効率化を信じて進めたが、自分の親が使えず諦めた。身近な人を知ったことで変わる判断をどう説明したい？,仮の窓口改編。便利さの基準と利用できない人への想像を考える。,,家族を通じて知る自分の政策の穴。,,,,最終確認待ち
exp26-civic-0306,社会・公共政策・環境,4,2,affected,belonging_and_isolation,あなたは長い孤立の後、ようやく居場所に通い始めた。今日は話せず、歓迎の声掛けさえ苦しい。つながりを失わず黙って居るため、何を分かってほしい？,架空の参加。近づきたい気持ちと話せる準備は同じ時期に整わない。,,ようやく得た所属で沈黙を選ぶ意味。,,,,最終確認待ち
exp26-civic-0307,社会・公共政策・環境,4,2,actor,belonging_and_isolation,あなたは集まりの運営者。参加者が何もせず居る場を続けたいが、成果がなければ活動を止めるよう言われた。自分の時間を使ってきた意味をどう伝えたい？,架空の事業評価。活動を続ける自分の信念と行動で見える実績を考える。,,何もしない時間へ注いだ自分の人生。,,,,最終確認待ち
exp26-civic-0308,社会・公共政策・環境,4,3,affected,belonging_and_isolation,あなたは一人で暮らし、今は寂しくない。見守りを勧められた時、将来の備えと今の自由をどう考える？,仮の案内。一人の生活と支えがない状態を同じに扱わない。,,孤立と決められずに備える自律。,,,,最終確認待ち
exp26-civic-0309,社会・公共政策・環境,4,2,actor,belonging_and_isolation,あなたは欠席者に声をかける担当で、昔はその一言に救われた。今の相手は理由を聞かれたくないと言う。自分を救った関わり方をどこまで手放したい？,架空の連絡。自分が受け取った支えと相手が望む距離は異なる。,,自分を救った一言を相手へ渡さない支援。,,,,最終確認待ち
exp26-civic-0310,社会・公共政策・環境,4,2,decision_maker,belonging_and_isolation,あなたは居場所を作り、孤独だった自分も常連の輪に救われた。初めての人に開くにはその雰囲気を変える必要がある。自分の居場所をどこまで変えたい？,仮の運営。自分を支えた親しさと別の人の新しい入口を比べる。,,自分を救った場を他人へ開く喪失。,,,,最終確認待ち
exp26-civic-0311,社会・公共政策・環境,4,2,affected,belonging_and_isolation,あなたは生活が苦しかった時期に集まりを離れ、ようやく戻った。事情は話したくないが親しい人の関心も失いたくない。どんな自分として迎えてほしい？,架空の再参加。過去の説明をしないまま今の関係を作る意味を考える。,,語れない期間を持つ自分の所属。,,,,最終確認待ち
exp26-civic-0312,社会・公共政策・環境,4,3,actor,belonging_and_isolation,長く支えた人との関わりを、自分の引っ越しで終えることになった。次の支え手を紹介できるが、本人はあなたとの関係だけを望む。相手が一人になる心配と、自分が次の暮らしへ進むことをどう引き受けたい？,架空の継続支援の終わりです。ここでは差し迫った危険はなく、別の人につながる機会はあるが、本人は今の相手との関係を失いたくない条件です。自分が離れる時の引継ぎ、長く続いた関係の終わり、自分の人生の境界を考えます。,,訪問を断られた後の0277/0304から分け、自分の転居で長い支えを終える際の関係と引継ぎの責任を聞く。,,,,最終確認待ち
exp26-civic-0313,社会・公共政策・環境,4,2,affected,belonging_and_isolation,あなたは支援の場を卒業した後、また通いたくなった。自分の成長が戻った感じと、帰れる安心はどうある？,仮の再利用。支援を使う回数だけで成長を測らない。,,戻れる場所を自分に認める意味。,,,,最終確認待ち
exp26-civic-0314,社会・公共政策・環境,4,2,actor,belonging_and_isolation,あなたは交流会で、孤立していた頃の自分に似た人を見た。声をかけたいが相手は静かにしていたいのかもしれない。自分の過去を重ねず支えるには何を待ちたい？,架空の交流。自分に必要だった関わりと今の相手の希望を分ける。,,過去の自分を重ねて助ける葛藤。,,,,最終確認待ち
exp26-civic-0315,社会・公共政策・環境,4,2,affected,belonging_and_isolation,あなたは唯一の居場所で親しい人ができたが、場の外で連絡を取りたくない。拒むと関係が薄くなりそうな時、何を守りながらつながっていたい？,架空の参加。所属への願いと私生活への接触を断る自由を考える。,privacy_and_surveillance,唯一の関係を失う怖さの中の境界。,,,,最終確認待ち
exp26-civic-0316,社会・公共政策・環境,4,2,actor,belonging_and_isolation,あなたは居場所に救われ、恩返しの運営を生きがいにしてきた。今は疲れて支えられる側へ戻りたい。何もできない自分にも居る価値を認められる？,仮の共同運営。役に立つこととその場の一人であることを分ける。,,生きがいの役目を外す自分の価値。,,,,最終確認待ち
exp26-civic-0317,社会・公共政策・環境,4,2,decision_maker,belonging_and_isolation,あなたは居場所の予算担当。自分が若い頃にはなかった場を残したいが、相談件数は少ない。自分の望みと今の利用者の必要をどう確かめたい？,仮の予算審査。個人的な願いと、居られることの公共的価値を分ける。,,過去の自分の願いを公共へ重ねる判断。,,,,最終確認待ち
exp26-civic-0318,社会・公共政策・環境,4,2,affected,belonging_and_isolation,あなたは誰にも頼らない暮らしを選んできたが、困った時は誰かが必要だと感じ始めた。人生のどの部分なら一人で守り、どの部分なら渡したい？,仮の生活の見直し。孤独を選ぶ自由と頼る関係を作る意味を考える。,,頼らない人生の選択を見直す。,,,,最終確認待ち
exp26-civic-0319,社会・公共政策・環境,4,3,actor,belonging_and_isolation,近所の人を支える中で、本人が知られたくなかった私生活まで知ってしまった。以前のようにただの隣人には戻れないと感じる時、その人との関係に何を持ち込まずにいたい？,架空の見守りの後で、支援を通じて本人が望まない情報を知った条件です。情報の共有範囲を決める一般的な役目ではなく、知ってしまった自分の見方が日々の関係を変えることを考えます。相手の事情を自分の解釈で説明し続けないことも含めて、関係の境界を話せます。,privacy_and_surveillance,0225の情報共有の範囲から分け、望まれず知った自分が隣人との関係に何を持ち込むかという責任を聞く。,,,,最終確認待ち
exp26-civic-0320,社会・公共政策・環境,4,2,affected,belonging_and_isolation,あなたは交流の場で、久しぶりに心を許せる友達ができた。二人で話すと他の参加者が入りにくいと言われる時、得た関係と開かれた場をどう守りたい？,仮の居場所。個人的な親しさを得ることと共有の場への責任を比べる。,,得た親密さが他人の入口を狭める迷い。,,,,最終確認待ち
exp26-civic-0321,社会・公共政策・環境,4,2,actor,belonging_and_isolation,あなたは集まりへの参加を勧める係。来ない人が増えると自分の活動が否定された気になる。その感情をどう扱いたい？,仮の案内担当。参加しない選択と事業への評価を分ける。,,参加を断られる支え手の感情。,,,,最終確認待ち
exp26-civic-0322,社会・公共政策・環境,4,2,actor,belonging_and_isolation,あなたは親しい常連が多い居場所の運営者。自分を支えてくれた常連が新しい人へ内輪の規則を求める。感謝する仲間との関係を変えても何を止めたい？,仮の運営。常連への恩義と、新しい人が自分で居方を選ぶ自由を考える。,,恩のある仲間が閉じた入口を変える責任。,,,,最終確認待ち
exp26-civic-0323,社会・公共政策・環境,4,2,affected,belonging_and_isolation,あなたは近所に生活を支えてもらってきたが、今は知られずに過ごしたい。感謝の気持ちで距離を言いにくい時、どんな暮らしを自分のものにしたい？,架空の生活。恩を受けたことと常に様子を見せる義務を分ける。,privacy_and_surveillance,支えた地域から距離を取る本人の自律。,,,,最終確認待ち
exp26-civic-0324,社会・公共政策・環境,4,2,decision_maker,belonging_and_isolation,あなたは新しい居場所の責任者。自分も交流が苦手で専用の場に救われたが、分けられたくない人もいる。自分の安心を皆の形にしてよいと思う？,仮の設置。自分に合った選択と他の人が望む入口の違いを考える。,,自分の安心から他人の場を決める責任。,,,,最終確認待ち
exp26-civic-0325,社会・公共政策・環境,4,3,actor,belonging_and_isolation,困った時には気付いてほしいと言われ、信頼して預けられた参加記録を見てきた。来なくなった人に連絡すると、見張られるために参加したのではないと言われた。気付くと約束した自分は、信頼をどう守り直したい？,架空の居場所の参加記録です。欠席だけで困り事は分からず、以前の頼みがいつまでも同じ連絡への同意とは限らない条件を置きます。記録を預かった自分の約束と、相手が関わらない今の意思をどう確かめ直すか考えます。監視することを支援の条件としません。,privacy_and_surveillance,0232の記録の運用から、頼まれた見守りの約束が相手の現在の意思とずれた時に自分が信頼を守り直す責任へ深める。,,,,最終確認待ち
exp26-civic-0326,社会・公共政策・環境,4,3,affected,migration_and_belonging,あなたは長く地域で暮らす移住者。今も新しい人として紹介されたら、何を自分の居場所の証として伝えたい？,架空の紹介。出身と今ここで続ける生活を分けて考える。,discrimination_and_hate,長く住んでも外から来た扱いの感覚。,,,,最終確認待ち
exp26-civic-0327,社会・公共政策・環境,4,2,actor,migration_and_belonging,あなたは地域で外から来た人として寂しかった経験があり、新住民を迎える係になった。本人は行事を望まない時、自分の願いと相手の居場所をどう分けたい？,仮の歓迎。自分の過去に必要だったつながりを全員の希望にしない。,,歓迎の役を選んだ自分の過去。,,,,最終確認待ち
exp26-civic-0328,社会・公共政策・環境,4,2,actor,migration_and_belonging,あなたは地域の案内冊子を作り、違いを見せれば偏見が減ると信じてきた。出身を書かれたくない人がいる時、自分の善意の何を変えたい？,仮の冊子。多様さを示す目的と何で知られたいかを本人が選ぶことを考える。,discrimination_and_hate / privacy_and_surveillance,多様性を見せる信念が奪う自己紹介。,,,,最終確認待ち
exp26-civic-0329,社会・公共政策・環境,4,3,affected,migration_and_belonging,移り住んだあなたは同じ言語の人と過ごす方が楽だ。地域に溶け込むべきと言われたら、どんな関係を保ちたい？,仮の交流。安心する仲間を持つことと地域から閉じられることを分ける。,discrimination_and_hate,選ぶつながりを孤立とされる感覚。,,,,最終確認待ち
exp26-civic-0330,社会・公共政策・環境,4,3,decision_maker,migration_and_belonging,あなたは移住者支援の責任者。利用者が少ない言語の案内を減らせば他の支援を増やせるが、自分も昔言葉が通じず困った。どの必要を自分は先に守りたい？,仮の翻訳予算。自分の経験と今ある複数の必要の配分を考える。,,自分の経験に近い少数の必要を守る判断。,,,,最終確認待ち
exp26-civic-0331,社会・公共政策・環境,4,3,affected,migration_and_belonging,あなたは家族の窓口手続を通訳する立場。知らないままでいたかった事情も聞く時、どこまで役目を引き受けたい？,架空の家庭。言葉を訳せることと家族の責任を背負えることを分ける。,family_conflict / privacy_and_surveillance,家族の通訳が負う私生活の重さ。,,,,最終確認待ち
exp26-civic-0332,社会・公共政策・環境,4,3,actor,migration_and_belonging,あなたは同じ地域で長く暮らす知人の、生活相談の通訳を頼まれた。本人はあなたなら安心だと言うが、家族の私的な話まで知ることになる。相談後も続く自分と相手の関係を考えると、何を引き受けたい？,架空の通訳依頼です。同じ言語と既にある知人関係が安心につながる一方、相談後も同じ地域で暮らす相手の私生活を知ることになります。通訳を引き受けること、知った情報を扱うこと、本人が別の通訳を選ぶ余地は分けられます。,privacy_and_surveillance,日常の通訳の親切だけでなく、相談後にも続く知人関係の中で私的な情報を知る立場を引き受ける意味を聞く。,,,,最終確認待ち
exp26-civic-0333,社会・公共政策・環境,4,3,affected,migration_and_belonging,地域の移住者支援で、自分の経験が「努力すれば馴染める」という成功例になり、後から来た人にも同じ行動が求められた。自分には周囲に助けられた時間も、失った関係もある。自分の歩みが支援を受ける人の基準になる時、どんな責任を感じる？,架空の移住者支援です。本人の紹介が励みになるという期待から、他の利用者にも同じ努力を求める運用へつながった条件を置きます。成功の紹介を止めるかだけでなく、自分の歩みを異なる条件で暮らす人の支援の基準にしてよいかを考えます。実際の制度にこの条件があるとは述べません。,discrimination_and_hate,新しい人と呼ばれた時の帰属を聞く0326、成功例に収まらない自己像を伝える0269から分け、自分の移住の歩みが他の人の支援の基準になった時の責任を聞く。,,,,最終確認待ち
exp26-civic-0334,社会・公共政策・環境,4,2,actor,migration_and_belonging,あなたは地域の規則を説明する担当。守らなかった人を注意した後、案内が分からなかったと知った。伝えたつもりの自分は、相手に何を謝り何を頼みたい？,仮の行き違い。本人の確認と届く説明をする自分の責任を考える。,,注意した自分が伝え方を改める葛藤。,,,,最終確認待ち
exp26-civic-0335,社会・公共政策・環境,4,3,decision_maker,migration_and_belonging,あなたは長く住む人の支援終了を決める。何年も支えた人がまだ相談先を持たないと知った時、自分の仕事が果たせた責任と果たせなかった責任をどう分けたい？,仮の支援期間。長く支えた実感と本人が選べる関係の厚さを考える。,,長く支えた自分の仕事の意味。,,,,最終確認待ち
exp26-civic-0336,社会・公共政策・環境,4,3,affected,migration_and_belonging,長く今の町で暮らすあなたは、公共窓口で出身を何度も聞かれる。必要な確認だと説明されても、いつまで外から来た人なのだろうと感じる。理由を理解することと、ここに属する自分でいることは、どう違う？,架空の繰り返す手続です。出身を確認する制度上の理由はあるが、その説明だけで本人が住民として扱われたと感じるとは限らない設定です。必要な情報の確認と、本人の帰属の感覚を分けて考えます。実在の窓口が一律にこの確認をするとはしません。,discrimination_and_hate / privacy_and_surveillance,出自を聞く理由への理解だけでなく、長く暮らした住民が繰り返し外から来た人として扱われる帰属感を聞く。,,,,最終確認待ち
exp26-civic-0337,社会・公共政策・環境,4,3,decision_maker,migration_and_belonging,あなたは新住民の声を聞く会議の担当。信頼する代表と進めてきたが、声を外された住民がいると知った。代表との関係を揺らしても自分は誰へ聞きに行きたい？,仮の支援会議。なじみの代表への信頼と知らない声への責任を分ける。,,親しい代表を越えて声を聞く責任。,,,,最終確認待ち
exp26-civic-0338,社会・公共政策・環境,4,2,affected,migration_and_belonging,あなたは地域のなじんだ活動に居場所を感じてきた。新しい住民に合わせて変える案に賛成したいが、自分がもう居にくくなりそうだ。何を残してほしいと話したい？,仮の活動変更。迎える価値への支持と自分が失う安心を分ける。,,他人を迎えることで揺らぐ自分の所属。,,,,最終確認待ち
exp26-civic-0339,社会・公共政策・環境,4,3,decision_maker,migration_and_belonging,あなたは窓口の責任者。家族が本人を支えてきたと信頼していたが、本人が別の希望を小声で話す。家族との協力を失うかもしれない時、何を本人に約束したい？,仮の面談。家族の補助への感謝と本人が自分で選ぶ機会を考える。,family_conflict,信頼する支え手より本人の声を守る責任。,,,,最終確認待ち
exp26-civic-0340,社会・公共政策・環境,4,2,actor,migration_and_belonging,あなたは迎える地域の活動を手伝い、交流が増えれば良い地域になると信じてきた。会わないまま尊重してほしい人を知った時、自分の理想はどう変わる？,仮の地域活動。接触の回数と互いの暮らしを認める関係を区別する。,,交流で良くなると信じた自分の地域像。,,,,最終確認待ち
exp26-civic-0341,社会・公共政策・環境,4,2,observer,migration_and_belonging,あなたは地域の多文化事業を見て、自分は違いに寛容だと感じてきた。紹介される人が「普通の住民として知られたい」と言った時、自分の見方をどう変えたい？,仮の催し。文化を楽しむ関心と、一人の暮らしを知る関係を分ける。,,寛容な自分のつもりと相手の帰属。,,,,最終確認待ち
exp26-civic-0342,社会・公共政策・環境,4,3,affected,intergenerational_responsibility,あなたは支援を受けた世代として返礼を求められた。今の自分にも余裕がない時、次の世代への責任をどう感じる？,仮の世代間支援。恩義と実際に担える負担を分ける。,,受けた支えを返す本人の限界。,,,,最終確認待ち
exp26-civic-0343,社会・公共政策・環境,4,3,decision_maker,intergenerational_responsibility,あなたは制度改革の担当。利用者は以前にあなたがした説明を信じて生活を決めた。今は変更が必要だと考える時、自分の言葉にどんな責任が残る？,架空の改編。制度の持続性と、自分の説明を前提にした他人の人生を考える。,,自分の言葉を信じた人生への責任。,,r6-04-07-l4,,最終確認待ち
exp26-civic-0344,社会・公共政策・環境,4,3,affected,intergenerational_responsibility,あなたが困っていた頃にはなかった支援が、今は別の世代向けに始まる。役立つ支援だと思い、費用を負担したいが、自分が受けられなかったことも心に残る。その二つの思いを、どう受け止めたい？,架空の世代間の支援です。本人が困っていた頃にはその制度がなく、今の自分は対象外だが費用を負担する設定です。支援を広げる価値を認めることと、過去の自分には届かなかったことへの思いを分けます。実在制度の対象や世代の負担を一律に説明しません。,,理念上の世代間負担から、自分には届かなかった支援を今の人へ広げる本人の人生の記憶と支持の意味へ深める。,,,,最終確認待ち
exp26-civic-0345,社会・公共政策・環境,4,2,actor,intergenerational_responsibility,あなたは世代交流の司会で、自分の世代も苦労してきたと伝えたい。若い参加者が上の世代を批判する時、自分の感情と相手の話を聞く役目をどう両立したい？,仮の交流。自分の経験を認めてもらう希望と違う経験を聞く責任を分ける。,,自分の世代への批判を聞く役目。,,,,最終確認待ち
exp26-civic-0346,社会・公共政策・環境,4,3,decision_maker,intergenerational_responsibility,あなたは年齢で支援を選ぶ担当。自分と同世代の友人は困り、他世代の事情は実感しにくい。友人を守りたい自分と、公に判断する自分をどう分けたい？,架空の配分。身近な苦しさとまだ見ていない必要を区別する。,,自分の世代の仲間を守る公平の葛藤。,,,,最終確認待ち
exp26-civic-0347,社会・公共政策・環境,4,3,affected,intergenerational_responsibility,あなたは無償で長く地域を支えたが、制度の貢献記録には残らない。自分の働きは誰にどう覚えていてほしい？,架空の生活。金銭の評価と社会に残る承認を分ける。,,数えられない貢献の本人の意味。,,,,最終確認待ち
exp26-civic-0348,社会・公共政策・環境,4,3,actor,intergenerational_responsibility,自分が選べなかった生き方を若い世代には渡したいと、長く提案を続けてきた。本人たちは別の暮らしを望む時、自分の後悔と、その人たちの未来をどう分けて大切にしたい？,架空の世代を超える支援です。自分の人生で残った後悔が活動の動機であり、若い人は同じ希望を持つとは限らない条件を置きます。未来を予測する制度の一般論ではなく、自分にとって意味のある回復を他人の人生へ託す境界を考えます。,,0250の他世代の希望を確かめる判断から、自分が選べなかった人生の回復を次世代へ託す意味と限界へ深める。,,,,最終確認待ち
exp26-civic-0349,社会・公共政策・環境,4,3,decision_maker,intergenerational_responsibility,自分の名を残す仕事だと誇ってきた公共施設の計画に、後の世代が引き受ける大きな維持費があると分かった。今も必要な施設だと思う時、自分の功績をどんな責任と一緒に残したい？,架空の公共施設の計画です。施設の便益はある一方、長期の維持負担もあり、自分の実績への誇りが判断に重なる条件を置きます。将来費用の説明方法だけでなく、何を自分の仕事の意味として認め、後の人にどこまで託すか考えます。実際の施設の費用を述べません。,,0253の公共サービス維持の一般的責任から、自分の人生の功績として残す施設の意味と将来へ残す負担を聞く。,,,,最終確認待ち
exp26-civic-0350,社会・公共政策・環境,4,3,affected,intergenerational_responsibility,あなたは高齢者でも若者でもない立場。二つの世代の支援だけが語られる時、自分の負担をどう伝えたい？,仮の配分議論。世代を二つに分ける説明から外れる人を考える。,,世代の対立から抜け落ちる自己像。,,,,最終確認待ち
exp26-civic-0351,社会・公共政策・環境,4,3,actor,intergenerational_responsibility,あなたは世代別の数字を説明する係。自分の世代が有利だと示せば、苦労してきた家族にも批判が向きそうだ。家族への思いを持ちながら何を伝えたい？,仮の公共説明。集団の傾向はこの場面の仮定とし、個人の暮らしと区別する。,,家族への愛情を持つ公的な説明。,,,,最終確認待ち
exp26-civic-0352,社会・公共政策・環境,4,3,decision_maker,intergenerational_responsibility,あなたは支援の移行期間を決める。自分も対象者で、長い猶予がほしい時、他世代へどんな理由を示したい？,架空の制度改編。自分の準備期間と別の人の負担を比べる。,,自分にも利害がある移行の判断。,,r6-04-07-l4,,最終確認待ち
exp26-civic-0353,社会・公共政策・環境,4,2,actor,intergenerational_responsibility,あなたは若い人に経験を伝えることを老後の生きがいにしてきた。教わる側でも来てほしいと言われた時、役に立つ自分とは違う参加にも価値を感じられる？,仮の交流。貢献で得る自己像と新しい人から学ぶ役割を考える。,,生きがいの教える役目を手放す意味。,,,,最終確認待ち
exp26-civic-0354,社会・公共政策・環境,4,3,affected,intergenerational_responsibility,暮らし方を変える負担を今から求められるが、その効果が出る頃には自分は生きていないかもしれない。自分の人生で見届けられない人のために選ぶことを、何の意味として引き受けたい？,架空の長期的な公共負担です。ここでは効果はずっと先に現れると見込む条件を置きますが、現実の政策の効果を保証しません。自分が使わない支援への配分だけではなく、自分の生きる時間の外へ何を残したいかという意味を考えます。死後の話を避けて考えても構いません。,,0344の自分が使わない支援から分け、自分の人生では見届けられない未来へ現在の生き方を変える意味を聞く。,,,,最終確認待ち
exp26-civic-0355,社会・公共政策・環境,4,3,observer,intergenerational_responsibility,あなたは世代対立の議論を見ている。自分の世代が有利と説明された時、個人の苦しさも話せると思う？,架空の公共議論。集団の平均と本人の暮らしを区別する。,,世代の優位と個人の苦しさの両立。,,,,最終確認待ち
exp26-civic-0356,社会・公共政策・環境,4,3,actor,volunteering_and_reciprocity,地域の支え手として暮らす中で、自分のやりたかったことを何年も先送りにした。今始めなければ、その道は選べなくなるかもしれない。助けを待つ人がいる時、支え続ける人生と、先送りした道を選ぶ人生を、自分はどう比べたい？,架空の長い支え合いの関係です。自分にとって大切な挑戦を選ぶ時期が限られ、今の活動と両立できない条件を置きます。長い関係への責任や、役目を誰かへ渡すこと、自分の人生に残る意味を考えます。,,0316の役に立たなくても居る価値から分け、支え手の役目を終えて先送りにしてきた人生の道を選ぶ意味を聞く。,,,,最終確認待ち
exp26-civic-0357,社会・公共政策・環境,4,3,affected,volunteering_and_reciprocity,支援を受けたあなたに運営の手伝いを頼まれた。協力したい日もあるが、断っても居られると何で感じたい？,架空の共同運営。返礼の期待と自発的な参加を区別する。,,支援を交換条件にしない安心。,,,,最終確認待ち
exp26-civic-0358,社会・公共政策・環境,4,3,decision_maker,volunteering_and_reciprocity,あなたは住民の助け合いを担当する。行政の仕事を住民へ移す案を進めてきたが、協力者が疲れたと言う。自分の改革を成功と信じ続けてよいと思う？,仮の事業移管。柔軟な支援の利益と担い手へ移った無償の負担を考える。,,進めた改革が支え手を疲れさせる責任。,,,,最終確認待ち
exp26-civic-0359,社会・公共政策・環境,4,2,actor,volunteering_and_reciprocity,あなたは昔助けられた品を、今困る人にも贈りたい。必要ないと伝えられた時、自分の大切な記憶と今の相手の希望をどう分けたい？,架空の寄付。自分の回復の象徴と受け手の生活上の必要を区別する。,,救われた記憶を他人へ渡す願い。,,,,最終確認待ち
exp26-civic-0360,社会・公共政策・環境,4,3,affected,volunteering_and_reciprocity,あなたは手助けを受けたいが、相手が疲れているのを知っている。頼める先が他にない時、どう頼ることを考える？,仮の助け合い。必要を伝えることと相手の限界を受け取ることを考える。,,支え手の限界を知る受け手の迷い。,,,,最終確認待ち
exp26-civic-0361,社会・公共政策・環境,4,3,decision_maker,volunteering_and_reciprocity,あなたはボランティアの責任者。自分を育てた支え手が、利用者の望まない助言を続ける。感謝する相手でも、誰を守るために止めたい？,仮の運営。支え手への恩義と受ける人の境界を分ける。,,恩のある支え手へ異議を伝える責任。,,,,最終確認待ち
exp26-civic-0362,社会・公共政策・環境,4,2,actor,volunteering_and_reciprocity,あなたは長く支えた人から感謝されない。活動を続ける理由は、どこに置きたいと思う？,仮の支援関係。相手の表現と助けの必要は同じではない。,,感謝なしでも続ける自分の動機。,,,,最終確認待ち
exp26-civic-0363,社会・公共政策・環境,4,2,affected,volunteering_and_reciprocity,あなたは匿名の支援を受けた。相手を知らないことに安心と恩を返せない落ち着かなさはある？,架空の寄付利用。直接の関係を作らない助けの意味を考える。,,誰かを知らずに受け取る支え。,,,,最終確認待ち
exp26-civic-0364,社会・公共政策・環境,4,3,decision_maker,volunteering_and_reciprocity,あなたは支援を拡大する責任者。待つ人への約束を守るには、疲れた仲間にもう少し頑張ってもらう必要がある。自分が期待を集めた責任をどう引き受けたい？,仮の事業計画。利用を待つ人への約束と仲間の生活への責任を考える。,,自分の約束で他人へ負担を求める迷い。,,,,最終確認待ち
exp26-civic-0365,社会・公共政策・環境,4,3,actor,volunteering_and_reciprocity,あなたは身近な人の相談を聞く役。専門職につなぐと見捨てられたと感じられそうな時、何を続けると約束したい？,仮の紹介。担えない責任を渡すことと関係を終えることは別となる。,,専門職へ渡しても残す関係。,,,,最終確認待ち
exp26-civic-0366,社会・公共政策・環境,4,3,decision_maker,volunteering_and_reciprocity,あなたは支援者の交代を決める。利用者は今の担当だけを信頼し、その担当は限界でも相手を見捨てられないと言う。自分が関係を代えることを何の責任だと考える？,仮の担当制。信頼を守ることと一人に集まる負担を止めることを比べる。,,信頼する二人の関係を止める判断。,,,,最終確認待ち
exp26-civic-0367,社会・公共政策・環境,4,2,affected,volunteering_and_reciprocity,あなたは助けを受けた後、相手の意見に反対しにくくなった。感謝と対等さをどんな関係で保ちたい？,仮の支援後。恩義と意見の自由を切り分ける。,,恩を受けた後の対等な声。,,,,最終確認待ち
exp26-civic-0368,社会・公共政策・環境,4,3,actor,volunteering_and_reciprocity,あなたは支え手として自分の疲れを話したいが、利用者に負い目を与えたくない。誰にどんな形で話したい？,架空の運営。負担の共有と受け手への責任の転嫁を分ける。,,支え手が弱さを出す相手の選択。,,,,最終確認待ち
exp26-civic-0369,社会・公共政策・環境,4,2,observer,volunteering_and_reciprocity,あなたは大切な人が支える事業を誇りにしてきた。利用者は増えたが本人は疲れて辞めたいと言う時、成功を喜ぶ自分は何を応援したい？,仮の評価。外から見える成果と、担い手の生き方を選ぶことを分ける。,,誇りにした人の支援を終える応援。,,,,最終確認待ち
exp26-civic-0370,社会・公共政策・環境,4,2,affected,volunteering_and_reciprocity,あなたは支援を受けた後、その活動を手伝うことに新しい生きがいを感じた。感謝だけが動機だと思われる時、自分は何を始めようとしていると伝えたい？,架空の参加。恩返しと自分の未来へ選ぶ役割を分ける。,,受けた恩に収まらない新しい人生の役目。,,,,最終確認待ち
exp26-civic-0371,社会・公共政策・環境,4,2,actor,volunteering_and_reciprocity,あなたは寄付を続けてきたが、生活に余裕がなくなった。受け手を知らないまま支えることを続けるなら、自分の何を削っても価値があると感じる？,仮の寄付。支援の手応え、匿名性、寄付者自身の生活の限界を考える。,,知らない人への支えを自分の生活に置く。,,,,最終確認待ち
exp26-civic-0372,民主主義・市民参加,1,1,,participation_as_learning,人の話を聞いて考えが変わると、どんな感じがする？,,,考えが動く本人の感覚。,,,self-004 / self-005,最終確認待ち
exp26-civic-0373,民主主義・市民参加,1,1,,participation_as_learning,まだ意見が決まらない話題を、人と話してみたいと思う？,,,迷ったまま参加する好み。,,,,最終確認待ち
exp26-civic-0374,民主主義・市民参加,1,1,,participation_as_learning,初めて知る話題では、まず質問したい？ 少し聞いてから考えたい？,,,学ぶ場での入り方。,,,,最終確認待ち
exp26-civic-0375,民主主義・市民参加,1,1,,voice_and_silence,自分の意見を言う前に、紙に書く時間はほしい？,,,発言前に考える時間の感覚。,,,,最終確認待ち
exp26-civic-0376,民主主義・市民参加,1,1,,voice_and_silence,話していない人の意見は、どんな時に気になる？,,,沈黙へ関心を向ける理由。,,,jealousy-007,最終確認待ち
exp26-civic-0377,民主主義・市民参加,1,1,,voice_and_silence,短い一言と長い説明では、どちらで自分の考えを伝えるのが好き？,,,意見を言う表現の好み。,,,,最終確認待ち
exp26-civic-0378,民主主義・市民参加,1,1,,representation_and_mandate,誰かに自分の希望を伝えてもらうなら、何を最初に話しておきたい？,,,代弁で残したい自分の声。,,,,最終確認待ち
exp26-civic-0379,民主主義・市民参加,1,1,,representation_and_mandate,代表として紹介されると、うれしい？ 身構える？,,,代表の呼び名への感覚。,,,,最終確認待ち
exp26-civic-0380,民主主義・市民参加,1,1,,process_and_outcome,決まった内容を聞く時、結論と決まるまでの話のどちらから知りたい？,,,決定を知る順序の好み。,,,,最終確認待ち
exp26-civic-0381,民主主義・市民参加,1,1,,process_and_outcome,みんなで考えた案に自分の言葉が残ると、どんな気持ちになる？,,,自分の声が残った実感。,,,,最終確認待ち
exp26-civic-0382,民主主義・市民参加,1,1,,process_and_outcome,話合いが終わった後、何が分かると参加してよかったと思う？,,,参加の満足を感じる手掛かり。,,,,最終確認待ち
exp26-civic-0383,民主主義・市民参加,1,1,,public_trust,公共の約束を信じる時、言葉と実際の行動のどちらをよく見る？,,,公的な信頼の個人の入口。,,,,最終確認待ち
exp26-civic-0384,民主主義・市民参加,1,1,,public_trust,意見の違う人でも話を聞いてみたくなるのは、どんな時？,,,異なる人への関心の条件。,,,,最終確認待ち
exp26-civic-0385,民主主義・市民参加,1,1,,public_trust,知らない人が自分の意見に反応してくれると、どんな感じがする？,,,公共の声として聞かれる感覚。,,,self-004 / self-005,最終確認待ち
exp26-civic-0386,民主主義・市民参加,1,1,,participation_and_daily_life,地域の話合いを知るなら、どんな時間帯だと気持ちに余裕がある？,,,日常に参加を置ける時間。,,,,最終確認待ち
exp26-civic-0387,民主主義・市民参加,1,1,,participation_and_daily_life,一度だけ参加する場と、何度も通う場では、話したいことが変わる？,,,継続による参加の感覚の違い。,,,,最終確認待ち
exp26-civic-0388,民主主義・市民参加,1,1,,participation_and_daily_life,参加できなかった会議の話を、後から聞いてみたいと思う？,,,欠席後も関わる関心。,,,,最終確認待ち
exp26-civic-0389,民主主義・市民参加,1,1,,minority_and_majority,自分だけ違う意見だと分かった時、まずどんな気持ちになる？,,,少数になる自分の感覚。,,,,最終確認待ち
exp26-civic-0390,民主主義・市民参加,1,1,,minority_and_majority,多くの人と同じ意見だった時、安心する？ 理由の違いも聞きたくなる？,,,多数の中の違いへの関心。,,,,最終確認待ち
exp26-civic-0391,民主主義・市民参加,1,1,,protest_and_expression,意見を伝えるなら、言葉の札と絵の札のどちらが自分らしい？,,,公的な表現の入り口。,,,,最終確認待ち
exp26-civic-0392,民主主義・市民参加,1,1,,protest_and_expression,社会の話題を身近な人と話すなら、どんなきっかけが自然だと思う？,,,公共の話へ入る本人の距離。,,,contact-006 / contact-010,最終確認待ち
exp26-civic-0393,民主主義・市民参加,1,1,,voice_and_silence,考えを聞かれた時、すぐ答えるのと「あとで話す」と言えるのでは安心が違う？,,,発言の時点を選ぶ好み。,,,,最終確認待ち
exp26-civic-0394,民主主義・市民参加,1,1,,participation_as_learning,知らない考えに出会った時、理由とその人の経験のどちらから聞きたくなる？,,,違う考えを知る順序。,,,,最終確認待ち
exp26-civic-0395,民主主義・市民参加,2,2,,participation_as_learning,集まりで考えが変わった時、最初の意見も伝えたい？ 今の考えだけ話したい？,,,意見の変化を見せる感覚。,,,,最終確認待ち
exp26-civic-0396,民主主義・市民参加,2,1,,participation_as_learning,意見を持たず質問だけした参加者も、決定に関わったと感じてよいと思う？,,,質問による参加の意味。,,,,最終確認待ち
exp26-civic-0397,民主主義・市民参加,2,2,,participation_as_learning,自分の案が使われなくても、知らない事情を聞けたなら参加した意味を感じる？,,,採用以外の参加の手応え。,,,,最終確認待ち
exp26-civic-0398,民主主義・市民参加,2,1,,participation_as_learning,話合いで「さっきの意見を変えたい」と言う人に、何を聞いてみたい？,,,意見変更を知る関心。,,,,最終確認待ち
exp26-civic-0399,民主主義・市民参加,2,2,,voice_and_silence,順番に全員の意見を聞く場で、今日は発言しないと選べることをどう考える？,,,公平な発言機会と沈黙の自由。,,,,最終確認待ち
exp26-civic-0400,民主主義・市民参加,2,2,,voice_and_silence,短い会議で一人の説明が長くなった。その人の大事な話をどこまで聞きたい？,,,発言時間を分ける感覚。,,,,最終確認待ち
exp26-civic-0401,民主主義・市民参加,2,2,,voice_and_silence,会議で言えなかったことを、終わった後に文章で伝えるのも同じ重さで扱いたい？,,,場の外から届く声の重さ。,,,,最終確認待ち
exp26-civic-0402,民主主義・市民参加,2,2,,voice_and_silence,「反対の人はいませんか」と聞かれるのと、全員の考えを聞かれるのでは言いやすさが違う？,,,反対を言う入口の違い。,,,,最終確認待ち
exp26-civic-0403,民主主義・市民参加,2,2,,representation_and_mandate,代表を頼んだ相手が自分の言葉を少し変えて伝えた。意味が近ければ気にしない？,,,代弁の言い換えへの許容。,,,,最終確認待ち
exp26-civic-0404,民主主義・市民参加,2,1,,representation_and_mandate,集まりの代表が分からない質問を持ち帰った時、頼りないと感じる？ 誠実だと感じる？,,,代表に求める即答の範囲。,,,,最終確認待ち
exp26-civic-0405,民主主義・市民参加,2,2,,representation_and_mandate,誰かの代わりに出席するなら、決めてよいことをどこまで確認しておきたい？,,,代わる役割の裁量。,,,,最終確認待ち
exp26-civic-0406,民主主義・市民参加,2,2,,representation_and_mandate,自分の希望だけでなく他の人の希望も託されたら、何を省かず伝えたい？,,,代表で残す違いの範囲。,,,,最終確認待ち
exp26-civic-0407,民主主義・市民参加,2,2,,process_and_outcome,自分の希望は通らなかったが、理由を丁寧に説明された。納得と賛成は別だと感じる？,,,反対でも受け止める決定。,,,,最終確認待ち
exp26-civic-0408,民主主義・市民参加,2,2,,process_and_outcome,一度決まった方針を見直す時、少数の新しい意見でも話合いを開きたい？,,,決定を開き直す条件。,,,,最終確認待ち
exp26-civic-0409,民主主義・市民参加,2,2,,process_and_outcome,決定の記録に反対意見も残すことは、次の活動にどんな意味があると思う？,,,結論に消されない違い。,,,,最終確認待ち
exp26-civic-0410,民主主義・市民参加,2,2,,process_and_outcome,会議で話した内容が、後の案にどう使われたか知りたい？ 結果だけ分かればよい？,,,自分の声の扱いへの期待。,,,,最終確認待ち
exp26-civic-0411,民主主義・市民参加,2,2,,public_trust,代表者が約束を守れなかった時、謝罪と理由の説明のどちらをまず聞きたい？,,,約束を破った代表への信頼。,,,,最終確認待ち
exp26-civic-0412,民主主義・市民参加,2,2,,public_trust,自分と違う意見の代表でも、話を聞く姿勢を見て応援したくなることはある？,,,一致以外の代表への信頼。,,,,最終確認待ち
exp26-civic-0413,民主主義・市民参加,2,2,,public_trust,会議を進める人が自分の意見も言う時、先に聞くのと最後に聞くのでは何が違う？,,,進行役の意見の影響。,,,,最終確認待ち
exp26-civic-0414,民主主義・市民参加,2,2,,participation_and_daily_life,地域の会議に誘われたが、理由を話さず欠席したい。関わりたい気持ちまで疑われたくない？,,,参加しない自分の関心の扱い。,,,,最終確認待ち
exp26-civic-0415,民主主義・市民参加,2,2,,participation_and_daily_life,会議に出られない人の意見を預かると、参加している人と同じ重さで伝えたい？,,,時間を使えない人の声。,,,,最終確認待ち
exp26-civic-0416,民主主義・市民参加,2,2,,participation_and_daily_life,皆のための活動をしている人が休むと言ったら、続けてほしい気持ちをどこまで伝える？,,,参加を担う人への期待の境界。,,,,最終確認待ち
exp26-civic-0417,民主主義・市民参加,2,2,,minority_and_majority,自分の案に賛成が集まった時、反対していた人の理由も最後に聞きたい？,,,勝った後に残す関心。,,,,最終確認待ち
exp26-civic-0418,民主主義・市民参加,2,2,,minority_and_majority,いつも少数意見の人が今回黙っている。本人に聞くこととそっとしておくことをどう考える？,,,少数の役割を固定しない。,,,,最終確認待ち
exp26-civic-0419,民主主義・市民参加,2,2,,protest_and_expression,皆の名前で意見を出す時、賛成しない人の名前を外す選択は必要だと思う？,,,団体の声と個人の意思。,,,,最終確認待ち
exp26-civic-0420,民主主義・市民参加,2,2,,protest_and_expression,賛同する活動の呼び掛けが強い言葉を使っている時、自分なら同じ表現で参加する？,,,主張の一致と表現の距離。,,,,最終確認待ち
exp26-civic-0421,民主主義・市民参加,2,2,,public_trust,自分の意見を聞いてもらえた後、結論が出るまで何の連絡があると信頼できる？,,,参加後に保つ決定への信頼。,,,,最終確認待ち
exp26-civic-0422,民主主義・市民参加,3,2,decision_maker,representation_and_mandate,住民の代表が会議で考えを変えた時、託した人への説明は何を含むべきだと思う？,仮の住民会議。新しく知る事情と事前の委任の範囲を考える。,,代表の学びと説明の責任。,,,,最終確認待ち
exp26-civic-0423,民主主義・市民参加,3,2,actor,representation_and_mandate,意見を託す人の間で考えが分かれる時、代表は一つの案にまとめる必要があると思う？,架空の委任。交渉しやすい声と内部の違いを残す価値を比べる。,,代表が違いを消す範囲。,,,,最終確認待ち
exp26-civic-0424,民主主義・市民参加,3,3,decision_maker,representation_and_mandate,地域の代表を無作為に選ぶ仕組みで、断った人の事情を制度へどう反映したい？,仮の選出。選び方の公平と参加できる条件の違いを考える。,,選ばれても参加できない人の声。,,clarity-democracy_rights_and_participation-03-l2,,最終確認待ち
exp26-civic-0425,民主主義・市民参加,3,2,observer,representation_and_mandate,代表者が自分の意見と託された意見を別々に示すことをどう考える？,架空の会議。個人としての判断と代表する役目を区別する。,,代表が持つ二つの声。,,,,最終確認待ち
exp26-civic-0426,民主主義・市民参加,3,2,decision_maker,representation_and_mandate,意見を集める代表者に、集めた時の言葉をそのまま残す義務を設けたい？,仮の運営規則。要約の便利さと話し手の意図を保つ責任を考える。,,意見の要約で失う本人の言葉。,,,,最終確認待ち
exp26-civic-0427,民主主義・市民参加,3,2,decision_maker,representation_and_mandate,代表を長く務めた人の経験と、交代して新しい声を入れることをどう比べたい？,架空の任期設計。継続の知識と役割の固定による限界を考える。,,代表の経験と交代の価値。,,,,最終確認待ち
exp26-civic-0428,民主主義・市民参加,3,3,decision_maker,representation_and_mandate,代表者が相談できず急いで決めた時、後から取り消せる条件は何だと思う？,仮の緊急判断。裁量の必要と託した人が確かめる機会を考える。,,急いだ委任を後で見直す範囲。,,,,最終確認待ち
exp26-civic-0429,民主主義・市民参加,3,3,actor,representation_and_mandate,当事者団体の代表を政策会議に招く時、その団体に入らない人の意見はどう聞きたい？,架空の政策会議。組織された声とまだまとまらない声を分ける。,,団体の声を全員の声にしない。,,clarity-democracy_rights_and_participation-03-l2,,最終確認待ち
exp26-civic-0430,民主主義・市民参加,3,2,decision_maker,representation_and_mandate,住民の質問に答えを持たない代表者が、次の会議までに調べると約束した。本人だけでは確かめられない内容もある時、誰がどこまで調べて住民へ返す仕組みにしたい？,架空の説明会の続きです。質問を持ち帰る代表だけでは必要な情報を集め切れない条件を置きます。代表、担当機関、質問した住民の間で、調べるための権限や資料、返答を待つ見通しをどうつなぐか考えます。,,0404の代表者の誠実さの評価から分け、不確実な質問を持ち帰った後の調査・説明責任の分担を聞く。,,,,最終確認待ち
exp26-civic-0431,民主主義・市民参加,3,3,decision_maker,representation_and_mandate,決定の影響を受ける人と、その費用を負担する人が違う時、代表の人数はどう決めたい？,架空の配分会議。影響、負担、人数は異なる代表性の根拠となる。,,人数以外の代表の重み。,,,,最終確認待ち
exp26-civic-0432,民主主義・市民参加,3,2,decision_maker,participation_as_learning,市民会議の成果を、合意した数ではなく参加者が理解した違いで評価することをどう考える？,仮の評価設計。結論を出す役割と互いの事情を知る価値を分ける。,,合意以外の熟議の成果。,,,,最終確認待ち
exp26-civic-0433,民主主義・市民参加,3,2,actor,participation_as_learning,市民が専門家へ質問する会議では、初歩的な質問を守るためどんな時間を設けたい？,架空の会議。知識の差を埋めることと限られた時間の配分を考える。,,知らないまま質問する参加。,,,,最終確認待ち
exp26-civic-0434,民主主義・市民参加,3,2,observer,participation_as_learning,会議の前に賛否を表明してもらうことは、考えを変えにくくすると思う？,仮の運営方法。出発点を知る利益と立場を守る圧力を考える。,,最初の意見を固定する影響。,,,,最終確認待ち
exp26-civic-0435,民主主義・市民参加,3,2,decision_maker,participation_as_learning,決める会議と学ぶ会議を分けると、市民の参加は何を得て何を失うと思う？,架空の設計。情報を受ける余裕と学びが決定に届く機会を比べる。,,学びと判断をつなぐ会議の形。,,,,最終確認待ち
exp26-civic-0436,民主主義・市民参加,3,3,actor,participation_as_learning,多様な立場の資料を用意する時、意見の数を同じにすることが公平だと思う？,仮の教材選定。立場の違いと根拠の確かさを別に考える。,,意見の均等と根拠の扱い。,,,,最終確認待ち
exp26-civic-0437,民主主義・市民参加,3,2,decision_maker,participation_as_learning,一度の市民会議で結論が出ない時、期限を延ばす判断に何を求めたい？,仮の事業。理解を深める時間と待つ人の生活上の必要を考える。,,考える時間と決定の期限。,,,,最終確認待ち
exp26-civic-0438,民主主義・市民参加,3,2,actor,participation_as_learning,会議参加者が考えを変えた理由を記録することに、どんな意義と負担があると思う？,架空の記録。学びの過程を残すことと内面を説明する負担を考える。,privacy_and_surveillance,意見の変化を記録する範囲。,,,,最終確認待ち
exp26-civic-0439,民主主義・市民参加,3,2,observer,participation_as_learning,専門家の説明を聞いた後にも結論を保留できることは、市民参加に必要だと思う？,仮の会議。情報を受けたことと判断が固まることを分ける。,,学びの後にも残る迷い。,,,,最終確認待ち
exp26-civic-0440,民主主義・市民参加,3,2,actor,participation_as_learning,意見を変えた参加者ばかり成果として紹介することを、どう考える？,仮の広報。考えを守った理由や迷いも学びの一部となりうる。,,変化だけを良い参加としない。,,,,最終確認待ち
exp26-civic-0441,民主主義・市民参加,3,2,observer,participation_as_learning,異なる人と話す市民会議で、互いを好きになることまで目標にしたい？,架空の対話。理解、信頼、親しさは同じ成果ではない。,,対話に求める関係の深さ。,,,,最終確認待ち
exp26-civic-0442,民主主義・市民参加,3,3,decision_maker,participation_and_daily_life,住民会議への参加費用に、交通費だけでなくケアの代替費も含めることをどう考える？,架空の制度。会場に来るために他の役割を誰かへ渡す負担を考える。,,ケアを担う人の参加条件。,,,,最終確認待ち
exp26-civic-0443,民主主義・市民参加,3,2,decision_maker,participation_and_daily_life,一度だけ参加する人の意見を、継続参加者と同じ重さで扱うことをどう考える？,仮の運営。経験の厚さと参加時間を使えない事情を比べる。,,継続できない人の声の重さ。,,,,最終確認待ち
exp26-civic-0444,民主主義・市民参加,3,2,actor,participation_and_daily_life,会議に出られない人へ意見を尋ねる時、回答しない自由をどう伝えたい？,架空の案内。届く声を増やす目的と参加を求める圧力を分ける。,,意見を出さない選択の保障。,,,,最終確認待ち
exp26-civic-0445,民主主義・市民参加,3,2,actor,participation_and_daily_life,会議で話すのが苦手な人の書面意見は、どんな順番で紹介すべきだと思う？,仮の進行。現場の声に埋もれないことと確認の機会を考える。,,非発言の声を会議へ届かせる。,,,,最終確認待ち
exp26-civic-0446,民主主義・市民参加,3,2,decision_maker,participation_and_daily_life,公共の会議を複数の地区で別々に開く時、結論が食い違ったら誰が全体の方針をまとめるべきだと思う？,架空の分散した参加。地域ごとの事情を保つことと全体として決める必要を比べる。,,分散した参加から全体の決定へつなぐ役目。,,,,最終確認待ち
exp26-civic-0447,民主主義・市民参加,3,2,observer,participation_and_daily_life,参加謝礼を設けることは、声の多様さと動機のあり方に何をもたらすと思う？,仮の謝礼制度。時間の負担への補償と動機への評価を分ける。,,謝礼を受けて参加する意味。,,,,最終確認待ち
exp26-civic-0448,民主主義・市民参加,3,3,decision_maker,participation_and_daily_life,会議で自分の生活の困難を話さないと影響を説明できない時、どんな共有方法を設けたい？,架空の聞き取り。政策の必要を知ることと私生活の開示を比較する。,privacy_and_surveillance,決定参加のための体験開示。,,,,最終確認待ち
exp26-civic-0449,民主主義・市民参加,3,2,decision_maker,participation_and_daily_life,長く参加する人が休める交代制に、どんな条件が必要だと思う？,仮の運営。経験の引継ぎと役割から離れる自由を考える。,,参加を担い続ける人の休息。,,,,最終確認待ち
exp26-civic-0450,民主主義・市民参加,3,3,actor,participation_and_daily_life,参加者の年齢や職業を公表して多様性を示すことを、どこまで本人に選んでもらいたい？,架空の広報。会議の代表性と参加者が知られたくない情報を考える。,privacy_and_surveillance,多様性の証明に使う本人の情報。,,,,最終確認待ち
exp26-civic-0451,民主主義・市民参加,3,2,decision_maker,participation_and_daily_life,少人数の話合いを重ねる方式は、大きな公開会議と比べてどんな声を拾いやすいと思う？,仮の設計。話しやすさと全体の過程が見えることを比べる。,,小さな会議の入口と透明さ。,,,,最終確認待ち
exp26-civic-0452,民主主義・市民参加,3,2,actor,participation_and_daily_life,参加の申込みで意見を先に書く方式は、まだ考えがない人の入口を狭めると思う？,仮の募集。準備された声と一緒に考え始める参加を分ける。,,意見の有無を参加条件にする境界。,,,,最終確認待ち
exp26-civic-0453,民主主義・市民参加,3,2,decision_maker,participation_and_daily_life,子どもの同席を認める市民会議では、議論の進行と参加しやすさをどう両立したい？,架空の会場運営。ケアの事情と集中できる環境を考える。,,暮らしごと参加する条件。,,,,最終確認待ち
exp26-civic-0454,民主主義・市民参加,3,2,actor,participation_and_daily_life,意見を話すのに時間が必要な参加者がいる時、会議全体の時間をどう配分したい？,仮の進行。全員同じ時間と必要に応じた時間の公平を比べる。,,表現の速さが異なる参加の公平。,,,,最終確認待ち
exp26-civic-0455,民主主義・市民参加,3,2,decision_maker,participation_and_daily_life,参加者が途中で退出しても、そこで話した意見を決定へ残すべきだと思う？,仮の会議。最後までいることと発言の重みを区別する。,,最後まで居られない人の声。,,,,最終確認待ち
exp26-civic-0456,民主主義・市民参加,3,2,observer,participation_and_daily_life,市民参加の実績を参加回数で評価する時、関心はあるが来られない人をどう扱いたい？,仮の評価。見える出席と生活上の制約を分ける。,,出席の数で測れない市民の関心。,,,,最終確認待ち
exp26-civic-0457,民主主義・市民参加,3,3,decision_maker,process_and_outcome,当事者の声を聞いたのに希望と違う決定をした時、公的機関は何を説明する責任があると思う？,架空の決定。参加の機会と結論への拒否権は同じではない。,,聞いた声が使われたかの説明。,,r6-04-05-l4,,最終確認待ち
exp26-civic-0458,民主主義・市民参加,3,2,decision_maker,process_and_outcome,会議の記録に少数意見を残す時、提案者の名前も必要だと思う？,仮の議事録。理由を残すことと個人を特定する必要を分ける。,privacy_and_surveillance,少数の声の記録と匿名性。,,,,最終確認待ち
exp26-civic-0459,民主主義・市民参加,3,2,actor,process_and_outcome,意見を募集した政策で採用しなかった理由を一つずつ伝えることは、どこまで必要だと思う？,仮の募集制度。応答の負担と声を軽視されない見通しを考える。,,採用されない声への応答。,,,,最終確認待ち
exp26-civic-0460,民主主義・市民参加,3,3,observer,process_and_outcome,投票後も反対した人が異議を出し続けることを、決定の尊重とどう両立したい？,架空の市民活動。実施を妨げる行動と主張を続ける権利を分ける。,,決まった後にも残る反対。,,,,最終確認待ち
exp26-civic-0461,民主主義・市民参加,3,3,decision_maker,process_and_outcome,試行してから正式に決める制度では、見直す時期と撤回の条件を先に示すべきだと思う？,仮の試行計画。実験中に影響を受ける人の見通しを考える。,,仮の決定を続ける責任。,,,,最終確認待ち
exp26-civic-0462,民主主義・市民参加,3,3,decision_maker,process_and_outcome,会議の全記録を公開することと、安心して迷いを話せることをどう両立したい？,架空の公開方針。透明さと未完成な発言が長く残る負担を考える。,privacy_and_surveillance,公開の中で考えを試す自由。,,,,最終確認待ち
exp26-civic-0463,民主主義・市民参加,3,3,decision_maker,process_and_outcome,賛成が多い案でも影響がまだ分からない時、決定を待つ基準は何だと思う？,仮の政策案。人数の支持と判断に必要な情報を分ける。,,多数の支持と不確実さ。,,,,最終確認待ち
exp26-civic-0464,民主主義・市民参加,3,2,actor,process_and_outcome,会議の結論を短く知らせる時、反対理由まで載せる必要があると思う？,架空の通知。分かりやすさと次に検討するための違いを考える。,,結論だけにしない公共の説明。,,,,最終確認待ち
exp26-civic-0465,民主主義・市民参加,3,2,actor,process_and_outcome,以前の参加者がいない会議で方針を変える時、過去の意見をどこまで確認したい？,仮の再検討。今の判断と参加して残した理由の継承を比べる。,,不在になった参加者の声。,,,,最終確認待ち
exp26-civic-0466,民主主義・市民参加,3,3,observer,process_and_outcome,反対意見に沿わない決定でも、参加者が意味のある参加だったと感じる条件は何だと思う？,仮の決定評価。結論への一致と過程への信頼を区別する。,,希望が通らない参加の意味。,,,,最終確認待ち
exp26-civic-0467,民主主義・市民参加,3,3,decision_maker,protest_and_expression,公共の広場の抗議活動で、音を出す時間の制限は何を基準に決めたい？,架空の利用調整。届く表現と周囲の日常の負担を考える。,,表現の届き方と生活の調整。,,,,最終確認待ち
exp26-civic-0468,民主主義・市民参加,3,2,decision_maker,protest_and_expression,団体の声明に賛同しない人がいる時、意見が分かれた事実も公開することをどう考える？,架空の声明。統一された主張の伝わりやすさと、内部の違いを隠さない責任を比べる。,,団体を一枚岩として示すかの判断。,,,,最終確認待ち
exp26-civic-0469,民主主義・市民参加,3,2,actor,protest_and_expression,同じ要求を支持する人が、街頭での抗議には加わらず別の形で働き掛けたいと望んだ。主催者はその人を活動の参加者として数えるか、別の支持の形として示すか、何を確認したい？,架空の抗議活動です。主張には同意するが、活動への参加や自分の名前の使われ方まで委ねたわけではない人を想定します。人数を示して訴えを届かせることと、本人が選んだ関わり方を表すことを、主催する側から考えます。,,0420の強い表現への違和感から分け、同意、参加、別の働き掛けを主催者がどう数えて示すかを聞く。,,,,最終確認待ち
exp26-civic-0470,民主主義・市民参加,3,3,actor,protest_and_expression,公共施設に意見広告を置く時、施設が内容に賛成したと見られない説明はどこまで必要だと思う？,架空の展示。場所を開くことと公的機関の支持を区別する。,,公共の場所と主張の支持の差。,,,,最終確認待ち
exp26-civic-0471,民主主義・市民参加,3,3,decision_maker,protest_and_expression,社会問題を扱う集会で体験を話す人の内容を、参加者が自由に拡散してよいと思う？,架空の集会。会場で話す同意と会場外へ広める同意を分ける。,privacy_and_surveillance,公の場で話しても残る語りの境界。,,,,最終確認待ち
exp26-civic-0472,民主主義・市民参加,3,3,observer,protest_and_expression,意見を伝えるために不便を生む抗議は、どんな条件なら受け止めたい？,仮の公共活動。届きにくい声と無関係な人が負う費用を考える。,,抗議に伴う他者の負担。,,,,最終確認待ち
exp26-civic-0473,民主主義・市民参加,3,3,actor,protest_and_expression,反対する主張にも公共の会場を貸すことを、運営者はどう説明したらよいと思う？,仮の施設運営。通常の利用規則を満たし、差別や脅迫のない主張を想定する。,,自分と違う声へ場所を開く理由。,,,,最終確認待ち
exp26-civic-0474,民主主義・市民参加,3,3,observer,protest_and_expression,抗議の場で顔を出さず参加できることは、どんな市民の声を支えると思う？,架空の活動。責任を問える表現と仕事や生活への影響を考える。,privacy_and_surveillance,匿名で公共の声を持つ条件。,,,,最終確認待ち
exp26-civic-0475,民主主義・市民参加,3,2,observer,protest_and_expression,政策に反対する人が式典で沈黙する行動を取った時、意思表示として扱いたい？,仮の式典。言葉を使わない表現と参加しない行動の意味を考える。,,沈黙で示す政治的な意思。,,,,最終確認待ち
exp26-civic-0476,民主主義・市民参加,3,3,actor,protest_and_expression,集会の代表者が過激な一部の発言を訂正する時、誰の意見を代表しているかどう示したい？,仮の活動。多様な参加者と全体の声明を同じにしない。,,活動の声をひとまとめにしない。,,,,最終確認待ち
exp26-civic-0477,民主主義・市民参加,3,3,decision_maker,public_trust,政策への信頼が失われた時、説明会を増やすことと意思決定を変えることのどちらが必要だと思う？,架空の公共事業。情報不足と関わり方への不満を区別する。,,説明だけで戻らない信頼。,,,,最終確認待ち
exp26-civic-0478,民主主義・市民参加,3,2,observer,public_trust,約束を守れなかった代表が、できた成果だけを報告することをどう考える？,仮の報告。達成した利益と果たせなかった委任を両方見る。,,公共の約束の未達を伝える意味。,,,,最終確認待ち
exp26-civic-0479,民主主義・市民参加,3,3,actor,public_trust,公的な決定の責任者を示すことと、判断に関わった複数の人を示すことでは何が違うと思う？,架空の説明資料。責任の所在と判断の過程の透明さを分ける。,,一人の責任と共同の判断。,,,,最終確認待ち
exp26-civic-0480,民主主義・市民参加,3,3,decision_maker,public_trust,代表者への批判を受け付ける窓口は、代表者から独立している必要があると思う？,仮の制度。説明へつなぐ役割と率直に異議を言う安心を考える。,,信頼を点検する独立した入口。,,,,最終確認待ち
exp26-civic-0481,民主主義・市民参加,3,3,decision_maker,public_trust,公的な誤りを早く訂正するため、まだ調査中だと説明して方針を止めることをどう考える？,仮の見直し。継続の負担と不確かな時点で止める責任を比べる。,,調査中に判断を開く信頼。,,,,最終確認待ち
exp26-civic-0482,民主主義・市民参加,3,3,decision_maker,public_trust,政策の理由が途中で変わった時、公的機関は最初の説明も記録に残すべきだと思う？,架空の見直し。現在の根拠と過去の約束を検証する機会を分ける。,,変わった説明を残す責任。,,,,最終確認待ち
exp26-civic-0483,民主主義・市民参加,3,2,observer,public_trust,自分と違う政策を実施した機関にも、適切に理由を説明したと評価できると思う？,仮の政策評価。内容への賛否と過程の誠実さを区別する。,,一致しない結論への公的信頼。,,r6-14-04-l4,,最終確認待ち
exp26-civic-0484,民主主義・市民参加,3,3,decision_maker,public_trust,選んだ代表を任期途中で交代できる制度には、どんな説明や確認が必要だと思う？,架空の制度案。意思の更新と落ち着いて仕事を続ける条件を考える。,,委任を途中で戻す条件。,,,,最終確認待ち
exp26-civic-0485,民主主義・市民参加,3,3,decision_maker,public_trust,公共の会議で利害関係を申告した人を、議論から外すか参加を残すか何で決めたい？,仮の会議規則。経験を聞く価値と自己利益が判断に入る危険を分ける。,,利害を持つ人の知識と裁量。,,,,最終確認待ち
exp26-civic-0486,民主主義・市民参加,3,2,actor,public_trust,住民の意見を聞く事業を毎年続ける時、前の声がどう使われたか知らせることを条件にしたい？,架空の継続事業。聞く実施回数と応答の積み重ねを区別する。,,聞き続ける制度の応答責任。,,,,最終確認待ち
exp26-civic-0487,民主主義・市民参加,4,3,actor,representation_and_mandate,あなたは地域施設の見直しを市に提言する住民会議の参加者。近所の人からは施設を残す意見を託されたが、ほかの地域の事情を聞いて統合がよいと思い始めた。近所との関係が悪くなるかもしれなくても、統合に賛成する？,施設の見直しと近所からの委任は架空の条件。自分の学び、託された希望、今後の近所との関係が重なる。OECDの2020年原則は、関連情報を得て専門家等に問い、複数の観点を聴く機会を重視する。考えを変えるべきだと結論付ける資料ではない。,,委任への忠実さと新しく知った事情を、自分の地域での関係に置く。,https://www.oecd.org/en/publications/innovative-citizen-participation-and-new-democratic-institutions_339306da-en/full-report/component-9.html,bridge-035 / r6-14-04-l4,,最終確認待ち
exp26-civic-0488,民主主義・市民参加,4,3,affected,representation_and_mandate,あなたの意見を代表者に託したが、会議では別の案に賛成した。理由を聞いて理解できた時、信頼も戻ると思う？,仮の委任後。納得する理由と約束が変わった感情を分ける。,,託した声が変わる本人の信頼。,,,,最終確認待ち
exp26-civic-0489,民主主義・市民参加,4,3,actor,representation_and_mandate,あなたは少数派の代表に選ばれたが、仲間と同じ意見ではない。自分の考えも出すと裏切りに見える時、何を隠したくない？,架空の代表。集団の中にも違いがあることと役目への期待を考える。,,同じ立場でも違う自分の声。,,,,最終確認待ち
exp26-civic-0490,民主主義・市民参加,4,3,decision_maker,representation_and_mandate,あなたは代表として急いで決め、後から託した人に反対された。決め直すと他の相手への約束が崩れる時、どの責任を引き受けたい？,仮の緊急判断。委任の確認と既に結んだ約束の両方を考える。,,二つの約束を負う代表の判断。,,,,最終確認待ち
exp26-civic-0491,民主主義・市民参加,4,3,affected,representation_and_mandate,支援を受けて暮らす場所について、所属していない当事者団体が自分たち全体の希望として方針を提案した。団体の声は大切だと思うが、自分はそこでの暮らしを選び直したい。代表されることと、自分で決めることをどう両立したい？,架空の支援と生活の見直しです。自分と同じ立場の人の団体であっても、自分の暮らす場所への希望が同じとは限らない条件を置きます。団体の代表が多くの人の希望を届ける意味と、本人が今の居場所や今後の人生を選ぶ主体でいる意味を考えます。,,0429の組織されない声の入口から、代表される本人が自分の居場所とこれからの生活を選び直す意味へ深める。,,,,最終確認待ち
exp26-civic-0492,民主主義・市民参加,4,3,actor,representation_and_mandate,長く代表を続けたあなたに交代を求める声がある。経験を役立てたい気持ちと役目を手放すことをどう考える？,架空の交代。貢献の実感と新しい声を入れる必要を考える。,,代表としての自分の居場所を手放す。,,,,最終確認待ち
exp26-civic-0493,民主主義・市民参加,4,3,decision_maker,representation_and_mandate,あなたは代表の委任範囲を決める担当。以前、託した希望を変えられて傷ついたが、今の代表には考える余地が必要だと言われる。自分の不信をどこまで規則にしたい？,仮の委任。過去の自分の経験と新しい代表が判断する自由を比べる。,,自分の傷から委任を縛る判断。,,,,最終確認待ち
exp26-civic-0494,民主主義・市民参加,4,3,affected,representation_and_mandate,長く暮らした地域を離れる支援には賛成だが、迷いもあると代表へ伝えた。会議では賛成の声だけに要約され、近所の人には地域を見捨てたと思われた。結論を撤回したいわけではない時、何を自分の言葉として取り戻したい？,架空の地域の将来の話合いです。移ることへの賛成に、残る人への思いや馴染みの場所を失う迷いも重なっていた条件を置きます。要約の正確さだけではなく、自分の人生や関係に意味を持つ声が一つの結論へ縮められたことを考えます。,,長く暮らした地域を離れることに賛成する本人が、迷いと関係まで自分の声として残す意味を聞く。,,,,最終確認待ち
exp26-civic-0495,民主主義・市民参加,4,3,decision_maker,representation_and_mandate,あなたは代表の選出担当。信頼する友人を選んだが、生活のため断られた。その人がいないと事業は進みにくい時、友情を守ってどこまで頼みたい？,仮の選出。役に立ってほしい期待と友人の暮らしを尊重する責任を考える。,,信頼する友人へ役を頼む関係の限界。,,,,最終確認待ち
exp26-civic-0496,民主主義・市民参加,4,3,decision_maker,representation_and_mandate,家族が長年働く市場の移転を、住民の代表として決める立場になった。移転は地域のためになると思うが、自分の暮らしと家族の歩みにも影響する。利害を説明した上でも、自分がこの判断を担いたいと思える条件は何？,架空の市場の移転です。自分の家族の仕事と地域全体の方針が重なり、利益だけでなく生活や長く続けた歩みの変更もある条件を置きます。経験が判断に役立つ場合と、自分の利害のために決める場合を分け、判断を引き受ける自分の責任を考えます。,,0485の利害関係の規則から、自分と家族の生活の歩みを変える代表が判断を担う意味へ深める。,,,,最終確認待ち
exp26-civic-0497,民主主義・市民参加,4,3,affected,participation_as_learning,自分の家族の暮らしに関わる政策へ、長く反対してきたとする。会議で、支持する人も別の大切なものを守ろうとしていると知った。結論が変わらなくても、その人への見方や、自分が反対し続ける理由は変わりそう？,架空の政策の対話です。本人の家族の暮らしに関わる反対があり、支持する相手にも別の大切な理由があると知った場面です。結論、相手への親しさ、自分の反対理由はそれぞれ変わっても変わらなくてもかまいません。実経験の披露や合意を求めません。,,一般の対話の学びから、自分の暮らしに関わる反対を持つ本人が、相手の事情を知っても結論を保つ時の見え方を聞く。,,,,最終確認待ち
exp26-civic-0498,民主主義・市民参加,4,3,actor,participation_as_learning,あなたは市民会議の司会。自分が長く反対してきた政策に、参加者は理解を示し始めた。自分の信念と、結論を誘導しない役目をどう両立したい？,架空の進行。自分が信じる価値と他の人が学んで決める機会を分ける。,,司会者が自分の信念と違う学びを支える。,,,,最終確認待ち
exp26-civic-0499,民主主義・市民参加,4,3,affected,participation_as_learning,あなたは会議で考えを変えたが、仲間には流されたと言われた。何を知って変わったのか、自分の言葉でどう話したい？,仮の参加後。意見の変化と所属への忠実さを別に考える。,,考えを変えた自分への責任。,,,,最終確認待ち
exp26-civic-0500,民主主義・市民参加,4,3,affected,participation_as_learning,長く暮らした地域の移転について、住民会議の一人として判断を求められた。説明を聞いても決められず、皆は今決めなければ生活を立て直せないと言う。帰る場所を失うかもしれない迷いと、待つ人への責任をどう背負いたい？,架空の移転の話合いです。安全や将来を考える情報は得たものの、自分の居場所を変える判断がまだ固まらない条件を置きます。保留する自由の一般論ではなく、自分の人生への決定と、結論を待つ他の住民の暮らしへの責任が同時にあることを考えます。,,0439の情報を得ても保留する自由から、自分の帰る場所が変わる判断に迷う意味と他の人を待たせる責任へ深める。,,,,最終確認待ち
exp26-civic-0501,民主主義・市民参加,4,3,decision_maker,participation_as_learning,あなたは会議の期限を決める担当。合意できなければ自分の事業は失敗と見られるが、違いがよく分かるようになった。何を価値のある時間だったと引き受けたい？,仮の評価。合意を約束した自分と、その過程で得た理解の責任を考える。,,成果を求められる自分が認める対話の価値。,,,,最終確認待ち
exp26-civic-0502,民主主義・市民参加,4,3,actor,participation_as_learning,あなたは参加者の変化を紹介する広報担当。自分も対話で考えが変わったのでそれを良い成果だと信じてきた。変わらなかった人の学びを同じように伝えられる？,架空の広報。自分に起きた変化を他人の学びの基準にしない。,,自分を変えた対話を他人へ重ねる限界。,,,,最終確認待ち
exp26-civic-0503,民主主義・市民参加,4,3,affected,participation_as_learning,あなたは専門家に任せる方がよいと考えてきたが、市民会議の参加者になった。初歩的な質問をする自分にも判断する役目がある時、知らないまま関わることをどう感じる？,仮の参加。知識の不足と市民として判断に加わる意味を分ける。,,任せてきた自分が判断する側へ入る。,,,,最終確認待ち
exp26-civic-0504,民主主義・市民参加,4,3,actor,participation_as_learning,あなたは説明役。自分が信じる案の根拠は強いと思うが、参加者には別の立場も知ってほしい。中立に見せるために自分の判断を隠すことは誠実だと感じる？,仮の教材。立場への忠実さ、根拠の評価、他人が選ぶ余地を区別する。,,自分の信念を持つ説明者の誠実さ。,,,,最終確認待ち
exp26-civic-0505,民主主義・市民参加,4,3,decision_maker,participation_as_learning,あなたは会議で意見が動いた経緯を記録する担当。「迷いは外に出さない」と約束したが、公開すると事業の価値が伝わる。自分の約束を変えるなら何を本人に頼める？,仮の記録。成果を示す責任と安心して話せると伝えた約束を考える。,privacy_and_surveillance,対話の成果のために自分の約束を変える。,,,,最終確認待ち
exp26-civic-0506,民主主義・市民参加,4,3,observer,participation_as_learning,地域の対立が続き、以前親しかった近所の人とも挨拶しなくなった。外から見た市民会議では互いの事情は伝わったが、対立は残った。もう話しても無駄だと思ってきた自分は、相手との暮らしに何を戻したい？,架空の地域の関係です。自分は会議に加わらず、その場を見た人として、話しても関係は戻らないと諦めてきた条件を置きます。会議の成果を一般に評価することではなく、合意がなくても同じ地域で生きる自分の見方や関係が動くかを考えます。親しくなることを必須としません。,,0441/0432の対話の成果評価から、自分が諦めた地域での共存を対立が残る会話で見直す意味へ深める。,,,,最終確認待ち
exp26-civic-0507,民主主義・市民参加,4,3,affected,participation_and_daily_life,あなたは地域の会議に参加したいが、家族のケアで出られない。意見だけ送るなら、自分も決める側だと何で感じたい？,仮の参加。会場にいることと決定に関わる機会を分ける。,,会場にいない本人の参加の実感。,,,,最終確認待ち
exp26-civic-0508,民主主義・市民参加,4,3,decision_maker,participation_and_daily_life,あなたは市民会議の担当。ケアの代替費を出すと募集人数は減り、待つ人は反対する。自分もかつてケアで参加できなかった時、誰に何を公平だと説明したい？,架空の予算。自分の経験から見える入口と、他の人が待つ負担を比べる。,,参加できなかった自分が配る公平。,,,,最終確認待ち
exp26-civic-0509,民主主義・市民参加,4,3,actor,participation_and_daily_life,あなたは会議で地域の声を伝える役を長く担い、そこを自分の居場所にもしてきた。続ければ大切な人と過ごす時間をさらに失うが、任せると自分の声まで届かなくなる気がする。役目を離れた後、どんな市民として関わりたい？,架空の継続参加です。会議の役が本人の公共での居場所を支えてきた一方、私的な時間を使い続けてきた設定です。役を任せることで声も届かなくなるという本人の感じ方と、市民として関わることを分けます。役目を離れると発言の権利を失う制度を仮定していません。,,交代や休息の伝え方だけでなく、役に支えられた公共での居場所と私的な人生の時間を比べ、退出後の市民としての自己を聞く。,,,,最終確認待ち
exp26-civic-0510,民主主義・市民参加,4,3,affected,participation_and_daily_life,あなたは一度だけ参加し、大事な意見を伝えた。常連から事情を知らないと言われたら、何を自分の声の根拠にしたい？,架空の会議。参加歴と日々受ける影響の違いを考える。,,継続して来られない本人の声。,,,,最終確認待ち
exp26-civic-0511,民主主義・市民参加,4,3,actor,participation_and_daily_life,あなたは書面意見を紹介する係。会場では自分も賛成する案で話が進んでいるが、不在の人は反対している。自分の望む決定を遅らせても、何を届けたい？,仮の進行。自分の主張と預かった声への責任を分ける。,,自分の結論と違う不在者の声を守る。,,,,最終確認待ち
exp26-civic-0512,民主主義・市民参加,4,3,affected,participation_and_daily_life,あなたは政策の影響を伝えるため私生活を話す必要がある。変えてほしいことがあっても、どこまで自分を見せたい？,架空の意見聴取。要望を届けることと体験全体の開示を分ける。,privacy_and_surveillance,公共の声を持つために払う開示。,,,romance-028,最終確認待ち
exp26-civic-0513,民主主義・市民参加,4,3,actor,participation_and_daily_life,あなたは会議へ呼び掛ける担当。親しい人たちのために始めたのに、その人たちは来ない。自分の思いが届かない寂しさを、参加の圧力に変えずにいられる？,仮の募集。自分の動機と相手が関わらない選択を区別する。,,人のために始めた自分の寂しさ。,,,,最終確認待ち
exp26-civic-0514,民主主義・市民参加,4,3,affected,participation_and_daily_life,あなたは会議のため仕事を休み、謝礼を受ける。報酬目当てだと言われたら、参加の動機をどう自分で捉えたい？,架空の参加。費用の補償と公共への関心は共存しうる。,,謝礼を受ける自分の参加の意味。,,,,最終確認待ち
exp26-civic-0515,民主主義・市民参加,4,3,decision_maker,participation_and_daily_life,あなたは会議を企画し、時間通り進めると約束した。発言に時間が必要な人を待つと予定は延びる。約束を守る自分の誠実さと、声を届かせる公平をどう考える？,架空の進行。均等な時間、表現できる時間、他の参加者の予定を比べる。,,自分の約束を遅くする公平の責任。,,,,最終確認待ち
exp26-civic-0516,民主主義・市民参加,4,3,affected,participation_and_daily_life,あなたは体調のため会議を途中で退席した。結論の場にいなくても、自分の意見に責任を持ったと感じられる？,仮の参加。滞在時間と声を出した意味を分ける。,,最後まで居られない自分の責任。,,,,最終確認待ち
exp26-civic-0517,民主主義・市民参加,4,3,decision_maker,participation_and_daily_life,あなたは参加者の多様性を示す担当。「代表してほしい」と個人的に頼んだ人が属性の公開を迷う時、その人への約束と事業の実績をどう分けたい？,仮の広報。声を届ける役目と、その人の情報を証明に使うことは別となる。,privacy_and_surveillance,自分が頼んだ人を実績として見せる境界。,,,,最終確認待ち
exp26-civic-0518,民主主義・市民参加,4,2,actor,participation_and_daily_life,あなたは住民会議を手伝う。自分もケアをしながら参加したかったが、今は子どもの声で議論に集中できず苛立つ。迎えたい信念と自分の疲れをどう扱う？,架空の会場。参加を開く価値と実際に負う不便は両方考える。,,支持する参加の条件を自分が負う葛藤。,,,,最終確認待ち
exp26-civic-0519,民主主義・市民参加,4,3,affected,participation_and_daily_life,あなたは政治への関心はあるが、今は活動する余裕がない。何をしていれば自分は市民として関わっていると感じる？,仮の生活。表に見える参加だけで関心の深さを測らない。,,活動しない自分の公共との距離。,,,,最終確認待ち
exp26-civic-0520,民主主義・市民参加,4,3,actor,legacy_voice_and_current_participation,亡くなった家族は、地域の計画について自分とは違う意見を残した。状況が変わった今、家族の声を伝えることが現在の決定を縛るかもしれない。遺された言葉を運ぶ人として、何に忠実でいたい？,架空の家族と地域への参加です。家族は生前に意見を残しましたが、今の状況について聞き直すことはできません。家族を思う自分が声を消したくない気持ちと、今暮らす人の選択を同じ委任として扱わないことを考えます。実際の喪失を語る必要はありません。遺された声は現在の人の判断を拘束する権限と同じだとはしません。,,0511の欠席者の声と自分の賛否から分け、聞き直せない家族の言葉を現在の公共の選択へ運ぶ自分の忠実さを聞く。,,,,最終確認待ち
exp26-civic-0521,民主主義・市民参加,4,3,decision_maker,participation_and_daily_life,あなたは参加制度の責任者。意見を出せる人の力で制度を作ってきたが、迷っている人は来ない。自分の誇りにした参加の何を変えたい？,仮の募集。完成した主張と考え始める機会を分ける。,,自分が築いた参加の入口を見直す。,,,,最終確認待ち
exp26-civic-0522,民主主義・市民参加,4,3,affected,process_and_outcome,あなたは障害に関わる福祉サービスの利用者代表として、見直しの会議に参加した。反対理由は記録されたが、ほかの支援にも予算を回すため、利用条件を厳しくする案が選ばれ、自分の暮らしは苦しくなる。自分たちも決定に関われたと感じるには、何が必要？,変更と予算配分は架空で、その案の合法性や公平さを前提にしない。障害者権利委員会の2018年一般的意見7は、初期から最終決定までの参加と、意見がどう考慮されたかの理解できる説明を扱う。記録が残るだけで有効な参加だったとは限らない。,,自分の生活に不利益が生じても、意味のある参加を感じる条件。,https://docstore.ohchr.org/SelfServices/FilesHandler.ashx?enc=j3guiQd0Hp2byJvITGx2HcxeXZdrqM4IeLGjasXGdMDUF4hnY9iaCr5CAsA7mWka21pAHThmMFo8I%2B59OiVpQQ%3D%3D,clarity-democracy_rights_and_participation-01-l3 / ethics-008,,最終確認待ち
exp26-civic-0523,民主主義・市民参加,4,3,decision_maker,process_and_outcome,あなたは当事者の希望と違う決定をした責任者。自分を信じて体験を話した人に、利用されたと言われた。結論を変えられない時、どんな責任が自分に残る？,架空の政策判断。声を聞く約束、結論への同意、実際の影響を分けて考える。,,自分を信じて話した人への決定責任。,,,,最終確認待ち
exp26-civic-0524,民主主義・市民参加,4,3,decision_maker,process_and_outcome,あなたは自分の案に多数の賛成を得た。反対した一人の切実な生活を知り、案を直すと支持者に裏切りと言われそうだ。誰との約束を考え直したい？,仮の会議。人数の支持と少数が受ける影響の大きさを比べる。,,勝った自分が支持者へ負う見直しの責任。,,,,最終確認待ち
exp26-civic-0525,民主主義・市民参加,4,3,affected,process_and_outcome,あなたは反対した方針が決まった。実施を手伝うことと反対を続けることは、自分の中で両立できる？,架空の活動。決定に協力する行動と意見を保つことを分ける。,,決定に従っても保つ自分の声。,,,,最終確認待ち
exp26-civic-0526,民主主義・市民参加,4,3,actor,process_and_outcome,あなたは会議の記録係。安心して話せると伝えた相手が、迷いの残る発言を削除してほしいと言う。記録を任された役目と自分の言葉をどう守りたい？,仮の議事録。検証できる過程と本人が信じた発言の条件を考える。,privacy_and_surveillance,安心を約束した自分が声を残す責任。,,,,最終確認待ち
exp26-civic-0527,民主主義・市民参加,4,3,decision_maker,process_and_outcome,あなたは試行制度を始めた担当者。自分の案で生活が良くなった人は頼り、負担を受けた人は撤回を求める。始めた自分の誇りを持ちながら何を止められる？,仮の試行評価。自分の案の成功と残った不利益を別に見る。,,自分の成功を誰かのために止める判断。,,,,最終確認待ち
exp26-civic-0528,民主主義・市民参加,4,3,affected,process_and_outcome,あなたは意見募集に何度も答えたが、使われ方が分からない。次も声を出すなら、何を信じられる必要がある？,架空の参加。回答した労力と応答がある見通しを考える。,,声を届け続ける本人の信頼。,,,,最終確認待ち
exp26-civic-0529,民主主義・市民参加,4,3,actor,process_and_outcome,あなたは結論を知らせる担当。自分も賛成した案の通知に反対理由を書くと支持が減りそうだ。正しいと信じる結論でも、どんな違いを省きたくない？,仮の通知。結論を実現する望みと判断の経緯を伝える責任を考える。,,自分の望む決定に反対理由を残す責任。,,,,最終確認待ち
exp26-civic-0530,民主主義・市民参加,4,3,affected,process_and_outcome,あなたは自分の案が通った会議を離れた。後の参加者が案を変えたいと言う時、過去の参加にどんな重さを残したい？,仮の再検討。自分の貢献と現在の判断の自由を分ける。,,自分が残した決定を手放す感覚。,,,,最終確認待ち
exp26-civic-0531,民主主義・市民参加,4,3,decision_maker,process_and_outcome,あなたは賛成が多い政策の責任者で、実現を自分の約束にしてきた。重要な影響が分からないと知った時、支持を失っても何が分かるまで待ちたい？,架空の判断。自分への期待と影響を確かめる責任を分ける。,,自分の公の約束を保留する責任。,,,,最終確認待ち
exp26-civic-0532,民主主義・市民参加,4,3,actor,process_and_outcome,あなたは少数意見を議事録へ残したい人の仲間。名前を伏せると弱い主張に見えそうでも、何を優先して伝えたい？,仮の記録依頼。声の存在と本人の特定を分ける。,privacy_and_surveillance,少数の声と名前の負担を引き受ける。,,,,最終確認待ち
exp26-civic-0533,民主主義・市民参加,4,3,observer,process_and_outcome,あなたは市民会議を見て、希望が通らない人も参加を評価していると知った。自分が不本意な側でも同じように感じられる？,架空の観察。結果の利益と聞かれた実感が別にある場合を考える。,,外からの評価を自分に置く参加感。,,,,最終確認待ち
exp26-civic-0534,民主主義・市民参加,4,3,actor,protest_and_expression,声を上げられなかった経験から参加した運動で、仲間は「黙っている人も加害者だ」と訴える。怒りには共感するが、声を出せなかった自分も否定される気がする。仲間と歩むことと、沈黙していた自分を守ることをどう考える？,架空の経験と運動を置いた問いです。ここでの言葉は仲間の主張であり、沈黙した人に責任があると断定するものではありません。自分が関わる理由になった過去が、仲間の表現によって否定されたように感じる条件を置きます。実経験の披露を求めず、所属と自分の歩みを共に守る意味を考えます。,,0420の表現の好みから、仲間の言葉が運動に加わった自分の過去も否定する時の連帯と自己尊重の意味へ深める。,,,,最終確認待ち
exp26-civic-0535,民主主義・市民参加,4,3,affected,protest_and_expression,あなたの名前で団体の声明が出たが、自分は一部に反対だった。仲間を支えたい時、名前を外すことをどう感じる？,架空の声明。団体の関係と個人の意思表示を考える。,,所属を保って声から外れる意味。,,,,最終確認待ち
exp26-civic-0536,民主主義・市民参加,4,3,decision_maker,protest_and_expression,自分たちの運動で守った公共施設の責任者になった。その運動の考え方を批判する集会が利用を申し込み、規則は満たしている。仲間が自分たちの居場所を裏切ると言う時、場所を開くことと、仲間への忠実さをどう考えたい？,架空の施設と運動です。批判する集会には差別や脅迫がなく、利用規則も満たす条件を置きます。自分たちの居場所を守った人生の活動と、公の場所の責任者として違う声を受ける役目が重なります。場所を開く結論や、仲間への拒否を正解とするものではありません。,,0473の場所を貸す一般的役割から、自分が守った居場所を批判する声へ開く責任と仲間への忠実さを聞く。,,,,最終確認待ち
exp26-civic-0537,民主主義・市民参加,4,3,affected,protest_and_expression,あなたは集会で体験を語ったが、会場外へ広まるのは望まない。社会を変えたい気持ちと語りの境界をどう両立したい？,仮の発言。公共の場で話したことが無制限な拡散の同意とは限らない。,privacy_and_surveillance,公の声になっても守りたい自分。,,,,最終確認待ち
exp26-civic-0538,民主主義・市民参加,4,3,affected,protest_and_expression,あなたは抗議の音で生活が妨げられたが、訴えには賛成している。声を届けるために自分は何を負担できる？,架空の活動。主張を支持することと日々の負担の限界を分ける。,,支持する表現が自分へ及ぼす不便。,,,,最終確認待ち
exp26-civic-0539,民主主義・市民参加,4,3,actor,protest_and_expression,あなたは集会の代表。親しい仲間の強い発言が全体の主張として広まった。自分も内容の一部には共感する時、仲間との関係を揺らして何を訂正したい？,仮の活動。個人的な共感と託された全体の声明を区別する。,,仲間への忠実さと代表の声の責任。,,,,最終確認待ち
exp26-civic-0540,民主主義・市民参加,4,3,affected,protest_and_expression,あなたは意見を表明したいが、仕事への影響が怖い。顔や名前を出さずに参加する自分を、どんな関わり方だと感じる？,架空の参加。意思表示の責任と生活を守る必要を考える。,privacy_and_surveillance,匿名で公共に関わる自分の意味。,,,,最終確認待ち
exp26-civic-0541,民主主義・市民参加,4,3,actor,protest_and_expression,家族の生活に必要な支援を減らす案に反対するため、あなたは抗議を企画した。人の移動を少し妨げる方法なら注目されるが、無関係な人の予定も崩れる。切実な声を届けたい自分は、他人に求める負担を何の責任として引き受けたい？,架空の政策への抗議です。本人の家族の暮らしに関わる支援が変わる案に対し、自分の声を届けたい理由がある条件を置きます。注目を集める方法で第三者が負う不便を、誰が決め誰が引き受けるか考えます。危険な行動や違法行為を勧めず、実在の抗議の法的な許容範囲を説明するものではありません。,,一般の抗議企画から、本人の家族の暮らしに関わる声を届けるため第三者へ不便を求める自分の選択と責任へ深める。,,,,最終確認待ち
exp26-civic-0542,民主主義・市民参加,4,3,decision_maker,protest_and_expression,あなたは公共の広場の利用責任者。昔は自分も声を届けるため抗議をしたが、今は騒音への苦情を受ける。かつての自分と今の役目をどうつなぎたい？,架空の利用調整。表現が届く意味と周囲の日常を守る責任を考える。,,抗議した自分が表現を調整する葛藤。,,,,最終確認待ち
exp26-civic-0543,民主主義・市民参加,4,3,actor,protest_and_expression,あなたは式典で沈黙する抗議を選んだ。周囲に意図が伝わらない時、説明しない表現を続けたいと思う？,仮の意思表示。自分の誠実さと相手に理解される必要を分ける。,,言葉にしない自分の政治的な声。,,,,最終確認待ち
exp26-civic-0544,民主主義・市民参加,4,3,actor,protest_and_expression,あなたは活動の案内文を作る。自分の怒りを強く書けば人は集まるが、静かに支えたい仲間は離れそうだ。自分の感情をどんな運動の声にしたい？,仮の呼び掛け。表現したい怒りと多様な人が関われる入口を比べる。,,自分の怒りを公共の声へ変える境界。,,,,最終確認待ち
exp26-civic-0545,民主主義・市民参加,4,3,observer,protest_and_expression,かつて参加した運動が仲間を傷つけ、自分は活動から離れた。街の抗議を見て当時を思い出すが、その訴えはまだ知らない。二度と関わらないと決めた自分に、聞く余地を残したいと思う？,架空の過去と遭遇です。今見ている抗議が昔の運動と同じ問題を持つとは分かっていません。傷ついた関係から活動を離れた自分が、過去と今を分けて見られるか考えます。実際の経験の開示や、聞いて参加へ戻る答えを求めません。,,抗議の見た目の不快さの判断から、自分が活動を離れた過去と再び聞くことの人生上の意味へ深める。,,,,最終確認待ち
exp26-civic-0546,民主主義・市民参加,4,3,affected,public_trust,信頼する代表を、親しい人にも「この人に任せよう」と勧めてきた。約束が守られず、自分の選択まで信じられなくなった。事情は理解できても、代表を信じ直すことと、自分の判断を信じ直すことは同じ？,架空の委任と推薦の後です。本人は代表を選び、周囲へ勧める判断もしてきました。代表の事情に納得すること、代表の次の約束を信じること、自分が人を選ぶ判断を信じることを分けます。推薦者が代表の全ての行動の責任を負うとは決めません。,,0488の代表への信頼回復と分け、自分が周囲へ推薦した代表の失約から揺れる、本人の判断への信頼を聞く。,,,,最終確認待ち
exp26-civic-0547,民主主義・市民参加,4,3,decision_maker,public_trust,あなたは公的な誤りを訂正する担当。仲間と自分が長く擁護した判断が誤りと分かり、認めると全員が批判される。自分が守るべき信頼は何だと思う？,架空の訂正。仲間への忠実さと他人の人生を左右した判断の検証を考える。,,自分と仲間の評判を失う公的な訂正。,,,,最終確認待ち
exp26-civic-0548,民主主義・市民参加,4,3,actor,public_trust,あなたは説明会の担当。十分説明すれば信頼されると信じてきたが、住民は決定に加わりたかったと言う。自分の善意の何を改めたい？,仮の会議。説明する側にとどまる信頼と判断を共にする関係を区別する。,,自分の善意が閉じていた意思決定。,,,,最終確認待ち
exp26-civic-0549,民主主義・市民参加,4,3,affected,public_trust,あなたは代表を任期途中で交代させたいと思う。以前はその人に投票した自分の判断を、どう受け止め直したい？,仮の委任。選んだ責任と意見を更新する権利を分ける。,,選んだ自分が信頼を引き揚げる意味。,,r6-14-04-l4,,最終確認待ち
exp26-civic-0550,民主主義・市民参加,4,3,decision_maker,public_trust,あなたは方針を変える責任者。最初の説明が残ると矛盾を指摘されるが、消すと経緯が見えない。何を記録に残したい？,仮の見直し。変更を説明することと過去を隠すことを別に考える。,,自分が変えた理由を残す責任。,,,,最終確認待ち
exp26-civic-0551,民主主義・市民参加,4,3,affected,public_trust,人生の支えにしてきた地域の文化活動への公的支援が終わると決まった。他の事業を優先する理由は理解できるが、自分の大切なものを軽く扱われた気もする。結論に反対のまま、誠実な判断だったと認めることは何を意味する？,架空の公共の配分です。ここでは自分にとって長く生きる支えだった活動に影響する条件を置きます。支援が終わると文化そのものが消えると断定しません。理由が理解できること、自分の大切なものが尊重されたと感じること、公的判断を信頼することを分けて考えます。,,0483/0407の反対でも過程を評価する一般論から、自分の人生の支えを失う結論の誠実さを認める意味へ深める。,,,,最終確認待ち
exp26-civic-0552,民主主義・市民参加,4,3,actor,public_trust,あなたは代表者への苦情窓口を担当し、代表は大切な友人だ。相談者が友人の誠実さを疑う時、友情を守る自分と公の声を聞く自分をどう分けたい？,架空の窓口。個人として知る相手と役目として確かめる内容を区別する。,,友人への批判を預かる自分の公的な役目。,,,,最終確認待ち
exp26-civic-0553,民主主義・市民参加,4,3,decision_maker,public_trust,あなたは住民から毎年意見を集める責任者。親しい住民が熱心に答えてくれたのに自分は十分使えなかった。次も声を求める前に、何を自分の失敗として話したい？,仮の継続事業。参加を頼んだ期待と応えなかった責任を考える。,,自分のために語った声へ応えない責任。,,,,最終確認待ち
exp26-civic-0554,民主主義・市民参加,4,3,affected,public_trust,公的支援で暮らしを立て直し、その制度の委員に選ばれた。今も利用者だと申告すると発言を控えるよう言われた。自分の歩みは制度を知る根拠であり、利害でもある時、どの声を届かせる責任が自分にあると思う？,架空の委員会と支援の経験です。実際の委員会でこの制限が課されると述べるものではありません。判断に参加する権限と経験を話す機会は区別できる条件を置きます。利害規則の一般論ではなく、暮らしを立て直した本人が自分の歩みを公共の判断へ届かせる意味を考えます。,,0485の利害規則から、自分が生き直した経験を知識として届ける責任と今も利用する利害の間の葛藤を聞く。,,,,最終確認待ち
exp26-civic-0555,民主主義・市民参加,4,3,actor,public_trust,あなたは複数人で決めた方針の説明役。自分も賛成したが誤りが分かった。組織の説明とは別に何を自分の責任として話したい？,仮の共同判断。全体の責任と個人の判断を分ける。,,共同の判断で負う自分の声。,,,,最終確認待ち
exp26-civic-0556,民主主義・市民参加,4,3,affected,public_trust,あなたは支持した政策で予想外の不利益を受けた。それでも支持した理由は残る時、次の判断で何を変えたい？,架空の政策実施。期待した価値と自分に生じた費用を考える。,,自分に不利になった支持の更新。,,,,最終確認待ち
exp26-civic-0557,民主主義・市民参加,4,3,decision_maker,public_trust,あなたは公共の会議を公開する責任者。過去に隠された決定で自分も苦しんだが、全公開では迷いを話せないと訴えられる。自分の透明さの信念をどう見直したい？,仮の公開方針。検証できる過程と未完成な考えを試す余白を考える。,privacy_and_surveillance,自分の経験から信じた透明さの限界。,,,,最終確認待ち
exp26-civic-0558,民主主義・市民参加,4,3,actor,public_trust,あなたは代表として守れた約束も守れなかった約束もある。支持を失うとしても、どんな言葉で自分の仕事を伝えたい？,仮の報告。成果の紹介と果たせなかった期待への責任を分ける。,,自分の失敗を含める公共の説明。,,,,最終確認待ち
exp26-world-0001,環境・エネルギー・防災,1,1,,seasonal_attention,季節が変わったと感じるのは、どんな景色を見たとき？,,,身近な自然による季節の実感。,,,,最終確認待ち
exp26-world-0002,環境・エネルギー・防災,1,1,,seasonal_attention,雨の日の自然で、晴れの日より好きなところは？,,,天気の評価と感覚の違い。,,,,最終確認待ち
exp26-world-0003,環境・エネルギー・防災,1,1,,nature_distance,野生の動物を見かけたら、近くで見たい？ 離れて眺めたい？,,,生き物との距離の好み。,,,,最終確認待ち
exp26-world-0004,環境・エネルギー・防災,1,1,,landscape_memory,何度見ても飽きない、身近な景色はある？,,,日常の風景への愛着。,,,,最終確認待ち
exp26-world-0005,環境・エネルギー・防災,1,1,,night_environment,外で夜空を見るなら、静けさと暗さのどちらが気になる？,,,夜の自然に求める環境。,,,,最終確認待ち
exp26-world-0006,環境・エネルギー・防災,1,1,,water_attachment,水辺では、眺めることと水に触れること、どちらを楽しみたい？,,,水を体感する関わり方。,,,,最終確認待ち
exp26-world-0007,環境・エネルギー・防災,1,1,,plant_attention,道端の草花と、手入れされた花壇では、何が目に留まりやすい？,,,管理と偶然の自然への注意。,,,,最終確認待ち
exp26-world-0008,環境・エネルギー・防災,1,1,,soil_contact,土に触れる遊びや作業の、好きなところ・苦手なところは？,,,自然の感触への感覚。,,,,最終確認待ち
exp26-world-0009,環境・エネルギー・防災,1,1,,wind_sensation,風を心地よく感じるのは、どんな場所にいるとき？,,,環境の身体的な入口。,,,,最終確認待ち
exp26-world-0010,環境・エネルギー・防災,1,1,,seasonal_attention,季節の短い変化を見逃したくないと思うことはある？,,,一時の自然への関心。,,,future-013,最終確認待ち
exp26-world-0011,環境・エネルギー・防災,1,1,,landscape_memory,子どものころ見た景色で、今も見に行きたいものは？,,,記憶と環境のつながり。,,,,最終確認待ち
exp26-world-0012,環境・エネルギー・防災,1,1,,weather_attention,天気予報を見るとき、いちばん知りたいことは？,,,天気情報と暮らしの接点。,,,,最終確認待ち
exp26-world-0013,環境・エネルギー・防災,1,1,,resource_care,使い終わった物を、別の使い方で残したことはある？,,,資源を使い切る楽しみ。,,,,最終確認待ち
exp26-world-0014,環境・エネルギー・防災,1,1,,repair_attachment,直しながら使いたいと思うのは、どんな物？,,,長く使う理由と愛着。,,,support-004,最終確認待ち
exp26-world-0015,環境・エネルギー・防災,1,1,,food_season,食べ物から季節を感じるなら、何を思い浮かべる？,,,食と自然の変化。,,,,最終確認待ち
exp26-world-0016,環境・エネルギー・防災,1,1,,local_ecology,身近な場所で、名前を知りたい生き物はいる？,,,身の回りの生命への興味。,,,,最終確認待ち
exp26-world-0017,環境・エネルギー・防災,1,1,,nature_solitude,自然へ行くなら、一人の時間と誰かとの時間、どちらがほしい？,,,自然に求める静けさと共有。,,,contact-017 / contact-013,最終確認待ち
exp26-world-0018,環境・エネルギー・防災,1,1,,weather_attention,雪が降ると聞くと、楽しみと不便のどちらが先に浮かぶ？,,,天候を受け取る生活差。,,,,最終確認待ち
exp26-world-0019,環境・エネルギー・防災,1,1,,preparedness_feeling,防災用品は目に見える場所としまえる場所、どちらが落ち着く？,,,備えの安心の形。,,,,最終確認待ち
exp26-world-0020,環境・エネルギー・防災,1,1,,nature_distance,自然の音で、眠るときに聞こえてほしい音は？,,,音に感じる安心。,,,,最終確認待ち
exp26-world-0021,環境・エネルギー・防災,1,1,,resource_care,水を大切に使ったと実感するのは、どんなとき？,,,節約の数値以外の実感。,,,support-004 / values-016,最終確認待ち
exp26-world-0022,環境・エネルギー・防災,1,1,,landscape_change,新しい緑と昔からある緑では、親しみ方は違う？,,,新旧の自然への愛着。,,,,最終確認待ち
exp26-world-0023,環境・エネルギー・防災,1,1,,plant_care,植物を育てるなら、毎日の世話と成長の発見のどちらが楽しみ？,,,育てる楽しみの所在。,,,,最終確認待ち
exp26-world-0024,環境・エネルギー・防災,1,1,,waste_visibility,捨てた物の行き先を知りたくなるのは、どんな物？,,,離れた資源への関心。,,,,最終確認待ち
exp26-world-0025,環境・エネルギー・防災,1,1,,nature_distance,虫が室内に入ってきたら、まずどんな気持ちになる？,,,共生以前の自然な反応。,,,,最終確認待ち
exp26-world-0026,環境・エネルギー・防災,1,1,,weather_rhythm,天気に合わせて予定を変えることを楽しめる方？,,,自然に暮らしを合わせる感覚。,,,,最終確認待ち
exp26-world-0027,環境・エネルギー・防災,1,1,,seasonal_attention,朝と夕方の光では、外へ出たくなるのはどちら？,,,光と活動の好み。,,,,最終確認待ち
exp26-world-0028,環境・エネルギー・防災,1,1,,local_ecology,自分の地域らしい自然といえば、何が浮かぶ？,,,自然と土地への帰属。,,,,最終確認待ち
exp26-world-0029,環境・エネルギー・防災,1,1,,resource_care,物を借りて使うとき、自分の物と扱い方は変わる？,,,資源共有と手入れの感覚。,,,,最終確認待ち
exp26-world-0030,環境・エネルギー・防災,1,1,,nature_observation,景色を撮るときと、何も撮らず眺めるとき、気持ちは違う？,,,自然体験を記録する意味。,,,,最終確認待ち
exp26-world-0031,環境・エネルギー・防災,1,1,,preparedness_feeling,備えておくと気持ちが楽になる物は、何かある？,,,危険の告白なしで備えを聞く。,,,,最終確認待ち
exp26-world-0032,環境・エネルギー・防災,1,1,,plant_attention,草木の香りで、思い出す場所はある？,,,嗅覚と自然環境の記憶。,,,,最終確認待ち
exp26-world-0033,環境・エネルギー・防災,1,1,,landscape_change,同じ道では、変わった所と変わらない所、どちらに気づく？,,,身近な環境の見つけ方。,,,,最終確認待ち
exp26-world-0034,環境・エネルギー・防災,2,1,,shared_ecology,庭の落ち葉を残したい人と、きれいに片付けたい人が一緒に暮らしている。どんな庭なら気持ちよく使えそう？,,,手入れと小さな生態系への感覚。,,,,最終確認待ち
exp26-world-0035,環境・エネルギー・防災,2,1,,water_attachment,川に触れられる場所ができたが、服や靴が汚れやすい。何があれば遊び場として利用したい？,,,自然に触れる条件。,,,,最終確認待ち
exp26-world-0036,環境・エネルギー・防災,2,1,,night_environment,家の外灯を暗くすると星が見えるが、帰宅時の足元は気になる。どんな明るさにしたい？,,,暗さの価値と安心。,,,,最終確認待ち
exp26-world-0037,環境・エネルギー・防災,2,1,,plant_care,共同で植えた木を、世話できない人も同じように楽しんでいる。世話の負担をどう受け止める？,,,共同の自然を手入れする納得。,,,,最終確認待ち
exp26-world-0038,環境・エネルギー・防災,2,1,,local_ecology,珍しい鳥の場所を友達が教えてくれた。人が集まると鳥が落ち着かないかもしれない。別の人にも教えたい？,,,発見共有と観察対象への配慮。,,,,最終確認待ち
exp26-world-0039,環境・エネルギー・防災,2,1,,resource_care,詰め替え容器を共同で使う。ごみは減るが洗う手間は増える。続けたいと思える分担は？,,,資源配慮の共同生活での条件。,,,,最終確認待ち
exp26-world-0040,環境・エネルギー・防災,2,1,,repair_attachment,壊れた道具を一緒に直そうと誘われた。買い替えた方が早いが修理にも興味がある。何で決める？,,,修理を体験として捉える。,,,,最終確認待ち
exp26-world-0041,環境・エネルギー・防災,2,2,,preparedness_feeling,家族と防災用品を選ぶ。自分には大切でもほかの人には不要な物を、どう説明しておきたい？,,,個人の必需品を伝える理由。,,,,最終確認待ち
exp26-world-0042,環境・エネルギー・防災,2,1,,weather_rhythm,友達は少しの雨でも外遊びを楽しみたいと言う。自分はどんな条件なら一緒に行きたい？,,,自然の不便を楽しめる境界。,,,,最終確認待ち
exp26-world-0043,環境・エネルギー・防災,2,1,,shared_ecology,ベランダで花を育てたいが、隣の人は虫が増えるのを心配している。どこまで暮らしを変えて付き合いたい？,,,自然との関係と隣人の感覚。,,,,最終確認待ち
exp26-world-0044,環境・エネルギー・防災,2,1,,landscape_change,散歩道が整備され歩きやすくなったが草むらは減った。前と今のどちらに親しみを感じる？,,,荒さと利用しやすさの違い。,,,,最終確認待ち
exp26-world-0045,環境・エネルギー・防災,2,1,,resource_care,余った食材を持ち帰ってほしいと言われたが家でも使う予定がない。どう受け取りたい？,,,ごみ削減の好意を受ける境界。,,,,最終確認待ち
exp26-world-0046,環境・エネルギー・防災,2,2,,weather_attention,同じ暑さでも平気な友達と休みたい自分がいる。外出を決めるとき、どんな合図を共有したい？,,,天候との付き合い方の身体差。,,,,最終確認待ち
exp26-world-0047,環境・エネルギー・防災,2,1,,waste_visibility,清掃で、捨てた人への腹立ちと片付く楽しさを感じる。続けたい理由はどちらに近い？,,,環境活動を支える感情。,,,,最終確認待ち
exp26-world-0048,環境・エネルギー・防災,2,2,,preparedness_feeling,防災訓練の役割を頼まれたが皆の前で動くのは苦手。参加したと思える関わり方は？,,,備えへの参加と得手不得手。,,,,最終確認待ち
exp26-world-0049,環境・エネルギー・防災,2,1,,nature_distance,友達は野生動物に餌をあげたくなり、自分は見るだけにしたい。何を話しておきたい？,,,生き物への親しみを表す行動差。,,,,最終確認待ち
exp26-world-0050,環境・エネルギー・防災,2,1,,plant_care,植物を友達に預けるが枯れる可能性もある。何を頼み、何は相手に任せたい？,,,生き物の世話を託す期待。,,,,最終確認待ち
exp26-world-0051,環境・エネルギー・防災,2,2,,energy_visibility,電気の使い方が家族に見える表示ができた。節約の助けになる一方、見張られる感じもする。どう感じる？,,privacy_and_surveillance,環境配慮を見える化される感覚。,,,,最終確認待ち
exp26-world-0052,環境・エネルギー・防災,2,1,,local_ecology,生き物調べに参加したが、名前を覚えるよりただ見る方が好きだった。続けたいと思う？,,,自然との関係を知識量にしない。,,,,最終確認待ち
exp26-world-0053,環境・エネルギー・防災,2,2,,landscape_memory,家族で植えた木が育ち庭を使いにくくした。残す気持ちと使いやすさをどう比べる？,,,木への記憶と暮らしの境界。,,,,最終確認待ち
exp26-world-0054,環境・エネルギー・防災,2,1,,preparedness_feeling,備蓄食品を普段から入れ替えるが味の好みが家族で違う。何をそろえておきたい？,,,備えにも残る生活の好み。,,,,最終確認待ち
exp26-world-0055,環境・エネルギー・防災,2,1,,nature_solitude,森を静かに歩きたい自分と会話を楽しみたい同行者がいる。どう一緒に過ごしたい？,,,自然体験の共有と静けさ。,,,,最終確認待ち
exp26-world-0056,環境・エネルギー・防災,2,1,,resource_care,貸した物が修理できる程度に傷んで返ってきた。長く使うため相手と何を話したい？,,,物の寿命を共有する責任。,,,,最終確認待ち
exp26-world-0057,環境・エネルギー・防災,2,1,,seasonal_attention,今年は例年の行事の時期に花が咲かない。暦と実際の景色、どちらに合わせたい？,,,変わる自然と身近な習慣。,,,,最終確認待ち
exp26-world-0058,環境・エネルギー・防災,2,1,,water_attachment,河原で遊ぶ集まりに自然の足場が怖い人がいる。自分なら遊び方をどう変えたい？,,,自然体験の不安の違い。,,,,最終確認待ち
exp26-world-0059,環境・エネルギー・防災,2,1,,energy_visibility,節電する日を友達と決めたが必要な電気の使い方は違う。何を共通の目標にしたい？,,,同じ節約と生活差。,,,,最終確認待ち
exp26-world-0060,環境・エネルギー・防災,2,1,,nature_observation,山の景色を友達は投稿したいが自分は二人の思い出にしたい。場所の情報をどう扱いたい？,,,自然を共有する範囲。,,,,最終確認待ち
exp26-world-0061,環境・エネルギー・防災,2,1,,waste_visibility,ごみの少ない集まりにしたいが参加者の持参する容器はそろわない。見た目の統一はどれくらい必要？,,,資源配慮と整った印象。,,,,最終確認待ち
exp26-world-0062,環境・エネルギー・防災,2,1,,landscape_change,庭に生えた草を家族は雑草、自分は花と感じる。残すかどうか何を話したい？,,,同じ生命への名前と感覚。,,,,最終確認待ち
exp26-world-0063,環境・エネルギー・防災,2,2,,preparedness_feeling,災害時の連絡先を友達に知らせたいが家族の事情までは話したくない。どこまで伝えると安心できる？,,privacy_and_surveillance,備えと個人情報の境界。,,,,最終確認待ち
exp26-world-0064,環境・エネルギー・防災,2,1,,shared_ecology,植樹に参加した記念に名前を残せる。名前があることは木を大切にする理由になる？,,,保全と自分のつながりの実感。,,,,最終確認待ち
exp26-world-0065,環境・エネルギー・防災,3,1,decision_maker,conservation_access,保全区域で人数を制限するなら、先着順と抽選、どちらが自然に触れる機会を公平にできる？,仮の入域制度。時間を確保できる人と申込みが難しい人で機会が異なる。,,保全下の接近機会の公平。,,,,最終確認待ち
exp26-world-0066,環境・エネルギー・防災,3,1,observer,conservation_access,繁殖期だけ閉じる公園で、利用者の思い出と生き物の静けさをどう比較したい？,架空の季節閉鎖。人の愛着も動物の環境も継続する利益として考える。,,利用の記憶と保全の時間。,,,,最終確認待ち
exp26-world-0067,環境・エネルギー・防災,3,1,decision_maker,conservation_access,自然観察の案内を有料にすると管理費は得られるが参加者は減る。無料の範囲を何で決める？,仮の観察事業。費用を払えない人への開放と案内の維持が関わる。,,自然の学習機会と持続性。,,,,最終確認待ち
exp26-world-0068,環境・エネルギー・防災,3,2,observer,conservation_access,保護区域の道を舗装するか決めるとき、歩きやすさと土の環境をどう扱うべき？,架空の遊歩道。入れる人の範囲と地面の変化を別々に評価する。,,自然へのアクセスと地表保全。,,,,最終確認待ち
exp26-world-0069,環境・エネルギー・防災,3,1,decision_maker,conservation_knowledge,生き物の詳しい生息場所は、研究のために共有し観光向けには伏せるべきだと思う？,仮の生息情報。調査の機会と人が集中する影響は異なる。,,生態情報の公開範囲。,,,,最終確認待ち
exp26-world-0070,環境・エネルギー・防災,3,1,observer,restoration_baseline,壊れた森を再生する目標は、昔の姿と今育つ生き物の姿、どちらに置きたい？,仮の再生計画。過去の記憶だけでなく現在の環境条件も異なるとする。,,回復の基準になる自然像。,,,,最終確認待ち
exp26-world-0071,環境・エネルギー・防災,3,1,observer,restoration_baseline,草地を守るため定期的に木を切る活動を、自然を守る行為としてどう受け止める？,架空の管理地。放置と保全が同じ結果になるとは設定していない。,,手を加える自然の意味。,,,,最終確認待ち
exp26-world-0072,環境・エネルギー・防災,3,1,decision_maker,restoration_baseline,復元する池に、昔いた種類だけでなく今の気候に合う種類を入れることを認める？,仮の復元案。定着の見通しは未確定で歴史と将来の条件を比べる。,,生態復元の連続性。,,,,最終確認待ち
exp26-world-0073,環境・エネルギー・防災,3,2,observer,ecosystem_individual,生態系を守る捕獲で、捕まえた個体の扱いも保全の成果として評価すべき？,仮の評価制度。個体の苦痛と地域全体の変化は別の評価軸になる。,,保全評価に含める生命観。,,,,最終確認待ち
exp26-world-0074,環境・エネルギー・防災,3,2,decision_maker,ecosystem_individual,野生動物の被害を減らす費用は、近くに住む人と自然を楽しむ人でどう分けたい？,架空の対策費。被害を受ける場所と自然の利益を受ける場所が異なる。,,共生費用の地域差。,,,,最終確認待ち
exp26-world-0075,環境・エネルギー・防災,3,2,observer,ecosystem_individual,けがした野生動物を助ける施設は、個体の救護と野生へ戻す可能性のどちらを中心に評価したい？,仮の施設評価。すべての動物が戻れる設定ではなく支える意味を考える。,,救護の目的の違い。,,,,最終確認待ち
exp26-world-0076,環境・エネルギー・防災,3,1,decision_maker,ecosystem_individual,自然公園で人と野生動物の距離を保つため、近づいたり餌を与えたりする観光客の楽しみを制限してよいと思う？,架空の公園。親しみと野生の行動を保つことが食い違う条件。,,人と野生動物の距離を保つ責任と観光の楽しみを比べる。,,,,最終確認待ち
exp26-world-0077,環境・エネルギー・防災,3,2,observer,ecosystem_individual,一種類を守るためほかの生き物の生息場所が減る保全案は、何を基準に見直すべき？,架空の保全案。特定種の回復だけでは周辺への影響を評価できない。,,単一種保護の限界。,,,,最終確認待ち
exp26-world-0078,環境・エネルギー・防災,3,1,observer,landscape_governance,昔からの景色を保存するとき、昔を知らない住民の希望をどこに位置づけたい？,仮の景観保全。記憶を持つ人だけが今の利用者ではない。,,環境の記憶と新住民。,,,,最終確認待ち
exp26-world-0079,環境・エネルギー・防災,3,1,decision_maker,landscape_governance,海岸の自然を守る計画で、観光客より地元の漁業者の声を重く扱うべき？,架空の海岸。生活への関わりと自然を共有する権利を比べる。,,自然への関わり方の重み。,,,,最終確認待ち
exp26-world-0080,環境・エネルギー・防災,3,1,decision_maker,landscape_governance,街路樹を植える場所は、今の日陰不足と将来の大きな木の育ちやすさ、何で選びたい？,仮の植樹計画。現在の快適さと成長後の環境は時間軸が違う。,,緑の便益の時間配分。,,,,最終確認待ち
exp26-world-0081,環境・エネルギー・防災,3,1,observer,landscape_governance,公園の草刈りを減らす案で、整って見えることも環境政策の利益として扱う？,架空の管理変更。美しさの感じ方と生態上の影響は一致しない。,,美観を環境判断に含める意味。,,,,最終確認待ち
exp26-world-0082,環境・エネルギー・防災,3,1,decision_maker,landscape_governance,川の護岸を変える際、地域の思い出をどんな形で計画に残したい？,仮の改修。古い形の保存以外にも記録や新しい使い方がある。,,改修と風景の記憶。,,,,最終確認待ち
exp26-world-0083,環境・エネルギー・防災,3,1,observer,resource_cycles,再利用する製品の制度は、回収量だけでなく長く使われた時間で評価したい？,仮の資源制度。集める成果と消費を先延ばしする成果を区別する。,,循環の成果の測り方。,,,,最終確認待ち
exp26-world-0084,環境・エネルギー・防災,3,1,decision_maker,resource_cycles,修理用の部品を長く保管する案と、別の製品にも使える部品へ設計を変える案がある。資源を使い続けるため、修理の確実さと作り替える余地をどう比べたい？,仮の製品計画。どちらが実際に資源を減らすかは未確定。現在の製品を確実に直せることと、将来ほかの使い道へ回せることを別の価値として比較する。,,修理を確実にする保管と、別の使い道へ資源を回す設計を比べる。,,,,最終確認待ち
exp26-world-0085,環境・エネルギー・防災,3,1,observer,resource_cycles,ごみを減らした自治体を評価する際、他地域へ移した処理も含めるべき？,仮の評価方法。見えるごみと処理の負担の場所が違う。,,資源処理の外部化への感覚。,,,,最終確認待ち
exp26-world-0086,環境・エネルギー・防災,3,1,decision_maker,resource_cycles,水不足への備えとして、平時から使う量を減らす目標と設備の余裕、どちらを優先したい？,架空の給水計画。暮らしの習慣と供給の備えは異なる対応になる。,,水を守る備え方の違い。,,,,最終確認待ち
exp26-world-0087,環境・エネルギー・防災,3,1,observer,resource_cycles,廃棄物の処理施設を見学できることは、住民の負担への理解を深める条件になる？,仮の施設公開。見学できても影響を負う立場と利用する立場は残る。,,資源処理を知る責任。,,,,最終確認待ち
exp26-world-0088,環境・エネルギー・防災,3,1,decision_maker,resource_cycles,再生資材を使う公共工事で、由来が見えることと仕上がりの均一さ、何を重視したい？,架空の工事。安全性は同等とし見た目と循環の認識を考える。,,再利用の痕跡の受け止め。,,,,最終確認待ち
exp26-world-0089,環境・エネルギー・防災,3,1,observer,energy_responsibility,発電の環境負担を使う電気に表示するなら、何が分かる表示にしたい？,仮の表示。発電時だけでなく設備や廃棄の範囲で見え方が変わる。,,エネルギーの負担を知る範囲。,,,,最終確認待ち
exp26-world-0090,環境・エネルギー・防災,3,2,decision_maker,energy_responsibility,電力を融通する地域同士で、非常時に自地域を優先できる範囲をどう決める？,架空の融通協定。普段の助け合いと危機時の約束の重さが関わる。,,電力共有の相互責任。,,,,最終確認待ち
exp26-world-0091,環境・エネルギー・防災,3,1,observer,energy_responsibility,大型設備を廃止した後の土地まで、建設を決めた組織が責任を負うべき？,仮の発電設備。運用中の利益と後年の管理主体は異なりうる。,,エネルギー設備の終わりの責任。,,,,最終確認待ち
exp26-world-0092,環境・エネルギー・防災,3,1,decision_maker,energy_responsibility,地域の発電計画に参加できるのが出資者だけなら、影響を受ける住民をどう関わらせたい？,仮の共同発電。金銭を出す権限と近くで暮らす利害を分ける。,,環境意思決定への参加条件。,,,,最終確認待ち
exp26-world-0093,環境・エネルギー・防災,3,1,observer,energy_responsibility,再生可能な設備でも資源を使うとする。設置量と使用量を減らす目標をどう結びつけたい？,架空の計画。発電の種類と消費の量は別の変数として考える。,,技術転換と使用量の関係。,,,,最終確認待ち
exp26-world-0094,環境・エネルギー・防災,3,1,decision_maker,future_responsibility,将来世代のための保全契約を、今の住民がどこまで変更できる制度にしたい？,仮の契約。長期の約束と後から分かる条件の変化が関わる。,,環境の約束を更新する条件。,,,,最終確認待ち
exp26-world-0095,環境・エネルギー・防災,3,2,decision_maker,future_responsibility,長く管理が必要な廃棄物の計画で、将来の人へ説明を残す費用をどこまで計上したい？,架空の処理計画。物の管理と情報の継承は別の仕事になる。,,負担を伝え続ける責任。,,,,最終確認待ち
exp26-world-0096,環境・エネルギー・防災,3,1,observer,future_responsibility,自然の回復が自分たちの代では見えない事業を、何で成果として判断したい？,仮の長期事業。完成した景色だけでは途中の変化を評価しにくい。,,世代を超える環境成果。,,,,最終確認待ち
exp26-world-0097,環境・エネルギー・防災,3,2,decision_maker,future_responsibility,汚した人がもういない土地の浄化は、今利用する人と社会全体でどう負担したい？,架空の汚染地。責任を負う主体の不在と今の利用利益が重なる。,,残された環境責任の引受け。,,,,最終確認待ち
exp26-world-0098,環境・エネルギー・防災,3,2,observer,future_responsibility,気候対策を学校で伝えるとき、子どもに責任感と選べる余地をどう残したい？,仮の授業方針。問題の大きさと一人で担える範囲を区別する。,,将来世代への負担の伝え方。,,,,最終確認待ち
exp26-world-0099,環境・エネルギー・防災,3,2,decision_maker,preparedness_governance,防災訓練を本番に近づけるほど参加しにくい人が増える。訓練の成功を何で測る？,架空の訓練。速さの測定と幅広い人が備える機会は一致しない。,,備えの評価と参加の幅。,,,,最終確認待ち
exp26-world-0100,環境・エネルギー・防災,3,2,observer,preparedness_governance,災害への備えを、住民の自助に任せる範囲は何を基準に決めたい？,仮の地域計画。時間や保管場所の違いで備えられる量が異なる。,,自助の前提となる生活差。,,,,最終確認待ち
exp26-world-0101,環境・エネルギー・防災,3,2,decision_maker,preparedness_governance,避難訓練で失敗した場面を公開するとき、個人の振り返りと地域の学びをどう分けたい？,架空の記録公開。改善の材料と参加者の評価を同一にしない。,,防災で失敗を共有する条件。,,,,最終確認待ち
exp26-world-0102,環境・エネルギー・防災,3,2,decision_maker,preparedness_governance,避難所の規則を平時に決めるなら、まだ地域に来ていない人の事情をどう取り入れる？,仮の規則づくり。現在の住民だけが将来の避難者ではない。,,防災合意に含まれない人。,,,,最終確認待ち
exp26-world-0103,環境・エネルギー・防災,3,1,observer,preparedness_governance,備蓄品の更新を減らす案を評価するとき、未使用でも保管した安心を利益と考える？,架空の備蓄評価。使われなかった物と不要だった物は同じではない。,,備えの見えない価値。,,,,最終確認待ち
exp26-world-0104,環境・エネルギー・防災,3,1,decision_maker,preparedness_governance,複数の災害を想定すると訓練が複雑になる。覚えやすさと想定の幅をどう配分したい？,仮の訓練設計。省いた条件が誰に影響するかも考える。,,備えの単純化の境界。,,,,最終確認待ち
exp26-world-0105,環境・エネルギー・防災,3,2,observer,recovery_meaning,被災後の復旧を、建物の数と暮らしのつながり、どんな指標で見たい？,架空の復旧評価。物理的に戻ることと人が戻れることは異なる。,,災害から回復した意味。,,,,最終確認待ち
exp26-world-0106,環境・エネルギー・防災,3,3,decision_maker,recovery_meaning,被災地に残す記念施設は、外から学ぶ人と日々暮らす人のどちらを中心に設計したい？,仮の記念施設。教訓を伝える用途と生活の場の静けさが関わる。,,災害の記憶を残す相手。,,,,最終確認待ち
exp26-world-0107,環境・エネルギー・防災,3,2,observer,recovery_meaning,復興事業の終了時期を、予定した期限と住民の実感のどちらで判断したい？,架空の事業。支援を続ける費用と回復の速さの違いを考える。,,回復に区切りをつける基準。,,,,最終確認待ち
exp26-world-0108,環境・エネルギー・防災,3,2,decision_maker,recovery_meaning,災害前の町並みを再現するより新しい形を望む人の声を、復興計画でどう扱いたい？,仮の再建計画。失った景色への愛着と次の暮らしへの希望がある。,,記憶以外の復興の希望。,,,,最終確認待ち
exp26-world-0109,環境・エネルギー・防災,3,3,decision_maker,recovery_meaning,災害の映像を展示する際、見たくない住民も使う公共施設なら何を条件にしたい？,仮の展示。教訓の共有と日常的に避けられる余地は別の利益。,,災害記憶との接触の選択。,,,,最終確認待ち
exp26-world-0110,環境・エネルギー・防災,3,2,observer,recovery_meaning,支援の撤収後も続く地域の作業を、外部の団体はどこまで引き継ぐ責任があると思う？,架空の支援活動。開始時の助けと終了後の運営負担を分ける。,,災害支援の終え方。,,,,最終確認待ち
exp26-world-0111,環境・エネルギー・防災,3,1,observer,climate_attachment,気候が変わる地域で、昔の季節行事の暦を残すことに公共的な価値はあると思う？,仮の地域変化。実際の季節に合わせる実用と記憶の継承を比べる。,,季節の変化と地域の記憶。,,,,最終確認待ち
exp26-world-0112,環境・エネルギー・防災,3,1,decision_maker,climate_attachment,将来の暑さに合わせた町づくりで、今の暮らしの使いにくさをどこまで許容したい？,架空の設計。長期の条件と現在の利用には異なる時間の利益がある。,,適応を先取りする判断。,,,,最終確認待ち
exp26-world-0113,環境・エネルギー・防災,3,2,observer,climate_attachment,気候の変化で失われる景色を記録する事業は、対策への予算と別に持つ意味がある？,仮の予算。記録は被害を止めないが失われる環境の意味を残す。,,対処と記憶を分ける価値。,,,,最終確認待ち
exp26-world-0114,環境・エネルギー・防災,3,2,decision_maker,climate_attachment,暑さをしのぐ公共空間は、利用者の多さと家で涼めない人の必要、何で配置したい？,架空の配置案。人数と代わりの場所がない事情を別に考える。,,気候適応の利用条件。,,,,最終確認待ち
exp26-world-0115,環境・エネルギー・防災,3,1,observer,climate_attachment,小さな地域の気象記録は、全国の数値と違っていても残す意味があると思う？,仮の記録事業。代表性と地域が変化を捉える材料を区別する。,,地域の環境変化の記録。,,,,最終確認待ち
exp26-world-0116,環境・エネルギー・防災,3,1,decision_maker,nature_relationship,自然を守る制度で、科学的な価値と住民が親しんだ場所という価値をどう併記したい？,仮の保全指定。希少性と愛着は同じ尺度にはならない。,,保全価値に含める感情。,,,,最終確認待ち
exp26-world-0117,環境・エネルギー・防災,3,1,observer,nature_relationship,子どもが自由に遊べる森に、自然への影響を減らす規則をどこまで置きたい？,架空の森林利用。学ぶ自由と訪問者が多いときの影響を考える。,,自然との自由な接触。,,,,最終確認待ち
exp26-world-0118,環境・エネルギー・防災,3,1,observer,nature_relationship,生き物のいない整った水辺でも、自然に触れる場所として評価できると思う？,仮の水辺整備。人のくつろぎと生態的な豊かさを分けて考える。,,自然らしさを感じる基準。,,,,最終確認待ち
exp26-world-0119,環境・エネルギー・防災,3,1,decision_maker,nature_relationship,保全活動を続ける人の報酬は、成果が見える作業と見えにくい見守りでどう考える？,架空の活動制度。変化を起こす仕事と悪化を防ぐ仕事がある。,,保全労働の見え方。,,,,最終確認待ち
exp26-world-0120,環境・エネルギー・防災,3,1,observer,nature_relationship,自然の価値を観光収入に換算して説明することを、どの場面なら受け入れたい？,仮の説明方法。理解の助けになる尺度が意味を狭める可能性もある。,,自然を金額で伝える限界。,,,,最終確認待ち
exp26-world-0121,環境・エネルギー・防災,3,2,decision_maker,shared_ecology,餌やりを止める地域活動は、動物をかわいがってきた人の気持ちをどう受け止めたい？,仮の活動。行動を変える必要と愛着を否定することは別に考える。,,共生への行動変更の感情。,,,,最終確認待ち
exp26-world-0122,環境・エネルギー・防災,3,1,observer,shared_ecology,人がほとんど使わない緑地にも管理費をかける理由は、どこにあると思う？,架空の緑地。訪問回数以外に生き物の場としての用途がある。,,人の利用以外の環境価値。,,,,最終確認待ち
exp26-world-0123,環境・エネルギー・防災,3,1,decision_maker,shared_ecology,地域の自然保全ルールを一時滞在の人にも決めてもらう範囲は、何で線引きしたい？,仮の協議。暮らす期間と受ける利益や影響は一致しない。,,自然利用者の決定参加。,,,,最終確認待ち
exp26-world-0124,環境・エネルギー・防災,3,1,decision_maker,restoration_baseline,森を再生するとき、人が通れる場所と人が入らない場所の境界を誰が決めるべき？,架空の再生区域。観察・生業・生息のための空間が関わる。,,回復した自然の使い分け。,,,,最終確認待ち
exp26-world-0125,環境・エネルギー・防災,3,1,observer,resource_cycles,使用済み製品を引き取る企業が撤退したら、残った物の処理を誰が引き継ぐべき？,架空の回収事業。販売時の利益と後から残る資源の責任を扱う。,,循環の約束が途切れた責任。,,,,最終確認待ち
exp26-world-0126,環境・エネルギー・防災,3,1,decision_maker,energy_responsibility,発電設備の土地を決める前に、その電気を使う地域にも説明会への参加を求めたい？,架空の広域供給。受益者と設置地の住民が別の地域にいる。,,遠くの電力利用者の関与。,,,,最終確認待ち
exp26-world-0127,環境・エネルギー・防災,3,2,observer,preparedness_governance,非常時の情報を短く伝えるとき、分かる人を増やすことと細かな条件を残すことをどう比べる？,架空の防災案内。短さだけでなく必要な判断材料の欠落も考える。,,避難情報の理解の幅。,,,,最終確認待ち
exp26-world-0128,環境・エネルギー・防災,3,2,decision_maker,recovery_meaning,復興を支える催しで明るい話だけ紹介することを、住民の希望としてどこまで受け入れる？,仮の催し。励ます場の目的と続く困難を伝える機会が異なる。,,回復の物語に残す幅。,,,,最終確認待ち
exp26-world-0129,環境・エネルギー・防災,3,1,observer,climate_attachment,気候への適応で木を増やす地域に、葉や枝の片付けの担い手まで計画する必要がある？,架空の緑化計画。植えた時の成果と後の手入れの負担がある。,,適応の維持費用の見落とし。,,,,最終確認待ち
exp26-world-0130,環境・エネルギー・防災,3,1,observer,ecosystem_individual,野生動物との共生を説明する際、人が受ける損害だけでなく動物の生活も示したい？,仮の説明会。人への対策と自然を使う他の生命の条件を比べる。,,共生の説明に含める立場。,,,,最終確認待ち
exp26-world-0131,環境・エネルギー・防災,3,1,decision_maker,landscape_governance,自然の景色を守る規則が新しい住民の希望と衝突したとき、変更に何が必要だと思う？,仮の景観規則。昔からの合意と今の利用者の参加を区別する。,,環境合意を更新する権限。,,,,最終確認待ち
exp26-world-0132,環境・エネルギー・防災,3,1,observer,resource_cycles,ごみ削減を競う地域同士で、人口や生活条件の違いをどこまで評価に反映したい？,架空の表彰。総量・一人当たり・減らせる余地は違う指標になる。,,資源成果を競う公平。,,,,最終確認待ち
exp26-world-0133,環境・エネルギー・防災,3,1,decision_maker,preparedness_governance,災害が起きなかった年の防災予算を、住民にどんな価値として説明したい？,仮の報告。発生件数だけで備えの必要性を判断しない設定。,,使用されない備えの説明責任。,,,,最終確認待ち
exp26-world-0134,環境・エネルギー・防災,3,1,observer,nature_relationship,保護する場所の名前に地域の言葉を残すことは、環境保全の一部だと思う？,仮の指定地。生態の維持と人が場所を覚える方法は違う価値。,,自然と土地の言葉の継承。,,,,最終確認待ち
exp26-world-0135,環境・エネルギー・防災,4,2,affected,landscape_memory,子どものころ遊んだ森が、保全のため立入禁止になった。戻れなくても、その森が残ったと思える？,仮の保全措置。場所の存続と自分が再び触れられることを分ける。,,守られた自然から離れる喪失。,,,,最終確認待ち
exp26-world-0136,環境・エネルギー・防災,4,2,affected,landscape_memory,故郷の海岸が再生されるが、思い出の浜の形には戻らない。自分にとって回復した海とはどんな姿？,架空の再生。生態の回復と記憶の景色は一致しない条件。,,環境の回復と自分の記憶。,,,,最終確認待ち
exp26-world-0137,環境・エネルギー・防災,4,2,affected,landscape_memory,育った地域の雪景色が見られなくなったとする。子どもへ、その場所をどう伝えたい？,仮の変化。昔の美しさだけでなく今の暮らしを語る選択がある。,,失われた季節の継承。,,,,最終確認待ち
exp26-world-0138,環境・エネルギー・防災,4,2,affected,landscape_change,家族で植えた木を、根による被害を防ぐため切る必要があるとする。何が残れば自分は手放せそう？,仮の伐採。記念の生命と暮らしを守る判断は別の価値を持つ。,,自然への愛着を手放す条件。,,,,最終確認待ち
exp26-world-0139,環境・エネルギー・防災,4,3,affected,conservation_access,障害のため訪ねられない自然公園を、地形を守るため改修しないと言われた。自分はその保全をどう受け止める？,架空の公園。自然の形と本人が触れる機会の衝突を考える。,discrimination_and_hate,保全で外に置かれる感覚。,,,,最終確認待ち
exp26-world-0140,環境・エネルギー・防災,4,2,affected,conservation_access,大切な山の入域料が上がり通えなくなった。管理に必要な費用だと分かっても、どんな思いが残る？,仮の料金改定。保全への理解と自分の接近機会の喪失は両立する。,,支持する自然からの経済的距離。,,,,最終確認待ち
exp26-world-0141,環境・エネルギー・防災,4,3,affected,ecosystem_individual,保全の捕獲対象に、毎日眺めてきた動物が含まれる。地域の被害が確認されたとして、自分の愛着をどう扱う？,仮の被害と捕獲。個体への思いは被害の否定とは別に考える。,,親しんだ個体と保全の葛藤。,,,,最終確認待ち
exp26-world-0142,環境・エネルギー・防災,4,2,affected,ecosystem_individual,自宅の庭に守るべき生き物が見つかり、使い方を制限される案が出た。協力したい気持ちと自分の場所をどう比べる？,架空の保全案。希少種の発見が所有者の暮らしにも影響する条件。,,生態の利益を私生活で負う。,,,,最終確認待ち
exp26-world-0143,環境・エネルギー・防災,4,2,affected,energy_responsibility,他地域へ電気を送る設備のため、自分が人生の節目に眺めてきた景色が変わる。同意すれば地域も利益を受ける時、守りたかった場所と他の人の暮らしをどう持ちたい？,架空の立地案。景色の変化と地域の利益は問いの仮定。近隣の負担を代表して答えるのではなく、本人が長く暮らした環境の意味を考える。,,長く人生の節目を見てきた景色を変える本人の同意の意味。,,,,最終確認待ち
exp26-world-0144,環境・エネルギー・防災,4,2,affected,energy_responsibility,地域の共同発電に参加したが、後から撤退費用も必要と分かった。得た利益と次の住民への負担をどう受け止める？,仮の共同事業。運営の利益だけでなく終了の費用も自分に関わる。,,使った電力の終わりへの責任。,,,,最終確認待ち
exp26-world-0145,環境・エネルギー・防災,4,2,affected,resource_cycles,使った物の廃棄が、訪ねたことのない地域へ負担を残すと知った。自分の暮らしにどんな責任を感じる？,仮の処理経路。処理の合法性とは別に離れた場所への関係を考える。,,捨てた後も残る自分の関係。,,,,最終確認待ち
exp26-world-0146,環境・エネルギー・防災,4,2,affected,resource_cycles,長年集めた物を手放すと、再利用より処分される可能性が高い。残す意味と資源を使った責任をどう考える？,仮の整理。所有への愛着と物の行き先は同時に残る問題。,,所有の記憶と資源の終わり。,,,,最終確認待ち
exp26-world-0147,環境・エネルギー・防災,4,2,affected,climate_attachment,暑さで屋外の好きな活動を続けにくくなった。別の楽しみへ移ることを、自分は適応と喪失のどちらに感じる？,仮の生活変化。活動を変えて安全を得ても失う意味は残りうる。,,気候適応に伴う個人的喪失。,,,,最終確認待ち
exp26-world-0148,環境・エネルギー・防災,4,3,affected,climate_attachment,生まれた地域を気候の変化で離れた。住んでいなくても、その場所の将来を決める場に関わりたい？,仮の離郷。安全な移転の是非ではなく離れた後の環境への帰属。,,離れた自然への決定参加。,,,,最終確認待ち
exp26-world-0149,環境・エネルギー・防災,4,2,affected,future_responsibility,自分が使う土地に、先代が結んだ長期保全の約束が残っていた。自分の人生でその約束をどう引き継ぎたい？,架空の契約。先代への信頼と現在の利用希望に同じ答えは設定しない。,,選んでいない保全責任の継承。,,,,最終確認待ち
exp26-world-0150,環境・エネルギー・防災,4,2,affected,future_responsibility,子どもに自然を残したいが、今の暮らしにも余裕を持ちたい。自分が後悔しにくい負担の引き受け方は？,仮の家計と保全参加。将来への責任を一人で全部担う設定ではない。,,世代責任を自分の時間に置く。,,,,最終確認待ち
exp26-world-0151,環境・エネルギー・防災,4,3,affected,recovery_meaning,災害で家を失い再建されたが、近所の人は戻らなかった。自分にとって暮らしが戻るとは何が戻ること？,架空の被災後。住居の完成と日常のつながりの回復を分ける。,,復旧後にも残る生活の喪失。,,,,最終確認待ち
exp26-world-0152,環境・エネルギー・防災,4,3,affected,recovery_meaning,復興の成功例として自分の話を紹介したいと言われたが、まだつらさが残る。どんな言葉なら自分の生活を語れる？,仮の取材。希望を伝える役割と本人の複雑な実感を考える。,,回復した人物として語られる感覚。,,,,最終確認待ち
exp26-world-0153,環境・エネルギー・防災,4,3,affected,recovery_meaning,被災した場所に記念施設ができる。自分には思い出したくない時もある。地域の記憶と距離をどう持ちたい？,架空の施設。忘れる義務も語る義務も本人には設定しない。,,災害記憶に触れる本人の選択。,,,,最終確認待ち
exp26-world-0154,環境・エネルギー・防災,4,3,affected,recovery_meaning,支援を受けた後、地域の復興行事へ参加し続けてほしいと頼まれた。恩を感じても休みたい時、どう受け止める？,仮の依頼。感謝と参加を続ける体力・時間は別の条件。,,災害支援への恩義と生活。,,,,最終確認待ち
exp26-world-0155,環境・エネルギー・防災,4,3,affected,preparedness_feeling,災害の体験があると想定して、訓練の音で落ち着かなくなる。地域の備えと自分の安心にどんな距離を置きたい？,仮の訓練場面。体験を告白せず、参加以外の関わり方も考えられる。,,備えが負担にもなる本人の感覚。,,,,最終確認待ち
exp26-world-0156,環境・エネルギー・防災,4,3,affected,preparedness_governance,避難に手助けが必要だが、近隣へ詳しい事情を伝えるのはためらう。安全のためどこまで自分を知らせたい？,仮の避難計画。必要な支援と私的情報を開く範囲を分ける。,privacy_and_surveillance,命の備えと自己開示の境界。,,,,最終確認待ち
exp26-world-0157,環境・エネルギー・防災,4,3,affected,preparedness_governance,災害時に家族と別々の安全な場所へ避難する計画になった。安心できる計画でも離れる不安をどう扱う？,仮の避難計画。身体的な安全と一緒にいる安心は別の利益。,family_conflict,安全のために離れる感覚。,,,,最終確認待ち
exp26-world-0158,環境・エネルギー・防災,4,3,affected,recovery_meaning,被災後、以前と違う土地で安心して暮らせるようになった。故郷へ戻らない選択を自分の中でどう位置づける？,仮の再定住。移転の費用判断でなくその後の帰属と罪悪感を考える。,,災害後の新しい居場所の意味。,,,,最終確認待ち
exp26-world-0159,環境・エネルギー・防災,4,2,affected,landscape_change,住み慣れた町の緑が増えたが、自分が好きだった見晴らしは消えた。良い変化を歓迎できない気持ちをどう捉える？,仮の緑化。全体の利益を認めても個人の景色の意味は残る。,,環境改善にもある個人的喪失。,,,,最終確認待ち
exp26-world-0160,環境・エネルギー・防災,4,2,affected,nature_relationship,自然を守るために好きな趣味をやめたとする。自分らしさを失った感じがしたら、何を取り戻したい？,仮の行動変更。保全への納得と活動が支えた自己像を考える。,,保全行動と自分らしさ。,,,,最終確認待ち
exp26-world-0161,環境・エネルギー・防災,4,2,affected,nature_relationship,自然の豊かな場所へ引っ越したが、生き物と近く暮らすのは想像より怖い。憧れと実際の自分をどう受け止める？,架空の移住。自然を好むことと共生の負担に耐えることは別。,,自然への憧れが変わる体験。,,,,最終確認待ち
exp26-world-0162,環境・エネルギー・防災,4,2,affected,restoration_baseline,再生された湿地へ、荒れた姿を嫌って離れた自分が戻る。嫌っていた場所へ親しみを持つなら、何が変わったと感じる？,仮の再訪。古い景色の保存ではなく本人が避けていた場所との関係の変化。,,離れた自然を受け入れ直す自己。,,,,最終確認待ち
exp26-world-0163,環境・エネルギー・防災,4,3,affected,future_responsibility,自分の代で使った資源の後片付けを、子どもに頼まざるを得ないとする。何を伝えて引き継ぎたい？,仮の長期管理。負担だけでなく得た利益と判断の過程も残せる。,family_conflict,将来へ残す環境負担の説明。,,,,最終確認待ち
exp26-world-0164,環境・エネルギー・防災,4,2,affected,water_attachment,長く親しんだ川の水に触れられなくなった。写真や記録が残っても、何がいちばん失われたと感じる？,仮の利用制限。景色の記録と身体で関わる経験を分ける。,,自然との身体的関係の喪失。,,,,最終確認待ち
exp26-world-0165,環境・エネルギー・防災,4,2,affected,energy_responsibility,自分が受け取る補償で環境の変化を受け入れる案が出た。お金では埋まらないと感じるのは、どんな部分？,架空の補償案。金銭的な損失と土地に結びつく意味は異なる。,,環境補償を受ける本人の価値。,,,,最終確認待ち
exp26-world-0166,環境・エネルギー・防災,4,3,affected,recovery_meaning,災害を忘れないため残した物が、今の自分には重荷になった。手放すことを自分の回復と感じられる？,架空の記念品。共有の記憶とは別に本人が物と付き合う時間がある。,,災害記念を手放す意味。,,,,最終確認待ち
exp26-world-0167,環境・エネルギー・防災,4,2,affected,preparedness_feeling,家族に災害への備えを勧めすぎて、会話が危険の話ばかりになった。守りたい暮らしには何が含まれる？,仮の家族場面。危険を減らすことと普段の穏やかさを考える。,family_conflict,備えが日常を占める境界。,,,,最終確認待ち
exp26-world-0168,環境・エネルギー・防災,4,2,affected,conservation_access,保全のため入らないよう人へ伝えてきた場所に、自分はどうしても戻りたいと思う。特別な許可を望む自分をどう受け止める？,仮の保護区域。本人に例外を認める権利があるとは置かず、他者へ求めたルールと私的な愛着が食い違う場面を考える。,,他者へ求めた保全のルールと、自分の愛着が求める例外の葛藤。,,,,最終確認待ち
exp26-world-0169,環境・エネルギー・防災,4,2,affected,resource_cycles,壊れた思い出の品を直すと、元の部分がほとんど残らない。長く使った同じ物だと、自分は感じられる？,仮の修理。資源の再利用と物の同一性の感覚を区別する。,,修理して残す物の意味。,,,,最終確認待ち
exp26-world-0170,環境・エネルギー・防災,4,2,affected,climate_attachment,かつて好きだった季節を、今は危険を心配する時期として迎える。自分にとって季節の意味はどう変わる？,仮の天候変化。具体的な気候予測でなく期待と不安の重なりを扱う。,,気候で変わる時間の意味。,,,,最終確認待ち
exp26-world-0171,環境・エネルギー・防災,4,3,actor,ecosystem_individual,湿地の保全で捕獲する動物を生かして引き取る先がないとする。専門家の計画に沿う活動でも、自分は参加できる？,架空の湿地で、外から持ち込まれた動物による被害が確認され、専門家の計画に沿って捕獲する場面です。引き取り先がないのは問いの条件で、外から来た動物すべてが有害という意味ではありません。生態系を守る目標と、個々の動物の命を失わせる行為を自分が担うことを分けて考えます。,,ENV-02の生命観と行為の責任。,https://www.env.go.jp/nature/intro/3control/bojooutline.html / https://www.env.go.jp/nature/intro/2outline/actionplan2.html,animals-001 / animals-002,,最終確認待ち
exp26-world-0172,環境・エネルギー・防災,4,3,actor,ecosystem_individual,傷ついた野生動物を助けたが、野生へ戻せないと分かった。自分が始めた救護にどこまで責任を持ちたい？,仮の救護。助けた瞬間とその後の生活を支える責任は異なる。,,個体を救った後の継続責任。,,,,最終確認待ち
exp26-world-0173,環境・エネルギー・防災,4,2,actor,conservation_knowledge,珍しい生き物の生息地を発見し、皆に保護を呼びかけたが、それで人が集まり環境が悪くなったとする。自分の善意と、もう戻せない変化をどう引き受けたい？,架空の発見とその後の変化。生息地の公表が常に害を起こすという主張ではない。保護したかった本人の思いと、呼びかけが残した結果を分けて考える。,,自然を守りたかった本人が、呼びかけの残した戻せない変化を受ける。,,,,最終確認待ち
exp26-world-0174,環境・エネルギー・防災,4,2,actor,resource_cycles,自分の作品を長く残したいが、分解しにくい素材が必要だとする。作品の意味と後の処理をどう比べる？,仮の制作。表現の寿命と素材を使った後の責任が関わる。,,創作の永続性と資源責任。,,,,最終確認待ち
exp26-world-0175,環境・エネルギー・防災,4,2,actor,restoration_baseline,自分が植えた木を、地域の生態を戻すため抜く案が出た。よいことをした記憶をどう考え直す？,架空の保全変更。当初の善意と後から分かる影響を区別する。,,過去の環境行動の再評価。,,,,最終確認待ち
exp26-world-0176,環境・エネルギー・防災,4,2,actor,nature_relationship,保全活動を続けたが、自分には自然を見る時間がほとんど残らない。活動を離れるなら何を基準にしたい？,仮の活動負担。自然を守る役割と本人が自然から得る意味を考える。,,保全を続ける自己の限界。,,,,最終確認待ち
exp26-world-0177,環境・エネルギー・防災,4,2,actor,shared_ecology,動物をかわいがって餌を与えてきたが、地域への影響を指摘された。自分の愛情をどんな形へ変えたい？,仮の指摘。行動の変更は動物への気持ちの否定と同じではない。,,共生のため愛情の表し方を変える。,,,,最終確認待ち
exp26-world-0178,環境・エネルギー・防災,4,2,actor,preparedness_governance,地域の防災を長く担い、皆の安全を守る人として頼られている。自分の人生を取り戻すため役を離れることを、どう受け止めたい？,仮の引退。責任ある人という自己像と本人の生活を分ける。,,安全を担う自己像を手放す。,,,,最終確認待ち
exp26-world-0179,環境・エネルギー・防災,4,2,actor,preparedness_governance,防災訓練で自分の誤りに皆が従い、守れる人だという自信が揺らいだ。名を出して振り返るなら、何を自分へ取り戻したい？,架空の訓練。実災害の被害ではなく担ってきた自己への信頼を考える。,,防災の失敗で揺れる自己の信頼。,,,,最終確認待ち
exp26-world-0180,環境・エネルギー・防災,4,3,actor,recovery_meaning,災害支援を始めたが、帰れば自分の暮らしを立て直せる。待っている人がいても活動を終える理由をどう決める？,仮の支援活動。支援者にも生活があり無期限の義務は設定しない。,,支援者が帰ることへの責任感。,,,,最終確認待ち
exp26-world-0181,環境・エネルギー・防災,4,3,actor,recovery_meaning,被災地を撮影してきた。伝える責任を感じる一方、相手は撮られたくない時もある。何を撮らずに残したい？,仮の撮影活動。記録の役割とその場で暮らす人の選択を考える。,privacy_and_surveillance,災害記録を担う本人の境界。,,,,最終確認待ち
exp26-world-0182,環境・エネルギー・防災,4,2,actor,future_responsibility,長期の環境保全を始めたが、将来まで自分が見守れない。完成を見られなくても続けたい理由は何？,仮の保全事業。達成感と後の世代が受け取る環境を分ける。,,結果を見られない行動の意味。,,,,最終確認待ち
exp26-world-0183,環境・エネルギー・防災,4,2,actor,future_responsibility,自分が選んだ設備の後片付け費用が、次の担当者に残ると分かった。今の成果をどう説明し直したい？,架空の設備管理。導入の利益と後年の負担を同じ判断の一部にする。,,環境施策の終わりを見直す責任。,,,,最終確認待ち
exp26-world-0184,環境・エネルギー・防災,4,2,actor,resource_cycles,ごみを減らす活動で人の暮らしを責めていたと気づいた。よいことをする人だと思ってきた自分を、どう捉え直す？,仮の振り返り。削減の成果と相手に向けた自分の態度を別に見る。,,環境の善意で揺らぐ自己像。,,,,最終確認待ち
exp26-world-0185,環境・エネルギー・防災,4,2,actor,conservation_access,自然案内の仕事で、近くで見る体験を売りにしてきた。保全のため距離を取る案内へ変えることに何を感じる？,仮の仕事変更。収入だけでなく伝えてきた自然体験の意味が関わる。,,案内者の自然体験の再定義。,,,,最終確認待ち
exp26-world-0186,環境・エネルギー・防災,4,2,actor,restoration_baseline,森の再生に関わったが、今の姿を地元の人は好きではない。自分の成果を何で受け止めたい？,架空の再生。生態の改善と景色への親しみは同じ評価ではない。,,保全成果が歓迎されない感覚。,,,,最終確認待ち
exp26-world-0187,環境・エネルギー・防災,4,3,actor,climate_attachment,気候の変化を記録してきたが、見ていると気持ちが沈む。知る役割を続けるため何を手放せる？,仮の記録活動。調査の価値と本人の心理的負担を区別する。,,環境を見続ける本人の負担。,,,,最終確認待ち
exp26-world-0188,環境・エネルギー・防災,4,2,actor,nature_relationship,自然を守る活動の仲間とは親しいが、望む自然の姿が違うと分かった。長く共に過ごした関係と、自分が守りたい場所をどう選びたい？,架空の保全団体。仕事の時間不足ではなく、同じ活動で得た帰属と、本人が自然に持つ信念が離れる場面を考える。,,保全で得た仲間への帰属と、自分が守りたい自然の姿の別れ。,,,,最終確認待ち
exp26-world-0189,環境・エネルギー・防災,4,2,actor,energy_responsibility,節電を広める役を引き受けたが、自分にも譲れない使い方がある。相手へその矛盾をどう話したい？,仮の発信。行動の一貫性と生活上の条件を分けて考える。,,環境の呼びかけと自己の例外。,,,,最終確認待ち
exp26-world-0190,環境・エネルギー・防災,4,2,actor,resource_cycles,自分の呼びかけを信じて集めた物が、再利用されていなかった。協力者への約束と、自分の善意をどう説明し直したい？,架空の回収活動。始めた目的と実際の行き先を別の情報にする。,,資源循環への自分の善意を問い直す。,,,,最終確認待ち
exp26-world-0191,環境・エネルギー・防災,4,2,actor,shared_ecology,大切な木を守るため活動してきたが、木の近くで暮らす人の困り事を知らなかった。自分は何を守る人でいたい？,仮の地域活動。自分の自然への愛着と人との関係を広げる場面。,,保全の自己像に戻す隣人の生活。,,,,最終確認待ち
exp26-world-0192,環境・エネルギー・防災,4,2,actor,preparedness_governance,自分が作った避難計画を皆に信頼してもらった後、参加できない人がいると分かった。守ると約束した責任をどう考え直す？,架空の計画。方法の改善だけでなく託された信頼をどう持つか考える。,,備えを信じた人への自己の責任。,,,,最終確認待ち
exp26-world-0193,環境・エネルギー・防災,4,3,actor,recovery_meaning,災害の記憶を伝える役を担ったが、自分の話として語りたくない日がある。役割と自分をどう分けたい？,仮の語り部活動。経験を語り続ける義務は設定しない。,,記憶を伝える人が休む自由。,,,,最終確認待ち
exp26-world-0194,環境・エネルギー・防災,4,2,actor,conservation_knowledge,自分の自然写真が保全の広告に選ばれ、撮影地を明かせば評価も広がる。守ってきた場所と認められたい自分をどう持つ？,架空の利用依頼。自然への愛着と作品の評価が異なる方向を向く。,,保全の写真で得る自己の承認。,,,,最終確認待ち
exp26-world-0195,環境・エネルギー・防災,4,2,actor,future_responsibility,自分たちの環境活動を後輩へ託すが、後輩は目的を変えたいと言う。何が残れば引き継がれたと思える？,仮の継承。手法の保存と自然を守る目的の継続は同じではない。,,保全活動の継承を手放す条件。,,,,最終確認待ち
exp26-world-0196,環境・エネルギー・防災,4,2,actor,restoration_baseline,自分が植えた森が、想定と違う生き物の場になった。計画どおりに戻すか、今の変化を認めるか何で決める？,仮の再生後。望んだ成果と予期しない生命の居場所が関わる。,,保全の作り手が制御を手放す。,,,,最終確認待ち
exp26-world-0197,環境・エネルギー・防災,4,2,actor,resource_cycles,物を直す暮らしを自分の生き方として広めてきたが、直せない物も多い。期待ほど変えられなくても、自分の選択に意味を感じられる？,架空の活動。成果の数だけでなく本人が選んだ生き方を考える。,,循環を生き方にした自己の意味。,,,,最終確認待ち
exp26-world-0198,環境・エネルギー・防災,4,2,actor,nature_relationship,自然を守るため好きな場所を秘密にしてきたが、誰ともその良さを語れない。何を共有したい？,仮の保全行動。場所の保護と自然への愛着を伝える関係を考える。,,保全のため共有を控える孤独。,,,,最終確認待ち
exp26-world-0199,環境・エネルギー・防災,4,2,decision_maker,conservation_access,人生の節目に歩いた道を、保全の責任者として閉じる決定をする。自分の大切な経験を断つことに、どんな意味を持たせたい？,架空の閉鎖。決定者自身もその場所の記憶を失う人として考える。,,自分の自然の記憶を断つ決定。,,,,最終確認待ち
exp26-world-0200,環境・エネルギー・防災,4,3,decision_maker,ecosystem_individual,自分が責任を持つ捕獲計画に、長く保全を共にした仲間が参加できないと言う。命の扱いへの抵抗を、自分の計画にどう残したい？,仮の捕獲。仲間への役割の要求と生命観の違いを分ける。,,保全の仲間へ命の判断を求める責任。,,,,最終確認待ち
exp26-world-0201,環境・エネルギー・防災,4,2,decision_maker,restoration_baseline,人生の仕事だと思って進めた森の再生が、完成前に資金を失った。小さな形へ変わっても、自分は何を残せたと思いたい？,架空の事業。完成の姿と本人が使った人生の時間を分ける。,,未完の再生に使った人生の意味。,,,,最終確認待ち
exp26-world-0202,環境・エネルギー・防災,4,2,decision_maker,resource_cycles,物を長く使う方針を信じて施設を運営したが、修理が仲間の負担になった。大切にしてきた信念を自分はどこで変える？,仮の設備管理。資源を守る信念とそれを担う人の生活が関わる。,,資源への信念と身近な人の負担。,,,,最終確認待ち
exp26-world-0203,環境・エネルギー・防災,4,2,decision_maker,future_responsibility,自分が町へ残す最後の仕事として、すぐ皆が使える緑と、後の世代まで人を入れずに育てる森のどちらを託したい？ 何を残した人生だと思いたい？,架空の最後の仕事。すぐ地域の人が使える緑と、人を入れず後の世代へ育てる森を同時には整えられないとする。どちらが実際の保全に優れるかを断定せず、本人が人生の仕事に残したい時間と使い方を考える。,,今使われる緑と後の世代へ託す森のどちらに人生の仕事を残すか。,,,,最終確認待ち
exp26-world-0204,環境・エネルギー・防災,4,2,decision_maker,energy_responsibility,共同発電の代表で、自分も配当を老後の暮らしに当てたい。後の土地のため積立を増やすなら、自分の将来と何を比べる？,仮の運営。代表者も現在の利益を頼る一人として考える。,,環境の終わりと自分の人生の備え。,,,,最終確認待ち
exp26-world-0205,環境・エネルギー・防災,4,2,decision_maker,landscape_governance,地域の木を切る許可を任された。自分にも思い出があるが必要な改修だとする。何を残す判断をしたい？,仮の改修。必要性の確認後にも景色を失う人の意味は残る。,,自分の愛着がある環境の決定。,,,,最終確認待ち
exp26-world-0206,環境・エネルギー・防災,4,2,decision_maker,preparedness_governance,災害で備えの大切さを知り、防災訓練を任されるようになった。参加者がつらくて中止を望む時、自分の使命をどう持つ？,架空の訓練。本人の経験を語らず、備えを守る思いと今の負担を考える。,,防災の使命と参加者を守る責任。,,,,最終確認待ち
exp26-world-0207,環境・エネルギー・防災,4,3,decision_maker,recovery_meaning,地域への恩返しとして復興事業を担った。自分には成果が見えるが、住民は戻ったと感じない。自分が返したかったものは何？,仮の復旧。事業の成果と地域へ抱いた個人的な責任を分ける。,,恩返しとして担う復興の意味。,,,,最終確認待ち
exp26-world-0208,環境・エネルギー・防災,4,3,decision_maker,recovery_meaning,自分の家族の思い出もある被災地の展示を任された。つらい場面を減らす案が出た時、自分はどんな記憶を残したい？,架空の展示。本人の記憶と公的な場で語る役割が重なる。,,災害展示に置く自己の記憶。,,,,最終確認待ち
exp26-world-0209,環境・エネルギー・防災,4,2,decision_maker,conservation_access,保全区域の責任者として、皆へ公開したい発見がある。守るため伏せることを自分の成果として受け止められる？,仮の調査結果。評価を得る機会と対象の安全が関わる。,,成果を見せない保全判断。,,,,最終確認待ち
exp26-world-0210,環境・エネルギー・防災,4,3,decision_maker,ecosystem_individual,保全計画を任され、自分が決めた捕獲で動物の命が失われる。地域の利益だけでは語れない責任をどう持つ？,架空の捕獲。具体的方法でなく決定の結果を引き受ける意味を考える。,,生命を失わせる決定の受止め。,,,,最終確認待ち
exp26-world-0211,環境・エネルギー・防災,4,2,decision_maker,resource_cycles,自分の名で表彰された回収事業が、実際には再利用に結びつかないと分かった。功績を返すとして、何を協力者へ伝えたい？,架空の事業評価。本人の承認と資源上の成果を分ける。,,循環の功績を手放す自己の責任。,,,,最終確認待ち
exp26-world-0212,環境・エネルギー・防災,4,3,decision_maker,energy_responsibility,自分が提案した電力の融通制度で、近隣から助けを求められた。自地域の安心も不確かな時、信じてくれた住民へ何を約束できる？,仮の供給不安。技術的な供給指示でなく提案者の約束の責任を扱う。,,相互の電力を約束した自己の責任。,,,,最終確認待ち
exp26-world-0213,環境・エネルギー・防災,4,2,decision_maker,future_responsibility,地域の未来を守りたいと集めた保全基金を任され、今困る隣人へ使う提案が出た。自分が守りたかった未来には誰がいる？,架空の基金。寄付の目的と現在の暮らしへの関わりを考える。,,保全の未来像に今の人を戻す。,,,,最終確認待ち
exp26-world-0214,環境・エネルギー・防災,4,2,decision_maker,landscape_governance,川の再生を任されたあなた自身は、昔の護岸に愛着がある。住民の意見を聞くときその思いをどこへ置く？,架空の計画。担当者も場所の記憶を持つ人として考える。,,環境決定者の個人的な記憶。,,,,最終確認待ち
exp26-world-0215,環境・エネルギー・防災,4,3,decision_maker,recovery_meaning,災害支援に長く人生の時間を使い、今は撤収を決める立場にいる。残ってほしい人がいる時、自分の役割を何として終える？,架空の撤収。地域の回復と本人の人生の区切りを分ける。,,人生を注いだ災害支援の終わり。,,,,最終確認待ち
exp26-world-0216,環境・エネルギー・防災,4,2,decision_maker,preparedness_governance,備蓄を守るため長く時間を使ったが、災害は起きなかった。感謝されなくても、自分の人生の何を支えた仕事だと思える？,架空の備蓄管理。備えの効果の因果を断定せず使った時間を考える。,,使われない備えに注いだ人生の意味。,,,,最終確認待ち
exp26-world-0217,環境・エネルギー・防災,4,2,decision_maker,restoration_baseline,長く教えてきた森の保全方針を、今の生き物に合わせ変える立場になった。昔の自分を信じた人へ何を伝え直す？,架空の変更。生態の条件と伝えてきた本人の信念を分ける。,,自然を教えた自己の信念の更新。,,,,最終確認待ち
exp26-world-0218,環境・エネルギー・防災,4,2,decision_maker,climate_attachment,亡き祖父と過ごした季節の行事を、気候に合わせ別の時期へ移す判断を担う。暦が変わっても、自分は何を受け継いだと思いたい？,架空の適応。時期の保存と本人の記憶の継承を区別する。,,気候適応で変わる家族の季節の記憶。,,,,最終確認待ち
exp26-world-0219,環境・エネルギー・防災,4,2,decision_maker,shared_ecology,生き物を怖いと感じてきた自分が公園の責任者になった。人の安心と生き物の場を選ぶ時、自分の怖さをどう扱う？,架空の管理。本人の感覚と他の生命の条件を同時に考える。,,共生を決める自己の怖さ。,,,,最終確認待ち
exp26-world-0220,環境・エネルギー・防災,4,2,decision_maker,conservation_knowledge,故郷の生き物を守りたくて調査を担ったが、保護基準には入らなかった。自分の愛着を、どんな言葉で結果と並べたい？,仮の調査。基準の判定と探究を始めた本人の思いを分ける。,,守りたかった故郷と調査の結論。,,,,最終確認待ち
exp26-world-0221,環境・エネルギー・防災,4,2,decision_maker,nature_relationship,保全団体を任され、自分の好きな自然より重要な場所に資金を使う案が出た。役割と愛着をどう比べる？,架空の予算配分。担当者の好きな場所と団体の保全目的が異なる。,,個人の自然への思いと代表責任。,,,,最終確認待ち
exp26-world-0222,環境・エネルギー・防災,4,3,observer,recovery_meaning,親しい人の被災体験が地域の教材になる。自分は誇らしさと、遠くから語られる違和感をどう持つ？,仮の教材化。実際の体験を明かさず身近な記憶の共有を考える。,,災害記憶を聞く近しい人の距離。,,,,最終確認待ち
exp26-world-0223,環境・エネルギー・防災,4,2,affected,future_responsibility,先代の保全で残った森に、まだ手入れの仕事がある。自分は別の人生を望む時、受け継いだ責任をどう持ちたい？,架空の継承。利益を受けたことと本人が選ぶ人生を比べる。,,先代から受け継いだ森の手入れと、自分が望む別の人生。,,,,最終確認待ち
exp26-world-0224,環境・エネルギー・防災,4,3,observer,ecosystem_individual,保全のための捕獲を正しいと思っていた自分へ、親友が参加したつらさを話した。友人を知った後、自分の支持に何が加わる？,仮の会話。制度の賛否と行為を担った相手への関係を分ける。,,他者の苦しみで変わる自己の保全観。,,,,最終確認待ち
exp26-world-0225,国際・平和・協力,1,1,,shared_planet,地図を見るとき、国境と地形のどちらが目に入る？,,,世界を捉える入口。,,,,最終確認待ち
exp26-world-0226,国際・平和・協力,1,1,,cross_border_belonging,海外の友達へ自分の暮らしを紹介するなら、何を見せたい？,,,国を越え伝えたい日常。,,,,最終確認待ち
exp26-world-0227,国際・平和・協力,1,1,,distant_attention,遠い国の出来事が身近に感じられるのは、どんなとき？,,,距離の縮まるきっかけ。,,,support-004 / values-016,最終確認待ち
exp26-world-0228,国際・平和・協力,1,1,,cross_border_time,違う国の時刻を知ると、その場所の暮らしを想像する？,,,時差と他者への想像。,,,,最終確認待ち
exp26-world-0229,国際・平和・協力,1,1,,shared_planet,世界の景色を一つ見に行けるなら、何を確かめたい？,,,観光以外の確かめたい関心。,,,,最終確認待ち
exp26-world-0230,国際・平和・協力,1,1,,mutual_dependence,家にある物で、作られた国を知りたいものは？,,,日常の国際的なつながり。,,,,最終確認待ち
exp26-world-0231,国際・平和・協力,1,1,,distant_attention,海外のニュースは、人物の話と地域の背景、どちらから知りたい？,,,遠い出来事の理解の順番。,,,,最終確認待ち
exp26-world-0232,国際・平和・協力,1,1,,cross_border_belonging,旅先で「ここに住んでみたい」と感じるのは、どんな場所？,,,別の国への暮らしの想像。,,,,最終確認待ち
exp26-world-0233,国際・平和・協力,1,1,,cross_border_language,翻訳で意味が分からなくても、好きになった言葉や音はある？,,,言語を越える親しみ。,,,,最終確認待ち
exp26-world-0234,国際・平和・協力,1,1,,shared_planet,国が違っても通じそうだと思う遊びは？,,,共通体験への期待。,,,,最終確認待ち
exp26-world-0235,国際・平和・協力,1,1,,distant_attention,海外にいる人へ一枚の写真を送るなら、今の何を撮る？,,,国境越しに共有する現在。,,,,最終確認待ち
exp26-world-0236,国際・平和・協力,1,1,,cross_border_belonging,一つの国だけを「自分の場所」と呼ぶことは、しっくりくる？,,,単一の帰属への感覚。,,,,最終確認待ち
exp26-world-0237,国際・平和・協力,1,1,,peace_imagination,平和な暮らしと聞いて、どんな一日を思い浮かべる？,,,抽象的な平和の日常像。,,,,最終確認待ち
exp26-world-0238,国際・平和・協力,1,1,,mutual_dependence,世界のどこで作られた物でも、作り手の顔を知りたいと思う？,,,国際的な生産者との距離。,,,,最終確認待ち
exp26-world-0239,国際・平和・協力,1,1,,cross_border_language,初めての国の人に、自分の名前をどう呼んでもらいたい？,,,越境した自己の紹介。,,,,最終確認待ち
exp26-world-0240,国際・平和・協力,1,1,,distant_attention,遠い場所の暮らしを知るなら、食卓、仕事、休日のどれから聞きたい？,,,相手を知る関心の所在。,,,,最終確認待ち
exp26-world-0241,国際・平和・協力,1,1,,cross_border_belonging,旅から帰ったとき、帰ってきたと感じるのはどんな瞬間？,,,国際移動後の帰属の実感。,,,,最終確認待ち
exp26-world-0242,国際・平和・協力,1,1,,shared_planet,国境を知らずに行き来する鳥を見ると、何を考える？,,,国境の見方の身近な入口。,,,,最終確認待ち
exp26-world-0243,国際・平和・協力,1,1,,peace_imagination,海外の同じ年頃の人へ、どんなことを聞いてみたい？,,,国家でなく同世代への関心。,,,,最終確認待ち
exp26-world-0244,国際・平和・協力,1,1,,mutual_dependence,海外から届く物を待つ時間に、距離を感じることはある？,,,生活にある世界の距離。,,,,最終確認待ち
exp26-world-0245,国際・平和・協力,1,1,,cross_border_belonging,複数の国に友達がいる暮らしを、楽しそうと感じる？ 落ち着かなさも感じる？,,,国際的なつながりの感覚。,,,,最終確認待ち
exp26-world-0246,国際・平和・協力,1,1,,cross_border_language,知らない言葉の看板を見ると、読めるようになりたい？ そのまま眺めたい？,,,異国の言葉への接近の好み。,,,,最終確認待ち
exp26-world-0247,国際・平和・協力,1,1,,distant_attention,他国の天気を見て、その場所の人を思い出すことはある？,,,遠い暮らしを日常に含める。,,,,最終確認待ち
exp26-world-0248,国際・平和・協力,2,1,,cross_border_language,海外の友達と話すと、どちらかの言葉に合わせている。交互に相手の言葉を使うことをどう感じる？,,,言葉の負担を共有する感覚。,,,,最終確認待ち
exp26-world-0249,国際・平和・協力,2,1,,cross_border_language,翻訳を介して友達と話すと内容は分かるが冗談は伝わりにくい。どんな会話なら近づけたと思える？,,,越境した理解の実感。,,,,最終確認待ち
exp26-world-0250,国際・平和・協力,2,2,,cross_border_belonging,海外から来た人に「自分の国の代表として話して」と頼むことを、どう感じる？,,discrimination_and_hate,個人を国の代表にする距離。,,,,最終確認待ち
exp26-world-0251,国際・平和・協力,2,2,,distant_attention,海外の出来事を、現地の友達へ聞きたい。話したくないかもしれない時、何から伝えたい？,,,情報への関心と相手の生活。,,,,最終確認待ち
exp26-world-0252,国際・平和・協力,2,1,,mutual_dependence,海外の友達と共同で物を作る。作業時間の感覚が違ったら、何を約束したい？,,,越境協働のペース。,,,,最終確認待ち
exp26-world-0253,国際・平和・協力,2,1,,cross_border_belonging,長く海外に住む友達が、故郷の行事をもう知らないと言う。自分はどんな話を共有したい？,,,国を離れた後の関わり。,,,,最終確認待ち
exp26-world-0254,国際・平和・協力,2,2,,peace_imagination,国同士の関係が悪くなっても、相手の国の友達と以前どおり話したい。何が気になりそう？,,,国と個人の関係の境界。,,,,最終確認待ち
exp26-world-0255,国際・平和・協力,2,1,,local_aid_voice,海外の友達に善意で送った物が、生活には合わなかった。自分なら次に何を聞きたい？,,,支援の内容を受ける側から知る。,,,,最終確認待ち
exp26-world-0256,国際・平和・協力,2,1,,cross_border_time,海外の相手へ返事を急いでほしいが、こちらの昼は相手の夜。待つ時間をどう受け止める？,,,時差で変わる連絡の期待。,,,,最終確認待ち
exp26-world-0257,国際・平和・協力,2,2,,mutual_dependence,共同の海外交流で一方だけ旅費を出せない。会うことの価値と負担をどう話したい？,,,国際交流の費用の境界。,,,,最終確認待ち
exp26-world-0258,国際・平和・協力,2,1,,cross_border_language,相手が自分の言葉を学んでくれるが、自分は相手の言葉が苦手。理解し合う努力をどう考える？,,,越境関係の努力の非対称。,,,,最終確認待ち
exp26-world-0259,国際・平和・協力,2,2,,cross_border_belonging,二つの国で育った人に「どちらが本当の故郷？」と聞くことは、どんな問いに感じる？,,,帰属を一つに決める言葉。,,,,最終確認待ち
exp26-world-0260,国際・平和・協力,2,1,,distant_attention,外国の困り事を知る集まりで、明るい暮らしの話も聞きたい。自分は何を知りたいのだと思う？,,,遠い地域を困難だけで捉えない。,,,,最終確認待ち
exp26-world-0261,国際・平和・協力,2,2,,peace_imagination,違う国の友達が同じ歴史を別の呼び名で話す。まず呼び方と出来事のどちらを聞きたい？,,,歴史の違いへ近づく順序。,,,,最終確認待ち
exp26-world-0262,国際・平和・協力,2,1,,local_aid_voice,海外交流で相手が謝礼を辞退した。礼を形にしたい自分は、何を確かめておきたい？,,,感謝と受け取る側の希望。,,,,最終確認待ち
exp26-world-0263,国際・平和・協力,2,1,,mutual_dependence,海外の友達と遊ぶ約束が通信環境の差で難しい。どんな時間なら一緒に過ごしたと思える？,,,接続条件を越える共有。,,,,最終確認待ち
exp26-world-0264,国際・平和・協力,2,2,,cross_border_language,友達の言葉を訳す係で、少し強い表現を柔らかくしたくなった。何をそのまま伝えたい？,,,越境した代弁の忠実さ。,,,,最終確認待ち
exp26-world-0265,国際・平和・協力,2,1,,cross_border_belonging,久しぶりに帰国した友達が、昔の場所より新しい場所へ行きたいと言う。帰ってきた時間をどう過ごしたい？,,,帰還に期待する懐かしさの差。,,,,最終確認待ち
exp26-world-0266,国際・平和・協力,2,1,,distant_attention,海外の人の暮らしを紹介する写真に自分の解説を付ける。相手へ何を確認したい？,,,他国の生活を紹介する距離。,,,,最終確認待ち
exp26-world-0267,国際・平和・協力,2,2,,local_aid_voice,海外の友達が困っているが、手伝うと言う前に普段の話をしたい。支えになったと思える会話は？,,,支援以外の国際的なつながり。,,,,最終確認待ち
exp26-world-0268,国際・平和・協力,2,1,,peace_imagination,交流会で国の違いを話す時間が多い。共通点を話したい気持ちと、違いを知る楽しみをどう持つ？,,,交流で違いを扱う重心。,,,,最終確認待ち
exp26-world-0269,国際・平和・協力,2,1,,cross_border_language,海外へ送る手紙を翻訳してもらう。正確さと自分らしい言い方、何を残したい？,,,越境した表現の自己像。,,,,最終確認待ち
exp26-world-0270,国際・平和・協力,2,1,,mutual_dependence,友達の国の商品を買って応援したいが、その友達は別の物を勧める。応援したい気持ちをどう伝える？,,,国を通じた応援と個人の希望。,,,,最終確認待ち
exp26-world-0271,国際・平和・協力,2,2,,cross_border_belonging,他国で長く住む相手がこちらの習慣を忘れた。変わった相手へ、寂しさをどう話したい？,,,越境で変化した関係の感覚。,,,,最終確認待ち
exp26-world-0272,国際・平和・協力,2,1,,distant_attention,国際交流で相手の生活を知りたいが、収入を聞くのは迷う。何を話すと距離が近づきそう？,,,遠い暮らしへの質問の境界。,,,,最終確認待ち
exp26-world-0273,国際・平和・協力,2,2,,peace_imagination,国が違う友達との交流を家族が心配している。自分にとってその関係の何を伝えたい？,,family_conflict,国際的な関係を身近へ説明する。,,,,最終確認待ち
exp26-world-0274,国際・平和・協力,2,1,,local_aid_voice,遠い地域へ物を送る活動で、相手から違う支援を頼まれた。仲間と何を確かめたい？,,,善意の計画を変える入口。,,,,最終確認待ち
exp26-world-0275,国際・平和・協力,3,1,decision_maker,local_aid_voice,支援事業の目的を決める会議は、資金を出す人と現地で使う人のどちらが主導するべき？,仮の共同事業。資金の責任と生活に合う目的を決める権限がある。,,支援の目的への決定権。,,,,最終確認待ち
exp26-world-0276,国際・平和・協力,3,2,actor,local_aid_voice,現地の代表と少数の住民が別の支援を求めたら、実施団体は誰の声をどう確かめたい？,架空の地域。代表者の意見が全住民の希望と一致するとは限らない。,,現地主導の内部の違い。,,,,最終確認待ち
exp26-world-0277,国際・平和・協力,3,1,observer,local_aid_voice,国際支援の成果を、配った物の数と使う人の実感のどちらで報告したい？,仮の評価。数えやすい実績と生活の変化は異なる情報になる。,,支援を評価する尺度。,,,,最終確認待ち
exp26-world-0278,国際・平和・協力,3,1,decision_maker,local_aid_voice,支援が終わった後の維持費も、開始時に実施団体が引き受ける必要があると思う？,架空の設備支援。建設と長く使う運営は別の負担がある。,,国際支援の終わりの責任。,,,,最終確認待ち
exp26-world-0279,国際・平和・協力,3,1,decision_maker,local_aid_voice,寄付者へ伝えやすい成果と現地で必要な地道な作業が違うとき、予算は何で選びたい？,仮の事業配分。説明の分かりやすさと必要の大きさを分ける。,,見えにくい支援の価値。,,,,最終確認待ち
exp26-world-0280,国際・平和・協力,3,2,actor,local_aid_voice,海外支援の写真を使う範囲は、撮る時の同意と後からの希望をどう両立させたい？,架空の広報。募金の役割と写った本人の今の気持ちが関わる。,privacy_and_surveillance,支援広報の同意の継続。,,,,最終確認待ち
exp26-world-0281,国際・平和・協力,3,2,observer,local_aid_voice,支援を受けた人へ成果発表への参加を求めることを、何があれば対等な依頼と感じる？,仮の報告会。感謝を求める圧力と本人が話す機会を区別する。,,受益者を語り手にする条件。,,,,最終確認待ち
exp26-world-0282,国際・平和・協力,3,1,decision_maker,local_aid_voice,国際協力の計画が現地で不要になったとき、余った資金の使い道は誰が決めるべき？,架空の用途変更。寄付の約束と現在の必要が異なる条件。,,国際支援の目的更新。,,,,最終確認待ち
exp26-world-0283,国際・平和・協力,3,1,observer,local_aid_voice,現地の人が自分でできる作業にも海外の参加者を入れることに、どんな価値と負担がある？,仮の交流型支援。効率だけでなく学ぶ側と受け入れる側の時間を考える。,,支援者の学びの負担先。,,,,最終確認待ち
exp26-world-0284,国際・平和・協力,3,1,decision_maker,local_aid_voice,支援団体が撤退する条件は、成果の達成と現地の自立のどちらで決めたい？,仮の事業終了。自立の意味は資金・運営・決定権で異なる。,,終了を決める自立の意味。,,,,最終確認待ち
exp26-world-0285,国際・平和・協力,3,2,observer,return_and_safety,帰還を希望する人への支援は、移動費と戻った後の暮らし、何を含めるべきだと思う？,仮の帰還事業。戻れることと生活を続けられることを分ける。,,帰還支援の範囲。,,,,最終確認待ち
exp26-world-0286,国際・平和・協力,3,2,decision_maker,return_and_safety,故郷へ戻る人と国外に残る人で、支援の条件を変えるなら何を理由にしたい？,架空の制度。場所の選択を評価することと必要への対応を区別する。,,帰還を条件にしない支援観。,,,,最終確認待ち
exp26-world-0287,国際・平和・協力,3,2,actor,return_and_safety,帰還の安全を説明するとき、数値の見通しと本人が頼る家族の情報をどう扱いたい？,仮の情報提供。現在の特定地域の安全性を示すカードではない。,,帰還の判断を支える情報。,,,,最終確認待ち
exp26-world-0288,国際・平和・協力,3,2,observer,return_and_safety,逃れた人へ「いつ帰るか」を定期的に聞く制度を、本人の選択を支える方法と感じる？,仮の相談制度。希望を確かめる機会と帰還を促す圧力を分ける。,,帰還の希望を聞く距離。,,,,最終確認待ち
exp26-world-0289,国際・平和・協力,3,2,decision_maker,return_and_safety,家族が別々の国に住むとき、一緒に暮らす場所を決める支援に何を求めたい？,架空の再会支援。誰か一人の帰還だけが再会の方法ではない。,,家族の国際的な再会の条件。,,,,最終確認待ち
exp26-world-0290,国際・平和・協力,3,1,decision_maker,cross_border_belonging,国際交流の参加者を国籍で分ける制度は、複数の国に帰属する人をどう扱うべき？,仮の交流制度。法的な国籍と本人が感じる所属は別の分類になる。,,交流で単一帰属を求める制度。,,,,最終確認待ち
exp26-world-0291,国際・平和・協力,3,1,observer,cross_border_belonging,海外に暮らす人が故郷の計画へ意見を出す範囲は、何で決めるべきだと思う？,架空の協議。現在の居住と長く関わる利益や記憶が関わる。,,越境した地域への関与。,,,,最終確認待ち
exp26-world-0292,国際・平和・協力,3,1,decision_maker,cross_border_belonging,国を代表する催しに移住者の作品を含める際、何をその国の文化として紹介したい？,仮の展示。出身と今の制作場所は一致しないことがある。,,国際紹介で扱う複数の所属。,,,,最終確認待ち
exp26-world-0293,国際・平和・協力,3,1,observer,cross_border_belonging,海外へ移った人を送り出す地域は、帰ってくること以外にどんなつながりを支えたい？,仮の交流計画。帰還を唯一の貢献とする設定ではない。,,離れた人との国際的な関係。,,,,最終確認待ち
exp26-world-0294,国際・平和・協力,3,1,observer,cross_border_belonging,国境の両側で暮らす人の生活は、国ごとの統計以外にどう理解したい？,仮の調査方針。国家の単位で見えにくい日常の往来がある。,,国の区分外の生活の見方。,,,,最終確認待ち
exp26-world-0295,国際・平和・協力,3,2,decision_maker,mutual_dependence,二国が必要な物を交換するとき、一方が供給を止められる力をどう扱うべき？,架空の協定。相互の利益と依存の大きさは同じとは限らない。,,国際協力の依存の非対称。,,,,最終確認待ち
exp26-world-0296,国際・平和・協力,3,2,actor,mutual_dependence,国を越える物流を安く保つために、遠い地域の働き手の負担をどう確認したい？,仮の取引。購入者の利益と生産地の条件を切り離さず考える。,,国際的な供給の見えない負担。,,,,最終確認待ち
exp26-world-0297,国際・平和・協力,3,1,decision_maker,mutual_dependence,共同の資源管理で一国が約束を守れない年が出たら、例外を何で認めたい？,架空の協定。故意の違反と事情による困難は別に扱える。,,国際約束の例外への信頼。,,,,最終確認待ち
exp26-world-0298,国際・平和・協力,3,1,observer,mutual_dependence,海を共有する国同士で、一国の行動の影響を共同で調べる費用はどう分けたい？,仮の調査。影響の原因、受益、支払える余地が異なる基準になる。,,国際調査の共同負担。,,,,最終確認待ち
exp26-world-0299,国際・平和・協力,3,1,decision_maker,mutual_dependence,国際協力で共通の規格を作るとき、地域ごとの使い方をどこまで残したい？,架空の規格。互換性と現地の生活に合う工夫を比べる。,,統一規格と地域差。,,,,最終確認待ち
exp26-world-0300,国際・平和・協力,3,2,observer,mutual_dependence,災害時に他国から受けた支援への返礼は、同じ量と必要な時の協力、何で考えたい？,仮の援助関係。恩義を量で返すことと次の危機で助けることは異なる。,,国家間の恩義の返し方。,,,,最終確認待ち
exp26-world-0301,国際・平和・協力,3,2,decision_maker,mutual_dependence,共同事業を続ける条件に相手国の政策変更を求める範囲は、どう決めるべき？,仮の協力条件。責任ある関与と相手の決定権の境界を考える。,,国際協力の条件と自律。,,,,最終確認待ち
exp26-world-0302,国際・平和・協力,3,1,observer,mutual_dependence,地域の知識を使う国際事業は、資金以外の貢献もどう評価すべきだと思う？,仮の共同事業。金額だけでは知識や受入れの役割を数えにくい。,,国際協働の非金銭的貢献。,,,,最終確認待ち
exp26-world-0303,国際・平和・協力,3,1,decision_maker,mutual_dependence,国際支援で技術を渡す際、その後の修理を現地でできることはどれほど重要？,架空の技術協力。導入の効果と外部へ依存する期間を分ける。,,技術支援が生む依存。,,,,最終確認待ち
exp26-world-0304,国際・平和・協力,3,1,observer,mutual_dependence,複数の国が共同所有する施設で、使わない時期も費用を払う理由は何だと思う？,仮の共同設備。利用実績と必要な時に使える備えは異なる。,,国際共同資産の維持責任。,,,,最終確認待ち
exp26-world-0305,国際・平和・協力,3,3,decision_maker,peace_dialogue,対立した地域の交流で、参加したくない人をどう尊重しながら対話を続けたい？,架空の交流。会うことも断ることも本人の選択として考える。,,平和への参加を強制しない基準。,,,,最終確認待ち
exp26-world-0306,国際・平和・協力,3,3,observer,peace_dialogue,和解の会議で、許すことと今後協力することを別々の目標にできると思う？,仮の会議。過去への受け止めと将来の関係を同一にしない。,,国際的な和解の意味の幅。,,,,最終確認待ち
exp26-world-0307,国際・平和・協力,3,3,decision_maker,peace_dialogue,争いが終わった地域へ交流を再開する時期は、誰の安心を中心に決めたい？,架空の再開案。具体的な国の安全評価ではなく参加者の条件を考える。,,交流再開の安心の基準。,,,,最終確認待ち
exp26-world-0308,国際・平和・協力,3,3,observer,peace_dialogue,平和を伝える催しで、被害の違いを同じ物語にまとめることをどう感じる？,仮の展示。共通の願いと経験の非対称は同時に残る。,,和解の物語に残す違い。,,,,最終確認待ち
exp26-world-0309,国際・平和・協力,3,2,actor,peace_dialogue,相手国を批判する自由と、交流相手を傷つけない配慮を、会議ではどう両立したい？,架空の交流会。政策への批判と参加者への評価を分ける。,,国際対話の批判の対象。,,,,最終確認待ち
exp26-world-0310,国際・平和・協力,3,2,observer,peace_dialogue,対話の場で話さずに聞く人の参加も、平和に向けた成果として扱いたい？,仮の会議評価。発言数だけでは関わり方の違いを捉えにくい。,,対話の無言の関与の価値。,,,,最終確認待ち
exp26-world-0311,国際・平和・協力,3,3,decision_maker,peace_dialogue,紛争の記録を共同で作るなら、一致しない記憶をどんな形で残したい？,仮の記録事業。事実の確認と経験の受け止めを区別して扱う。,,国際的な記憶の不一致の保存。,,,,最終確認待ち
exp26-world-0312,国際・平和・協力,3,2,observer,peace_dialogue,国際交流を中断する制裁で、政府と市民の関係をどのように区別したい？,架空の交流制限。効果や実在の制裁の合法性を断定する設定ではない。,,制裁が市民関係へ及ぶ範囲。,,,,最終確認待ち
exp26-world-0313,国際・平和・協力,3,3,decision_maker,peace_burden,平和を守る国際活動に参加する負担を、利益を受ける国同士でどう分けたい？,仮の活動。費用・人員・危険は同じ尺度にできるとは限らない。,,平和のための負担の種類。,,,,最終確認待ち
exp26-world-0314,国際・平和・協力,3,3,observer,peace_burden,戦闘を止める合意に現地住民が関われない場合、その合意をどう評価したい？,架空の交渉。即時の安全と暮らす人の将来への決定権が関わる。,,停戦と生活者の参加。,,,,最終確認待ち
exp26-world-0315,国際・平和・協力,3,3,decision_maker,peace_burden,国際的な監視活動で、地元の案内人が負う危険も派遣者と同じように扱うべき？,仮の監視団。目立つ役割と継続して地域に残る役割の危険が異なる。,,平和活動の現地側の負担。,,,,最終確認待ち
exp26-world-0316,国際・平和・協力,3,2,observer,peace_burden,平和が保たれた期間に使われなかった準備を、国際協力の成果と感じられる？,仮の予防活動。効果の因果を断定せず見えにくい役割を考える。,,平和の予防的な協力の評価。,,,,最終確認待ち
exp26-world-0317,国際・平和・協力,3,2,observer,peace_burden,争いの後で暮らしを戻す支援は、戦闘の停止と同じくらい平和の課題だと思う？,架空の復旧。衝突がないことと生活の安定は別の条件になる。,,平和を日常まで捉える範囲。,,,,最終確認待ち
exp26-world-0318,国際・平和・協力,3,3,decision_maker,peace_burden,国際活動を終える際、任務の期限と地域の不安をどう比べて撤収を決めたい？,仮の派遣。無期限の参加を当然とせず終了後の影響も考える。,,平和活動を終える責任。,,,,最終確認待ち
exp26-world-0319,国際・平和・協力,3,2,observer,distant_attention,遠い国の危機を継続して伝える報道に、急な事件以外の暮らしも求めたい？,仮の報道方針。注目を集める出来事と長い生活の変化を分ける。,,国際的な関心の時間幅。,,,,最終確認待ち
exp26-world-0320,国際・平和・協力,3,2,decision_maker,distant_attention,国際支援の優先順位に、自国で知られている地域かどうかを反映してよいと思う？,架空の配分。募金の集まりやすさと必要の大きさは異なる。,,知名度で変わる国際支援。,,,,最終確認待ち
exp26-world-0321,国際・平和・協力,3,2,observer,distant_attention,遠い人への支援を伝える際、困窮の写真より本人の言葉を中心にする理由は何？,仮の紹介方法。資料の迫力と語る人の選ぶ自己像がある。,,遠い他者の見せ方の価値。,,,,最終確認待ち
exp26-world-0322,国際・平和・協力,3,1,decision_maker,distant_attention,国際交流の相手を選ぶとき、似た暮らしと違う条件、どちらを重く見たい？,架空の交流事業。理解しやすさと未知の生活へ触れる機会を考える。,,交流で期待する他者との距離。,,,,最終確認待ち
exp26-world-0323,国際・平和・協力,3,2,decision_maker,cross_border_language,国際会議で共通語だけを使うなら、言葉を持たない参加者の考えをどう残すべき？,仮の会議設計。進行の速さと表現できる範囲が異なる。,,国際対話の言語上の対等さ。,,,,最終確認待ち
exp26-world-0324,国際・平和・協力,3,1,actor,cross_border_language,翻訳者が相手の言葉を調整する範囲は、発言者と聞き手のどちらへ説明したい？,架空の通訳。意味の忠実さと誤解を避ける補助を分ける。,,国際的な代弁の説明責任。,,,,最終確認待ち
exp26-world-0325,国際・平和・協力,3,1,decision_maker,cross_border_language,共同の声明で全言語の意味を完全にはそろえられないとき、何を共通の約束としたい？,仮の声明。表現の一致と引き受ける行動の一致は別に考えられる。,,越境した合意の意味。,,,,最終確認待ち
exp26-world-0326,国際・平和・協力,3,1,observer,cross_border_language,国際事業の現地語の資料を、共通語の要約と同じ重さで評価するには何が必要？,仮の評価制度。読める人の範囲で成果が見えなくなる条件。,,言語で変わる成果の認識。,,,,最終確認待ち
exp26-world-0327,国際・平和・協力,3,1,decision_maker,shared_planet,国をまたぐ自然を保護するとき、国境より生態のまとまりを優先した区域を認めたい？,仮の保護区。各国の管理権限と連続する環境が関わる。,,国の単位と共有する自然。,,,,最終確認待ち
exp26-world-0328,国際・平和・協力,3,1,observer,shared_planet,公海で見つかった資源を、発見した国と世界全体でどう分けたい？,架空の資源。実在の国際法を説明せず配分の基準を考える。,,発見と共有の国際的な価値。,,,,最終確認待ち
exp26-world-0329,国際・平和・協力,3,1,observer,shared_planet,宇宙から見た地球の写真を平和の教育に使うことに、どんな限界があると思う？,仮の教材。共通の場所を感じても地上の条件の違いは残る。,,共通性で消える国際的な差。,,,,最終確認待ち
exp26-world-0330,国際・平和・協力,3,2,decision_maker,shared_planet,国境を越える環境被害の記録は、原因の国だけでなく影響を受ける国も管理すべき？,架空の調査協定。記録の所有と判断に使う材料の共有が関わる。,,国際的な被害の証拠の共有。,,,,最終確認待ち
exp26-world-0331,国際・平和・協力,3,1,decision_maker,mutual_dependence,国際研究の成果を先に使える国を決める際、資金と調査した地域の貢献をどう比べたい？,仮の共同研究。金銭だけでなく知識や調査場所も成果に関わる。,,国際共同成果の利用の順番。,,,,最終確認待ち
exp26-world-0332,国際・平和・協力,3,1,actor,mutual_dependence,他国の危機に備えて物資を保管する協定は、自国の住民にどう説明したい？,架空の備蓄協定。互いに助ける備えと今の地域の必要を考える。,,国際的な備えへの納得。,,,,最終確認待ち
exp26-world-0333,国際・平和・協力,3,2,observer,return_and_safety,帰還した人の声だけで帰還支援を評価するなら、戻らなかった人に何を聞きたい？,仮の評価調査。成功例の記録と選ばなかった理由の材料が異なる。,,帰還の評価で見えない選択。,,,,最終確認待ち
exp26-world-0334,国際・平和・協力,3,2,observer,local_aid_voice,支援の不満を現地の人が匿名で伝える窓口には、どんな価値があると思う？,架空の窓口。支援を失う不安と計画を変える情報を考える。,,支援を受ける側の言いにくさ。,,,,最終確認待ち
exp26-world-0335,国際・平和・協力,3,1,decision_maker,peace_dialogue,国際対話の終了を、合意の数と相手への理解の変化、何で判断したい？,仮の交流評価。答えが一致しても理由を知らない場合を分ける。,,平和の対話に期待する成果。,,,,最終確認待ち
exp26-world-0336,国際・平和・協力,3,2,observer,cross_border_belonging,複数の国で暮らした子どもを支える交流に、どこにも一つに属さない語りを残したい？,架空の交流。国別の紹介に収まらない帰属を前提にする。,,国境の間の居場所への理解。,,,,最終確認待ち
exp26-world-0337,国際・平和・協力,3,2,decision_maker,local_aid_voice,支援団体の現地職員と海外職員が同じ責任を担うなら、意思決定の違いを何で説明できる？,架空の団体。出身と実務の責任を区別して権限を考える。,,国際支援組織の内部の対等さ。,,,,最終確認待ち
exp26-world-0338,国際・平和・協力,3,1,observer,peace_burden,争いを防ぐ交流を続ける費用は、緊急事態がない時ほど必要だと感じる？,仮の予防事業。見える危機と関係を維持する長期の仕事がある。,,平時の国際関係の維持価値。,,,,最終確認待ち
exp26-world-0339,国際・平和・協力,3,1,actor,distant_attention,国際問題の授業で遠い国の人へ感謝を求めず支援を伝えるには、何を中心にしたい？,仮の教材。助けた側の達成感と相手の自律を分ける。,,支援の学びで残す相手の主体。,,,,最終確認待ち
exp26-world-0340,国際・平和・協力,4,3,affected,return_and_safety,争いから逃れて別の国で仕事と友達を得た。故郷へ戻れるかはまだ不確かだが家族は帰ってほしいと言う。何を大切に選ぶ？,架空の帰還場面です。故郷の家族、新しく築いた仕事や友人、安全に関する不確かな情報を別の条件として考えます。帰る、残る、待つ選択のどれかを勧める問いではありません。UNHCRの1996年資料は自由な選択と安全・尊厳の原則の参照であり、現在の特定の国の安全を評価する根拠ではありません。,family_conflict,INT-02の帰還と新しい帰属。,https://www.refworld.org/policy/opguidance/unhcr/1996/19472,immigration-002 / r6-05-03-l4,,最終確認待ち
exp26-world-0341,国際・平和・協力,4,3,affected,return_and_safety,故郷へ帰る支援を受けられるが、今の国で築いた仕事は手放すことになる。帰るとは自分に何を取り戻すこと？,仮の帰還支援。費用の有無と戻る場所の意味は別の条件。,,帰還に期待する自己の意味。,,,,最終確認待ち
exp26-world-0342,国際・平和・協力,4,3,affected,cross_border_belonging,二つの国で育ち、どちらの人にも外国の人として扱われる。自分の居場所を誰の言葉で決めたい？,仮の越境経験。実際の出身を明かさず所属の実感を考える。,discrimination_and_hate,外から決められる国際的帰属。,,,,最終確認待ち
exp26-world-0343,国際・平和・協力,4,2,affected,cross_border_belonging,長く住んだ国を離れた後、自分だけが知らない出来事が増えた。離れた場所を今も自分の場所と感じられる？,仮の離国。記憶の帰属と現在の生活への参加は異なる。,,国を離れた後の帰属の変化。,,,,最終確認待ち
exp26-world-0344,国際・平和・協力,4,2,affected,cross_border_belonging,故郷へ戻ったが、慣れたはずの習慣に違和感がある。自分が変わったことをどう受け止めたい？,架空の帰国。故郷への愛着と以前の自分に戻れない感覚を考える。,,帰国後の自己像のずれ。,,,,最終確認待ち
exp26-world-0345,国際・平和・協力,4,2,affected,cross_border_language,海外で暮らし、母語より別の言葉で気持ちを話しやすくなった。自分らしい言葉はどこにあると思う？,仮の暮らし。言語の熟達と感情を表す距離は別に考える。,,越境で変わる自己表現。,,,,最終確認待ち
exp26-world-0346,国際・平和・協力,4,3,affected,return_and_safety,家族と別の国で暮らし続けると決めた。安心を得ても残る寂しさを、自分はどんな形で持ちたい？,仮の別居。安全な生活を選ぶことが関係を捨てることとは限らない。,family_conflict,国際的な安全と家族との距離。,,,,最終確認待ち
exp26-world-0347,国際・平和・協力,4,3,affected,local_aid_voice,国際支援を受け、感謝の話を求められたが不満もある。支援を失う不安が残るとき、何を話せたら対等に感じる？,架空の報告会。本人の声と支援者の期待が食い違う条件。,,受ける側の感謝と不満。,,,,最終確認待ち
exp26-world-0348,国際・平和・協力,4,2,affected,local_aid_voice,海外からの支援で設備ができたが、自分たちが使うには別の形がよかった。善意の贈り物を変えたいと言える？,仮の設備支援。贈った目的と受け取った生活の必要を分ける。,,国際支援を自分の生活へ直す。,,,,最終確認待ち
exp26-world-0349,国際・平和・協力,4,3,affected,local_aid_voice,支援団体の写真に自分が写り、遠い人へ困っている姿で知られる。助けにつながっても、どんな自分を残したい？,仮の広報。募金の効果と本人が見られたい姿は別の利益。,privacy_and_surveillance,支援で固定される本人の自己像。,,,,最終確認待ち
exp26-world-0350,国際・平和・協力,4,3,affected,peace_dialogue,対立した地域の交流に誘われた。平和は望むが相手には会いたくない。自分の拒む気持ちをどう位置づける？,架空の交流依頼。会わない選択も平和を望まないこととは限らない。,,平和への願いと接触の拒否。,,,,最終確認待ち
exp26-world-0351,国際・平和・協力,4,3,affected,peace_dialogue,自分の家族が傷ついた争いの相手側に、親しくなった友達がいる。国の歴史とその人への信頼をどう持つ？,仮の関係。相手個人の責任を国の行為と同一にしない。,,国際的な傷と個人の信頼。,,,,最終確認待ち
exp26-world-0352,国際・平和・協力,4,3,affected,peace_dialogue,和解の催しで、自分の経験も一つの明るい物語にしてほしいと言われた。自分は何を消したくない？,架空の催し。共同の希望と本人の複雑な受け止めを分ける。,,和解の物語に残す自分の違い。,,,,最終確認待ち
exp26-world-0353,国際・平和・協力,4,3,affected,peace_burden,国際活動で家族が長く留守になる。平和に役立つと感じても、自分はどんな負担を話しておきたい？,仮の派遣家族。使命の意義と残る人の日常の仕事が関わる。,family_conflict,平和活動を支える家族の負担。,,,,最終確認待ち
exp26-world-0354,国際・平和・協力,4,2,affected,mutual_dependence,海外からの品が届かなくなり、自分が育ててきた地元の店を続けられないとする。他国と距離を置きたい自分の信念と、店に人生を託した思いをどう持つ？,架空の供給停止。現実の物流の原因や予測を示さない。国際関係への本人の信念が、自分の仕事と暮らしの継続にぶつかる場面を考える。,,他国と距離を置きたい信念が、自分の人生の店を支える依存とぶつかる。,,,,最終確認待ち
exp26-world-0355,国際・平和・協力,4,2,affected,cross_border_belonging,住む国を変えた自分を、故郷の友達が遠くなった人と呼ぶ。離れても残したい関係は何？,仮の移住。物理的な距離と相手への帰属の意味を分ける。,,国を離れる自己と関係の継続。,,,,最終確認待ち
exp26-world-0356,国際・平和・協力,4,2,affected,cross_border_belonging,国を代表する場に呼ばれたが、普通の自分として話したい。何を引き受け何は引き受けたくない？,架空の参加依頼。一個人の言葉に国家全体を代表する責任を置く場面。,,国の代表にされる本人の境界。,,,,最終確認待ち
exp26-world-0357,国際・平和・協力,4,2,affected,cross_border_language,家族と離れて他国で暮らすうち、同じ言葉でも気持ちが通じにくくなった。何を改めて話したい？,仮の離住。翻訳だけでは埋まらない生活の変化を考える。,family_conflict,国際移動で変わる家族の理解。,,,,最終確認待ち
exp26-world-0358,国際・平和・協力,4,3,affected,return_and_safety,戻った故郷で、残った人と逃れた自分の距離を感じる。自分が帰ることにどんな意味を持たせたい？,架空の帰還後。残った側と離れた側の経験を優劣にはしない。,,帰還後にも続く他者との距離。,,,,最終確認待ち
exp26-world-0359,国際・平和・協力,4,3,affected,local_aid_voice,支援が終わり、外から来た人は自立した地域と紹介する。まだ助けが必要な自分は、その言葉をどう受け止める？,仮の支援終了。成果の区切りと本人の生活の必要は一致しない。,,支援で区切られる自立の実感。,,,,最終確認待ち
exp26-world-0360,国際・平和・協力,4,2,affected,peace_dialogue,国同士の関係が悪くなり、他国の親友と長年準備した共同の仕事を始められないとする。自分の人生にその人と選んだ未来を、どう残したい？,架空の共同事業と制約。特定の国や現在の渡航条件は説明しない。一度会う予定の調整ではなく、二人が人生に置いた未来を考える。,,国同士の関係で失われた親友との長年の未来を、自分の人生へ持ち直す。,,,,最終確認待ち
exp26-world-0361,国際・平和・協力,4,3,affected,peace_dialogue,争いが終わったと言われても、普通の生活へ戻れない。自分にとって平和になったと感じる条件は？,架空の紛争後。戦闘の不在と日常の安心を分ける。,,本人の暮らしから見る平和。,,,,最終確認待ち
exp26-world-0362,国際・平和・協力,4,3,affected,cross_border_belonging,外国での暮らしに満足しているが、故郷の家族へ戻らない理由を話すのはつらい。何を理解してほしい？,仮の定住。家族を思う気持ちと居場所の選択が両立する場面。,family_conflict,残る選択を家族へ説明する。,,,,最終確認待ち
exp26-world-0363,国際・平和・協力,4,2,affected,cross_border_language,他国の言葉では本音を話せるが、母語に戻すと違和感がある。自分のどんな面が言葉ごとに変わると思う？,仮の言語環境。上手さより表す自己の距離を考える。,,言葉の間にある自己の違い。,,,,最終確認待ち
exp26-world-0364,国際・平和・協力,4,2,affected,mutual_dependence,海外の生産者の暮らしを知る交流で、自分の便利さとのつながりを感じた。何を知らずにいたかったと思う？,仮の交流。事実を断定せず知る前後の責任の感じ方を扱う。,,国際的な生活のつながりを知る負担。,,,,最終確認待ち
exp26-world-0365,国際・平和・協力,4,3,affected,return_and_safety,家族は帰還したが自分は国外に残った。皆と同じ選択でないことを、自分の中でどう受け止めたい？,仮の別の選択。安全の正解ではなく家族との異なる人生を考える。,family_conflict,帰還を共にしない自己の選択。,,,,最終確認待ち
exp26-world-0366,国際・平和・協力,4,3,affected,cross_border_belonging,国を離れるとき、持っていける物は少ないとする。故郷とのつながりとして何を持ちたい？,仮の出発。実際の避難方法でなく記憶を支える物の意味。,,越境で持ち運ぶ帰属。,,,,最終確認待ち
exp26-world-0367,国際・平和・協力,4,3,affected,peace_dialogue,相手国の人と仲良くなった話を、家族に喜んでもらえない。自分にとってその友情は何を変えたと思う？,仮の家族反応。友情を歴史の否定と同じ意味には置かない。,family_conflict,国際友情で変わる自分の見方。,,,,最終確認待ち
exp26-world-0368,国際・平和・協力,4,3,affected,distant_attention,故郷の危機が国外では忘れられていく。今の自分の暮らしを守りながら、何を覚えていてほしい？,仮の関心の変化。語り続ける義務を本人に設定しない。,,離れた故郷を伝える負担。,,,,最終確認待ち
exp26-world-0369,国際・平和・協力,4,2,actor,local_aid_voice,海外で学校を支援すると約束したが、住民会議は水道の修理を希望する。学校を待つ家庭もいるとき、自分は何を基準に計画を変える？,架空の支援計画です。担当者が寄付者へした約束、学校を待つ家庭、住民会議の希望は異なります。住民会議が全住民を代表するとは設定しておらず、会議に出にくい人の声も確かめる余地があります。現地主導の協力の資料は共同で必要を決める論点を支えますが、水道が学校より重要という結論や計画変更の資金条件を証明しません。,,INT-01の担当者の約束と現地主体。,https://www.oecd.org/en/publications/practical-guidelines-for-supporting-locally-led-development_eaecf72b-en/full-report/action-area-meaningful-co-creation-of-development-solutions_a388258e.html,clarity-international_peace_and_cooperation-03-l2 / clarity-international_peace_and_cooperation-01-l3,,最終確認待ち
exp26-world-0370,国際・平和・協力,4,2,actor,local_aid_voice,海外支援に自分の得意な技術を届けたいが、相手は違う手伝いを望む。役に立ちたい自分をどう受け止める？,仮の協力依頼。得意さを発揮する喜びと必要へ応じる役割がある。,,支援する本人の達成感の見直し。,,,,最終確認待ち
exp26-world-0371,国際・平和・協力,4,2,actor,local_aid_voice,受け入れ先へ行く国際活動で、自分の学びが相手の手間になる。参加する意味を何で確かめたい？,架空の活動。交流の利益が双方に同じ形であるとは限らない。,,国際支援者の学びの責任。,,,,最終確認待ち
exp26-world-0372,国際・平和・協力,4,2,actor,local_aid_voice,現地の人の希望を代弁する役になったが、自分に話してくれない人もいる。どこまで代表して語れる？,仮の仲介。聞けた声と聞けなかった声の範囲を考える。,,国際支援で代弁する限界。,,,,最終確認待ち
exp26-world-0373,国際・平和・協力,4,2,actor,local_aid_voice,海外支援で自分が建てた設備を、現地の人が別の用途に変えたいと言う。自分の成果を手放せる？,仮の用途変更。建てた側の愛着と使う側の主体を分ける。,,支援の成果の所有感を手放す。,,,,最終確認待ち
exp26-world-0374,国際・平和・協力,4,3,actor,peace_dialogue,対立した地域の対話を企画したが、参加者に和解してほしい気持ちが強くなった。自分の期待をどこへ置く？,架空の交流。場を開く役割と相手の答えを決めることを区別する。,,平和の企画者が期待を手放す。,,,,最終確認待ち
exp26-world-0375,国際・平和・協力,4,3,actor,peace_dialogue,自国の行為について他国の友達に謝りたいが、自分がしたことではない。謝る言葉にどんな意味を込めたい？,仮の友人関係。個人の行為責任と歴史への関わりを分ける。,,国際的な謝罪の自己の意味。,,,,最終確認待ち
exp26-world-0376,国際・平和・協力,4,3,actor,peace_dialogue,通訳として、つらい話を両側へ伝える役を続けている。正確さを守りながら自分を休ませる基準は？,仮の通訳活動。伝える使命と本人が担える感情の負担を考える。,,平和対話を支える人の限界。,,,,最終確認待ち
exp26-world-0377,国際・平和・協力,4,2,actor,cross_border_language,国を離れた家族が長く語れなかった体験を、自分が訳して海外へ伝える。読者が別の意味に受け止めた時、家族の思いを守ることと新しい理解をどう両立したい？,架空の家族の語り。特定の被害体験を説明させる問いではない。語ることを託された本人の責任と、他の言葉で生まれる受け止めを考える。,,家族から語りを託された本人が、翻訳で変わる受け止めを担う。,,,,最終確認待ち
exp26-world-0378,国際・平和・協力,4,2,actor,cross_border_belonging,国外へ移る自分を、地域が次の担い手として期待していた。離れることをどんな関わり方で説明したい？,仮の移住。帰還以外にも地域への関係は残せる。,,国際移動で手放す地域の役割。,,,,最終確認待ち
exp26-world-0379,国際・平和・協力,4,2,actor,mutual_dependence,他国の人と共同事業を始めたが、資金を出した自分の意見が通りやすい。何を相手へ委ねたい？,架空の協働。資金の責任と対等な決定の条件を分ける。,,国際協働で自分の力を制限する。,,,,最終確認待ち
exp26-world-0380,国際・平和・協力,4,3,actor,peace_burden,平和のための国際活動へ参加したいが、残る家族は生活の負担を心配する。自分の使命を誰と決めたい？,仮の参加。志だけでなく支える側の日常が関わる。,family_conflict,平和への志と身近な責任。,,,,最終確認待ち
exp26-world-0381,国際・平和・協力,4,3,actor,peace_burden,国際活動から戻った後、現地では危機が続く。自分の普段の暮らしへ戻ることをどう受け止めたい？,仮の活動終了。現地への思いと本人の生活の再開を考える。,,平和活動を終えた後の距離。,,,,最終確認待ち
exp26-world-0382,国際・平和・協力,4,3,actor,distant_attention,海外の危機を伝える活動を続けるうち、自分の暮らしまで苦しくなった。関心を休む理由をどう考える？,仮の発信活動。関心の継続と個人が担える範囲は異なる。,,遠い危機を知り続ける限界。,,,,最終確認待ち
exp26-world-0383,国際・平和・協力,4,3,actor,local_aid_voice,支援のために相手の写真を撮ったが、後から使わないでほしいと言われた。募金が減るとして、自分は何を優先する？,架空の広報。広める目的と写った人の今の希望を比べる。,privacy_and_surveillance,支援する自分が公開を止める責任。,,,,最終確認待ち
exp26-world-0384,国際・平和・協力,4,2,actor,cross_border_language,国際交流で友達の発言を訳すと、自分の国への批判になる。自分の立場と通訳の役割をどう分ける？,仮の通訳。批判の対象と訳す人の感情を区別する。,,国を批判する言葉を伝える自己。,,,,最終確認待ち
exp26-world-0385,国際・平和・協力,4,3,actor,return_and_safety,帰還する人を送り出したが、自分は安全の判断に確信がない。背中を押さず支えるとは何をすること？,仮の相談役。特定地域の危険度を説明せず本人の選択を考える。,,帰還を支える人の不確かさ。,,,,最終確認待ち
exp26-world-0386,国際・平和・協力,4,2,actor,mutual_dependence,国外の友達へ援助したら、関係が借りを返す話ばかりになった。対等な友達でいたい自分は何を話す？,仮の援助関係。助けの量と友情の意味を分ける。,,越境援助が変える個人の対等さ。,,,,最終確認待ち
exp26-world-0387,国際・平和・協力,4,3,actor,peace_dialogue,相手側の人と対話し、以前の考えが変わった。自分の仲間へそれを話すとき、何を守りたい？,仮の交流後。仲間への忠実さと相手を知った変化を考える。,,国際対話で変わる自己の立場。,,,,最終確認待ち
exp26-world-0388,国際・平和・協力,4,2,actor,local_aid_voice,支援先で親しい人ばかりに話を聞いてきた。まだ知らない生活を知るため、自分の役割をどう変えたい？,架空の活動。信頼関係のある声だけでは全体を代表しない条件。,,国際支援者の聞く範囲の自省。,,,,最終確認待ち
exp26-world-0389,国際・平和・協力,4,2,actor,cross_border_belonging,海外で故郷を紹介する会を開いたが、自分の記憶は古くなっている。何を自分の話として伝えたい？,仮の紹介会。国全体の現在と本人の記憶の範囲を分ける。,,越境して語る故郷の責任。,,,,最終確認待ち
exp26-world-0390,国際・平和・協力,4,3,actor,peace_burden,現地の協力者と国際活動を終えるが、自分だけ安全な場所へ帰る。感謝以外に何を残す責任を感じる？,仮の撤収。退出できる人と地域に暮らし続ける人の条件が異なる。,,平和活動を離れる側の責任。,,,,最終確認待ち
exp26-world-0391,国際・平和・協力,4,2,actor,distant_attention,遠い国の暮らしを紹介してきたが、苦しい話の方が注目される。自分はどんな相手を知ってもらいたい？,仮の発信。関心を集める方法と一人の生活の幅を比べる。,,国際的な関心を作る人の目的。,,,,最終確認待ち
exp26-world-0392,国際・平和・協力,4,2,decision_maker,local_aid_voice,長く率いた海外支援の団体が、現地ではもう必要とされなくなった。職員の暮らしを守るため続けたい声もある。自分は人生の仕事を終えることと仲間への責任をどう持つ？,架空の団体。現地の自立で支援が不要になることは仮定で、どの団体にも当てはまるという主張ではない。本人の使命が果たされたことと、その仕事で生まれた仲間への責任を別々に考える。,,支援の役目を果たした団体の終わりと、人生の仕事で生まれた仲間への責任。,,,,最終確認待ち
exp26-world-0393,国際・平和・協力,4,3,decision_maker,peace_dialogue,争いを対話で終えたいと長く会議を作ってきた。参加者が話さず帰りたいと言う時、自分の人生の仕事に何を見つけたい？,架空の対話。合意を得る期待と参加者の選択を分ける。,,和解を志した自己が成果を手放す。,,,,最終確認待ち
exp26-world-0394,国際・平和・協力,4,2,decision_maker,mutual_dependence,国際事業の代表として、資金の多い側の希望へ合わせれば続けられる。自分の側の知識が使われない時、協力の意味をどう持つ？,架空の協働。存続の必要と対等に知を持つ役割が異なる。,,国際協力で薄れる自己の側の意味。,,,,最終確認待ち
exp26-world-0395,国際・平和・協力,4,3,decision_maker,return_and_safety,自分も国外へ逃れた経験があり、今は帰還支援を任される。帰る人数を成果に求められた時、残る選択を自分はどう語る？,架空の経験と事業。本人の人生から選択の自由を考える。,,帰還を測る自己と自らの避難の記憶。,,,,最終確認待ち
exp26-world-0396,国際・平和・協力,4,3,decision_maker,peace_burden,国際活動の代表として撤収を決める。自分を信じた仲間の疲れと現地の不安を、どんな責任として持つ？,架空の派遣終了。続けることにも終えることにも異なる相手への負担がある。,,平和活動を終える代表の重大な責任。,,,,最終確認待ち
exp26-world-0397,国際・平和・協力,4,2,decision_maker,local_aid_voice,支援団体を任され、自分が始めた事業を現地へ移す時が来た。自分の名が消えても引き継げたと感じられる？,仮の権限移譲。功績の残り方と現地で続く運営を区別する。,,国際支援の所有感を離れる。,,,,最終確認待ち
exp26-world-0398,国際・平和・協力,4,2,decision_maker,cross_border_language,移住した家族の声が言葉の違いで届かなかった経験から、国際会議の進行を引き受けた。通訳を待たず重要な方針を決めるよう迫られた時、自分は何を守る責任を感じる？,架空の会議と家族の経験。決まった方針は、参加できなかった人々の暮らしにも長く関わると置く。終了時刻だけでなく、本人が役を引き受けた理由と決定の責任を考える。,,言葉で声が届かなかった家族の経験を持つ本人が、暮らしを変える決定を進める責任。,,,,最終確認待ち
exp26-world-0399,国際・平和・協力,4,3,decision_maker,peace_dialogue,家族の被害の記憶もある紛争の共同展示を任された。双方を同じ分量にしたい声が出たら、自分にとって公平とは何？,架空の展示。確認した事実を変えず本人の記憶と役割を考える。,,自己の家族の記憶と平和の表現。,,,,最終確認待ち
exp26-world-0400,国際・平和・協力,4,2,decision_maker,mutual_dependence,人生をかけて国際協力を始めたが、自国の成果と現地の利益がずれた。自分は誰の暮らしが変わる仕事をしたかった？,架空の評価。本人が注いだ時間と成果を受ける相手を分ける。,,国際協力に使った自己の人生の目的。,,,,最終確認待ち
exp26-world-0401,国際・平和・協力,4,2,decision_maker,local_aid_voice,聞かれなかった人の声を残すと約束して、支援を任された。少数の人を待つと計画が遅れる時、自分の約束を何で守りたい？,仮の協議。速さの責任と自分が引き受けた代表の役割が異なる。,,国際支援で声を守るとした自己の約束。,,,,最終確認待ち
exp26-world-0402,国際・平和・協力,4,2,decision_maker,peace_burden,国際対話で自分の考えが変わった経験から交流を担った。安全のため政治の話をやめる案が出た時、自分は何を失うと思う？,架空の交流。穏やかな場と考えを知った本人の経験を比べる。,,対話に人生を変えられた自己の目的。,,,,最終確認待ち
exp26-world-0403,国際・平和・協力,4,3,decision_maker,return_and_safety,家族の帰還先を決める役になった。自分は戻りたいが全員の希望はそろわない。自分が代表してよい範囲をどう持つ？,仮の家族協議。代表する役と本人も選ぶ人生の希望を分ける。,family_conflict,国際的な帰還で自己と家族を代表する。,,,,最終確認待ち
exp26-world-0404,国際・平和・協力,4,2,decision_maker,cross_border_belonging,複数の国で育った自分が、国際交流を任された。参加者を国別に分ける方針を、どんな自分の経験から考え直したい？,架空の交流。本人が感じた帰属と運営の分類が重なる。,,越境経験を持つ決定者の分類。,,,,最終確認待ち
exp26-world-0405,国際・平和・協力,4,2,decision_maker,mutual_dependence,国際協働の代表として、相手側へ技術を渡すと自分の役割が減る。自立を支えることをどう受け止める？,仮の技術移転。支援の必要が減ることと本人の仕事の意味を分ける。,,協力が自分を不要にする感覚。,,,,最終確認待ち
exp26-world-0406,国際・平和・協力,4,3,decision_maker,peace_dialogue,対立した人々の会を任され、自分にも相手側への怒りが残る。進行役の公平さを何で保ちたい？,架空の会議。怒りを消す義務ではなく役割に置く条件を考える。,,平和の進行者自身の感情。,,,,最終確認待ち
exp26-world-0407,国際・平和・協力,4,2,decision_maker,local_aid_voice,海外支援を任され、不満を伝えた相手への支援を続ける。自分の善意が認められなくても役に立ったと思える？,仮の関係。感謝の受取りと生活への実際の役割を区別する。,,支援の評価を相手へ委ねる。,,,,最終確認待ち
exp26-world-0408,国際・平和・協力,4,3,decision_maker,peace_burden,国際活動の代表として、現地協力者にも帰る選択肢を用意すると費用が増える。自分は何を公平と考える？,架空の派遣条件。国籍ではなく退出できる機会の違いを扱う。,,平和活動の退出機会の責任。,,,,最終確認待ち
exp26-world-0409,国際・平和・協力,4,2,decision_maker,distant_attention,自国の支援を誇って育った自分が、国際問題の教材を任された。相手の選択を中心にする時、自分の誇りはどう変わる？,架空の教材。少年期の自己像と相手の主体を知る役割が重なる。,,国際的な学びで変わる自国への自己の誇り。,,,,最終確認待ち
exp26-world-0410,国際・平和・協力,4,3,observer,peace_dialogue,親しい友達が相手国の人との対話を断った。自分も平和を望むなら、その拒否から何を知りたい？,仮の会話。本人を説得する前に接触への感覚を聞く場面。,,平和への拒否を近くから聞く。,,,,最終確認待ち
exp26-world-0411,国際・平和・協力,4,3,observer,return_and_safety,故郷へ帰った海外の親友が、こちらの暮らしは一時の避難だったと話す。自分と過ごした時間を、どんな居場所として受け止めたい？,仮の帰還後。帰る人と送った人が同じ時間に感じる意味を分ける。,family_conflict,帰還する友人と残る自分の時間の意味。,,,,最終確認待ち
exp26-world-0412,国際・平和・協力,4,2,observer,cross_border_belonging,海外の親友が自分の国を故郷と呼ぶようになった。自分だけの場所だと思ってきたなら、その人の帰属をどう迎えたい？,仮の友情。自分が持つ帰属と他者が同じ場所へ感じる関係を考える。,,他者の越境した帰属で変わる自己の場所。,,,,最終確認待ち
exp26-world-0413,科学・研究,1,1,,curiosity_meaning,答えが分からないままでも、眺めていたい不思議はある？,,,解決以外の好奇心。,,,,最終確認待ち
exp26-world-0414,科学・研究,1,1,,curiosity_meaning,理由が分かると、好きだった物への感じ方は変わる？,,,説明で変わる魅力。,,,,最終確認待ち
exp26-world-0415,科学・研究,1,1,,observation_habit,同じ物を毎日観察するなら、どんな変化を見つけたい？,,,観察の楽しみの所在。,,,,最終確認待ち
exp26-world-0416,科学・研究,1,1,,evidence_feeling,「分かった」と感じるのは、説明を聞いたとき？ 自分で確かめたとき？,,,理解の実感の入口。,,,,最終確認待ち
exp26-world-0417,科学・研究,1,1,,question_ownership,自分だけが気にしている疑問を、人にも聞いてみたい方？,,,好奇心を共有する距離。,,,,最終確認待ち
exp26-world-0418,科学・研究,1,1,,uncertainty_comfort,まだ決まっていない答えを知ると、楽しい？ 落ち着かない？,,,未知への感情。,,,,最終確認待ち
exp26-world-0419,科学・研究,1,1,,measurement_attention,数えてみたら面白そうと思う、日常の物事は？,,,身近な測定の興味。,,,,最終確認待ち
exp26-world-0420,科学・研究,1,1,,explanation_depth,好きな道具の仕組みは、どのくらい詳しく知りたい？,,,説明を求める深さ。,,,,最終確認待ち
exp26-world-0421,科学・研究,1,1,,observation_habit,予想と違う結果が出る遊びを、楽しめる方？,,,予想外への受け止め。,,,,最終確認待ち
exp26-world-0422,科学・研究,1,1,,curiosity_meaning,役に立つと分からなくても、調べてみたいことは？,,,実用に限らない探究。,,,clarity-international_peace_and_cooperation-01-l1,最終確認待ち
exp26-world-0423,科学・研究,1,1,,evidence_feeling,人の説明を聞いて、もう一つ例がほしくなるのはどんなとき？,,,納得を支える例の感覚。,,,support-004,最終確認待ち
exp26-world-0424,科学・研究,1,1,,research_attachment,長く調べた人の話では、結果と途中の失敗のどちらを聞きたい？,,,探究の過程への関心。,,,,最終確認待ち
exp26-world-0425,科学・研究,1,1,,uncertainty_comfort,分からないことをメモしておくと、すっきりする？ 気になり続ける？,,,未知を残す習慣の感覚。,,,,最終確認待ち
exp26-world-0426,科学・研究,1,1,,measurement_attention,自分の感覚と測った数が違ったら、どちらをもっと知りたくなる？,,,感覚と測定への興味。,,,,最終確認待ち
exp26-world-0427,科学・研究,1,1,,question_ownership,誰かの疑問を聞いて、自分も気になり始めたことはある？,,,好奇心が移る入口。,,,,最終確認待ち
exp26-world-0428,科学・研究,1,1,,explanation_depth,不思議な現象を楽しむとき、名前だけでも知っておきたい？,,,名付けと体験の距離。,,,,最終確認待ち
exp26-world-0429,科学・研究,1,1,,research_attachment,答えを見つける役と、面白い問いを見つける役、どちらにひかれる？,,,探究で望む役割。,,,,最終確認待ち
exp26-world-0430,科学・研究,1,1,,uncertainty_comfort,昔信じていた説明が変わると、がっかりする？ 次を知りたくなる？,,,知識の更新への感情。,,,,最終確認待ち
exp26-world-0431,科学・研究,2,1,,shared_observation,友達と観察した同じ物を、違う言葉で記録した。記録をそろえる前に何を聞きたい？,,,観察に含まれる感覚の差。,,,,最終確認待ち
exp26-world-0432,科学・研究,2,1,,question_ownership,仲間の疑問を調べていたら、自分には別の疑問が面白くなった。共同の探究をどう続けたい？,,,共同調査で変わる関心。,,,,最終確認待ち
exp26-world-0433,科学・研究,2,1,,measurement_attention,集まりの楽しさを数字で答えてほしいと言われた。数字にしやすい部分と残したい部分は？,,,感覚を測ることへの距離。,,,,最終確認待ち
exp26-world-0434,科学・研究,2,1,,research_participation,研究の質問に答えると謝礼が出る。興味と謝礼、自分はどちらを参加の理由として話したい？,,,調査に参加する身近な動機。,,,,最終確認待ち
exp26-world-0435,科学・研究,2,1,,uncertainty_comfort,仲間と実験して分からないまま終わった。失敗した時間と、面白かった時間のどちらに感じる？,,,未解決の共同作業の意味。,,,,最終確認待ち
exp26-world-0436,科学・研究,2,1,,shared_observation,自由研究の記録で、気になった例だけ写真にした。人へ見せる前に何を補っておきたい？,,,観察記録で残す範囲。,,,,最終確認待ち
exp26-world-0437,科学・研究,2,1,,expert_trust,同じ現象を、専門家と長く経験した人が違う説明で話す。自分はそれぞれに何を聞きたい？,,,専門知と経験への問い方。,,,,最終確認待ち
exp26-world-0438,科学・研究,2,1,,explanation_depth,友達は仕組みを詳しく知りたいが、自分は使えれば十分。どんな説明なら一緒に楽しめる？,,,理解の深さの共同調整。,,,,最終確認待ち
exp26-world-0439,科学・研究,2,1,,research_attachment,長く集めた記録が最初の疑問には役立たなかった。自分ならその記録をどう感じる？,,,探究の成果に含める過程。,,,,最終確認待ち
exp26-world-0440,科学・研究,2,1,,measurement_attention,同じ物を測った数が人によって少し違う。平均と違いの両方をどう残したい？,,,測定のばらつきの扱い。,,,,最終確認待ち
exp26-world-0441,科学・研究,2,2,,research_participation,友達の調査を手伝うと自分の生活習慣を答えることになる。どこまでなら協力したい？,,privacy_and_surveillance,身近な研究協力の境界。,,,,最終確認待ち
exp26-world-0442,科学・研究,2,1,,question_ownership,自分の考えた問いを友達がもっと分かりやすくした。誰の問いだと感じる？,,,共同で育つ探究の所有感。,,,,最終確認待ち
exp26-world-0443,科学・研究,2,1,,uncertainty_comfort,遊びの実験を何度やっても違う結果になった。もう一度やるか、何が気になったら決める？,,,不安定な結果を確かめる動機。,,,,最終確認待ち
exp26-world-0444,科学・研究,2,1,,evidence_feeling,グループの説明は納得できるが自分の実感とは違う。実感をどんな材料として話したい？,,,共同説明と自己の例の距離。,,,,最終確認待ち
exp26-world-0445,科学・研究,2,1,,shared_observation,観察会で名前を知っている人の話ばかりになった。知らない自分はどんな疑問なら出せそう？,,,知識差のある探究への参加。,,,,最終確認待ち
exp26-world-0446,科学・研究,2,1,,expert_trust,専門家が「まだ分からない」と答えた。正直さと物足りなさ、どんな印象になる？,,,不確かさを言う専門家への感覚。,,,,最終確認待ち
exp26-world-0447,科学・研究,2,1,,research_participation,調査に答えた後、結果を知る会に誘われた。自分の回答がどう扱われたか、何を知りたい？,,,研究協力の後に求める関係。,,,,最終確認待ち
exp26-world-0448,科学・研究,2,1,,explanation_depth,手品の仕組みを教えると言われたが、友達は知らずに楽しみたい。自分はどんな知り方を選ぶ？,,,知る楽しさと残す不思議。,,,,最終確認待ち
exp26-world-0449,科学・研究,2,1,,question_ownership,誰かが面白くないと言った疑問を、自分はまだ気にしている。仲間と調べるなら何を伝えたい？,,,小さな疑問の価値を共有する。,,,,最終確認待ち
exp26-world-0450,科学・研究,2,1,,measurement_attention,一週間だけ生活を記録したら、普段と違う行動をしていた。記録のための自分をどう感じる？,,,測ることで変わる日常。,,,,最終確認待ち
exp26-world-0451,科学・研究,2,1,,evidence_feeling,難しい説明を図にしたら分かる気がした。何を確認できれば、本当に理解したと思える？,,,分かりやすさと理解の実感。,,,,最終確認待ち
exp26-world-0452,科学・研究,2,1,,shared_observation,仲間と結果を比べる前に、予想を話したい？ 結果だけ見たい？,,,予想を共有する好み。,,,,最終確認待ち
exp26-world-0453,科学・研究,2,1,,research_attachment,途中で問いが変わった自由研究を、最初の計画と違っても完成したと思える？,,,探究を終える身近な基準。,,,,最終確認待ち
exp26-world-0454,科学・研究,2,1,,research_participation,調査に自由回答を書いたら短く要約された。自分の言葉の何が残ると、伝わったと思える？,,,研究の中で代弁される感覚。,,,,最終確認待ち
exp26-world-0455,科学・研究,2,1,,expert_trust,自分の好きな説明を専門家が否定した。結論と理由、どちらから聞くと話を続けられる？,,,確信を更新する会話の入口。,,,,最終確認待ち
exp26-world-0456,科学・研究,2,1,,uncertainty_comfort,仲間が分かったと言う結果に、自分だけ疑問が残る。何を言えたら次の話へ進める？,,,共同の確信と残る不確かさ。,,,,最終確認待ち
exp26-world-0457,科学・研究,2,1,,measurement_attention,名前を付けて分類できない例を見つけた。例外として残すか、分け方を変えるか何で決めたい？,,,日常の分類に収まらない例。,,,,最終確認待ち
exp26-world-0458,科学・研究,2,1,,research_attachment,調べ物が好きな友達に、結論を急がず途中の話を聞きたい。どんな過程を聞いてみたい？,,,探究を続ける相手への関心。,,,,最終確認待ち
exp26-world-0459,科学・研究,2,1,,research_participation,調査の質問が自分には当てはまらない。近い選択肢を選ぶことと、答えないことをどう考える？,,,調査の枠に入らない自己。,,,,最終確認待ち
exp26-world-0460,科学・研究,2,1,,question_ownership,自分の疑問を検索すると同じ問いを持つ人がいた。安心と残念さ、どちらを感じそう？,,,問いの独自性への感覚。,,,,最終確認待ち
exp26-world-0461,科学・研究,2,1,,shared_observation,観察の集まりで、教える人も初めての発見をした。自分は教わる関係をどう感じる？,,,共同で分からないことの関係。,,,,最終確認待ち
exp26-world-0462,科学・研究,2,1,,evidence_feeling,自分がうまくいかなかった方法を仲間は使いこなす。違いを調べるなら、まず何を知りたい？,,,効果の個人差への好奇心。,,,,最終確認待ち
exp26-world-0463,科学・研究,3,1,actor,research_methods,研究で扱いにくい例を除くと結果が明確になる。除いた例をどのように残すべき？,仮の分析。比較しやすさと対象の幅を区別する。,,分析の外にある例の扱い。,,,,最終確認待ち
exp26-world-0464,科学・研究,3,1,observer,research_methods,調査しやすい人の声ばかり集まった研究を、社会全体の説明に使う範囲は？,架空の調査。参加者の偏りと答えの多さは別の問題。,,研究が代表する範囲。,,,,最終確認待ち
exp26-world-0465,科学・研究,3,1,observer,research_methods,長期観察と短期の実験が異なる答えを示したら、何を比べて使いたい？,仮の結果。方法ごとの観察範囲と条件が異なる。,,研究方法が示す違い。,,,,最終確認待ち
exp26-world-0466,科学・研究,3,1,decision_maker,research_methods,自由な聞き取りを数値へまとめる際、個別の言葉をどこまで残したい？,架空の分析。集計しやすさと語りの意味を分ける。,,語りを測定へ変える境界。,,,,最終確認待ち
exp26-world-0467,科学・研究,3,1,actor,research_methods,研究計画を途中で変えるとき、どんな変更を事前の計画と別に説明すべき？,仮の調査。発見に応じた変更と都合のよい選択を区別する。,,研究の計画変更の透明性。,,,,最終確認待ち
exp26-world-0468,科学・研究,3,1,decision_maker,research_methods,測定器の精度より観察の回数を増やす研究は、どんな問いに向いていると思う？,仮の設計。回数と一回の測定の確かさは別の資源。,,研究の確かさへの投資。,,,,最終確認待ち
exp26-world-0469,科学・研究,3,1,observer,research_methods,同じ条件で繰り返す検証と別の条件で試す検証を、研究の評価でどう分けたい？,仮の評価。同じ結果の確認と適用範囲の確認は異なる。,,確かめ直しの目的の違い。,,,,最終確認待ち
exp26-world-0470,科学・研究,3,1,actor,research_methods,観察することで行動が変わる調査では、その変化も結果として残すべき？,仮の生活調査。観察前と観察中の条件の違いを考える。,,研究参加で変わる対象。,,,,最終確認待ち
exp26-world-0471,科学・研究,3,1,observer,research_methods,例外が多い現象を単純なモデルで扱う意味は、どこにあると思う？,架空のモデル。予測の便利さと省いた条件を分ける。,,研究上の単純化の価値。,,,,最終確認待ち
exp26-world-0472,科学・研究,3,2,decision_maker,research_methods,調査の質問が一部の人に当てはまらない時、比較を保つため選択肢を残すことを認める？,仮の調査票。年ごとの比較と今の生活の幅が関わる。,,調査の継続性と対象の変化。,,,,最終確認待ち
exp26-world-0473,科学・研究,3,1,observer,research_methods,大量の記録から見つけた関係を、理由が分からなくても判断に使いたい？,仮の分析。関係を見つけることと原因を説明することを分ける。,,相関を使う判断の条件。,,,,最終確認待ち
exp26-world-0474,科学・研究,3,1,actor,research_methods,結果が出なかった研究を、どんな情報があれば次の研究へ役立てられる？,仮の検証。否定的な結果と手順の失敗は区別できる。,,不成立の結果を残す価値。,,,,最終確認待ち
exp26-world-0475,科学・研究,3,1,observer,research_methods,調査に参加しなかった理由も、参加者の回答と一緒に記録したい？,架空の調査。回答外の生活が見えない範囲を考える。,,不参加を研究材料にする範囲。,,,,最終確認待ち
exp26-world-0476,科学・研究,3,1,decision_maker,research_methods,珍しい一例を詳しく調べる研究に、一般化できなくても資金を出す価値はある？,仮の研究評価。代表性と新しい問いを見つける役割は異なる。,,一例を知る探究の価値。,,,,最終確認待ち
exp26-world-0477,科学・研究,3,1,decision_maker,research_methods,一つの仮説を深く調べる方法と、複数を広く比べる方法は、何で選びたい？,仮の設計。限られた時間の深さと代替説明の幅を考える。,,確かめる説明の範囲。,,,,最終確認待ち
exp26-world-0478,科学・研究,3,1,observer,research_methods,研究者ごとに言葉の定義が違うなら、同じ数値としてまとめる前に何を求めたい？,仮の比較研究。測った対象の意味がそろっていない条件。,,比較に必要な概念の一致。,,,,最終確認待ち
exp26-world-0479,科学・研究,3,1,actor,research_methods,参加者に結果を見せて解釈を確かめることは、研究者の結論を変える条件になる？,架空の聞き取り。本人の理解と分析者の説明を別の材料にする。,,解釈に参加者の声を戻す。,,,,最終確認待ち
exp26-world-0480,科学・研究,3,1,observer,evidence_update,研究者が結論を変えるとき、間違いの説明と新しい根拠のどちらを詳しく求めたい？,仮の更新。過去の判断の責任と現在の知識を分ける。,,知識更新への期待。,,,,最終確認待ち
exp26-world-0481,科学・研究,3,1,decision_maker,evidence_update,少数の例で大きな変化が見えた結果を、何がそろえば次の判断に使いたい？,仮の結果。変化の大きさだけで確かさは決まらない。,,効果の大きさと根拠の強さ。,,,,最終確認待ち
exp26-world-0482,科学・研究,3,1,observer,evidence_update,相反する研究を紹介する際、同じ分量で載せることが公平だと思う？,仮の紹介。件数や質の違いを表現へどう残すか考える。,,研究の紹介の公平の基準。,,,,最終確認待ち
exp26-world-0483,科学・研究,3,1,observer,evidence_update,まだ確認されていない説明を「有力」と呼ぶには、何を示してほしい？,仮の評価。期待と他の説明との比較の材料を区別する。,,研究への確信を表す条件。,,,,最終確認待ち
exp26-world-0484,科学・研究,3,1,actor,evidence_update,新しい結果が昔の説明と食い違ったら、古い資料にどんな注記を残すべき？,仮の資料更新。知識の歴史と現在使える説明を分ける。,,更新前の知識を残す方法。,,,,最終確認待ち
exp26-world-0485,科学・研究,3,1,observer,evidence_update,専門家の多くが同意する説明でも、残る異論をどこまで公表してほしい？,架空の合意。根拠の重さと異論の存在は別の情報。,,合意と不一致の見え方。,,,,最終確認待ち
exp26-world-0486,科学・研究,3,1,decision_maker,evidence_update,一度広く使われた研究の誤りは、最初の発表より広く訂正する必要がある？,仮の誤り。影響を受けた範囲と訂正が届く範囲を考える。,,研究の訂正を届ける責任。,,,,最終確認待ち
exp26-world-0487,科学・研究,3,1,actor,evidence_update,結果の確かさを数字で示す時、数字の意味を理解できない人へ何を伝えたい？,仮の説明。精密な表示と判断に使える理解を分ける。,,不確実性の伝わる説明。,,,,最終確認待ち
exp26-world-0488,科学・研究,3,1,observer,evidence_update,分からない点を多く書いた報告は、信頼を高める？ 使いにくくすると感じる？,仮の報告。率直さと判断材料の整理は両立が課題になる。,,不確かさが持つ読み手の感覚。,,,,最終確認待ち
exp26-world-0489,科学・研究,3,1,actor,evidence_update,効果が見つからない結果と、効果がないと分かった結果を、説明でどう分けたい？,仮の研究。調べた範囲と否定できる範囲は同じではない。,,不成立の結果の言葉の意味。,,,,最終確認待ち
exp26-world-0490,科学・研究,3,1,decision_maker,evidence_update,昔の測定より今の測定が精密なら、過去の記録をどのように利用したい？,仮の記録。精度の違いと長い時間の材料の価値を分ける。,,古い研究記録の価値。,,,,最終確認待ち
exp26-world-0491,科学・研究,3,1,observer,evidence_update,根拠が弱くなった説明でも、役立つ場面が残るならどんな条件で使いたい？,仮のモデル更新。正しさと限られた用途での便利さを区別する。,,完全でない知識の利用。,,,,最終確認待ち
exp26-world-0492,科学・研究,3,1,decision_maker,evidence_update,研究結果をまとめる時、異なる条件の結果を一つの平均にする範囲は？,仮の統合。共通の傾向と条件ごとの違いが関わる。,,証拠をまとめる境界。,,,,最終確認待ち
exp26-world-0493,科学・研究,3,1,decision_maker,evidence_update,新しい研究の結論に合わせて制度を変えるなら、後から戻せる余地をどこまで残す？,仮の活用。判断の速さと知識が更新される条件を考える。,,研究活用の可逆性。,,,,最終確認待ち
exp26-world-0494,科学・研究,3,1,decision_maker,research_governance,研究費を配る時、役立つ時期が分からない問いをどのくらい残したい？,架空の基金。実用化の時期と知ることの価値は別の尺度。,,探究の長い時間の支援。,,,,最終確認待ち
exp26-world-0495,科学・研究,3,1,decision_maker,research_governance,高価な設備を共有すると、独自の研究を進める自由はどこまで制限してよい？,仮の設備運営。共通資源の効率と問いの独立性が関わる。,,研究資源の共有と自由。,,,,最終確認待ち
exp26-world-0496,科学・研究,3,1,observer,research_governance,注目される研究より記録を保存する作業へ資金を出す理由は何だと思う？,仮の予算。発見と後から確かめられる材料を分ける。,,研究を支える維持作業の価値。,,,,最終確認待ち
exp26-world-0497,科学・研究,3,1,decision_maker,research_governance,同じ失敗を避けるため未公開の結果を共有する制度に、どんな条件を求める？,架空の共有。研究者の機会と社会の重複する負担を考える。,,未公表の失敗を共有する利益。,,,,最終確認待ち
exp26-world-0498,科学・研究,3,1,observer,research_governance,研究の優先順位を決める会議に、専門家でない人はどんな役割で参加したい？,仮の協議。方法の知識と研究の影響を受ける立場を分ける。,,科学の目的への市民の関与。,,,,最終確認待ち
exp26-world-0499,科学・研究,3,1,decision_maker,research_governance,高い成果が期待される一人へ集中する資金と、多様な問いへ配る資金を何で分けたい？,架空の配分。期待する成果と失敗した時の選択肢が異なる。,,研究の集中と幅。,,,,最終確認待ち
exp26-world-0500,科学・研究,3,1,decision_maker,research_governance,研究の終了を、期限とまだ答えのない問い、どちらで決めるべき？,仮の事業。予算を守る役割と未解決の材料を残す意味を考える。,,探究を区切る制度。,,,,最終確認待ち
exp26-world-0501,科学・研究,3,1,observer,research_governance,支援者が研究の結論を望んでいる時、研究者の独立を何で確かめたい？,架空の委託。資金を出す目的と結果の判断を分ける。,,研究の独立の見える条件。,,,,最終確認待ち
exp26-world-0502,科学・研究,3,1,decision_maker,research_governance,研究資料の公開を義務にするなら、読み解くための説明も誰が担うべき？,仮の公開制度。置いてあることと利用できることは別の条件。,,研究公開の実効性。,,,,最終確認待ち
exp26-world-0503,科学・研究,3,2,decision_maker,research_governance,社会への害が心配な研究は、方法を公開して検証することと伏せることをどう比べる？,架空の研究。危険の実行方法でなく検証と利用の条件を扱う。,,確かめる公開と悪用の懸念。,,,,最終確認待ち
exp26-world-0504,科学・研究,3,1,actor,research_governance,調査対象となった地域へ、研究の成果をどう戻す責任があると思う？,仮の現地調査。発表の利益と調査を受け入れた側の利用を分ける。,,研究成果を協力者へ戻す。,,,,最終確認待ち
exp26-world-0505,科学・研究,3,1,observer,research_governance,過去の研究を残す資料館で、誤った説明も保存する理由は何？,仮の展示。現在の正確さと知識が変わった過程を区別する。,,科学の誤りの歴史の価値。,,,,最終確認待ち
exp26-world-0506,科学・研究,3,2,decision_maker,consent_over_time,研究参加に一度同意した人へ、どんな変更の時に改めて希望を聞くべき？,仮の研究。説明した用途と後から変わる条件を比べる。,privacy_and_surveillance,同意の継続を確かめる条件。,,,,最終確認待ち
exp26-world-0507,科学・研究,3,2,actor,consent_over_time,参加者が途中でやめる理由を、研究者はどこまで聞いてよいと思う？,仮の撤退。改善の材料と理由を語らない本人の選択を分ける。,,研究をやめる理由の境界。,,,,最終確認待ち
exp26-world-0508,科学・研究,3,2,decision_maker,consent_over_time,研究をやめた人の過去の記録を使う条件は、開始時にどのくらい詳しく説明したい？,架空の説明。全研究に同じ法的規則があるとは設定しない。,privacy_and_surveillance,既提供記録の条件への理解。,,,,最終確認待ち
exp26-world-0509,科学・研究,3,1,observer,research_participation,研究の謝礼は、時間への対価と負担への補償をどう区別して考えたい？,仮の募集。金額だけでなく引き受ける役割が異なる。,,研究参加の対価の意味。,,,,最終確認待ち
exp26-world-0510,科学・研究,3,2,decision_maker,research_participation,参加者を長く追う調査で、連絡できなくなった人を探す範囲はどこまで？,仮の追跡。記録の継続と今の生活へ接触する負担を比べる。,privacy_and_surveillance,長期研究の接触の境界。,,,,最終確認待ち
exp26-world-0511,科学・研究,3,2,decision_maker,research_participation,自分の結果を知りたくない参加者へ、研究の成果を返す方法に何を求めたい？,仮の結果返却。全体の学びと個人の情報を受け取る選択を分ける。,,研究で知る範囲の選択。,,,,最終確認待ち
exp26-world-0512,科学・研究,3,2,observer,research_participation,謝礼のために何度も研究へ参加する人を、どんな基準で募集に含めたい？,仮の募集。本人の動機と調査上の条件を同一にはしない。,,研究参加の動機への評価。,,,,最終確認待ち
exp26-world-0513,科学・研究,3,2,actor,research_participation,家族が研究参加を勧めても本人はためらう時、募集者は誰の言葉を中心に聞くべき？,架空の募集。支える家族と同意する本人の立場が異なる。,family_conflict,研究同意への周囲の期待。,,,,最終確認待ち
exp26-world-0514,科学・研究,3,2,decision_maker,research_participation,集団の調査で個人の希望と代表者の許可が違ったら、研究をどう進めたい？,仮の調査。集団への関与と個人の参加の選択を分ける。,,研究参加の二つの同意。,,,,最終確認待ち
exp26-world-0515,科学・研究,3,2,actor,consent_over_time,長期研究で参加者の生活が変わった時、同じ質問を続けることに何を確かめたい？,仮の追跡。比較の継続と本人が語れる範囲は変わりうる。,,変わる生活と研究の継続。,,,,最終確認待ち
exp26-world-0516,科学・研究,3,2,decision_maker,research_participation,研究で偶然知った個人の情報を伝える時、どんな確認を先に求める？,架空の調査。結果の確かさと本人が知る希望を別に考える。,privacy_and_surveillance,研究の予想外の個人情報。,,,,最終確認待ち
exp26-world-0517,科学・研究,3,1,observer,research_participation,参加者に研究の解釈へ異議を出す窓口があることは、同意の条件になる？,仮の制度。参加を選ぶことと成果へ声を返す機会がある。,,研究協力後の発言の価値。,,,,最終確認待ち
exp26-world-0518,科学・研究,3,1,observer,expert_trust,専門家が自分の分野の外で話す時、どんな説明があれば参考にしたい？,仮の相談。肩書きとその問いへの知識を分ける。,,専門知を信用する範囲。,,,,最終確認待ち
exp26-world-0519,科学・研究,3,1,observer,expert_trust,実務経験のある人と研究者が食い違ったら、同じ問いに答えているか何を確かめたい？,仮の対話。現場の条件と一般的な説明の範囲が異なる。,,専門家同士の不一致の理解。,,,,最終確認待ち
exp26-world-0520,科学・研究,3,1,observer,expert_trust,専門家の利害関係は、意見を聞く前と後、どちらで知りたい？,仮の説明。意見の内容と資金や役割の情報を分ける。,,利害を知る時機と信頼。,,,,最終確認待ち
exp26-world-0521,科学・研究,3,1,observer,expert_trust,専門家が考えを変えた時、以前の自信が強かったことは今の信頼へ影響する？,仮の更新。判断の過程と断言の仕方を別に評価する。,,過去の確信と現在の信頼。,,,,最終確認待ち
exp26-world-0522,科学・研究,3,1,observer,expert_trust,詳しい説明をする専門家と短く判断を示す専門家を、どんな場面で頼りたい？,仮の相談。理解する目的と判断を急ぐ目的が異なる。,,専門家へ委ねる役割。,,,,最終確認待ち
exp26-world-0523,科学・研究,3,1,decision_maker,expert_trust,専門家の意見を委員会がまとめる時、残った少数意見に何を記録してほしい？,仮の報告。結論の使いやすさと不一致の理由を考える。,,専門知の合意の作り方。,,,,最終確認待ち
exp26-world-0524,科学・研究,3,1,observer,expert_trust,専門家へ判断を任せても、影響を受ける人が決めるべき部分は何だと思う？,仮の審議。知識の判断と何を大切にする選択を分ける。,,科学が決める範囲と価値。,,,,最終確認待ち
exp26-world-0525,科学・研究,3,1,decision_maker,expert_trust,専門家を選ぶ際、同じ説明を続けた経験と説明を更新した経験をどう比べたい？,架空の選任。安定性と変化への対応は異なる評価になる。,,専門家の履歴への期待。,,,,最終確認待ち
exp26-world-0526,科学・研究,3,1,observer,expert_trust,科学的な根拠が弱い時にも決める必要があるなら、専門家に何を求める？,仮の判断。証明できる範囲と暫定的な助言を分ける。,,不確実な時の専門家の役割。,,,,最終確認待ち
exp26-world-0527,科学・研究,3,1,affected,expert_trust,専門家に生活の経験を伝える会議で、どんな扱いなら経験も材料になったと思える？,仮の会議。体験の代表性と条件を知る意味を区別する。,,科学の場で経験を聞かれる感覚。,,,,最終確認待ち
exp26-world-0528,科学・研究,3,1,observer,expert_trust,研究機関への信頼を、個々の研究者と確認する仕組みのどちらへ置きたい？,仮の評価。人物の誠実さと組織の検証の役割がある。,,科学への信頼の所在。,,,,最終確認待ち
exp26-world-0529,科学・研究,3,1,observer,expert_trust,自分に分からない証拠でも、専門家が見せることにはどんな意味がある？,仮の説明。本人の理解と他者が確かめられる公開を分ける。,,検証可能性の間接的な信頼。,,,,最終確認待ち
exp26-world-0530,科学・研究,3,1,decision_maker,research_careers,研究者の評価に、発表した数以外でどんな仕事を含めたい？,仮の評価制度。指導や記録管理も研究を続ける条件になる。,,科学を支える見えない仕事。,,,,最終確認待ち
exp26-world-0531,科学・研究,3,1,observer,research_careers,新しい問いを作った人と結果を確かめた人を、同じ成果の担い手として評価したい？,架空の共同研究。発案と確認には別の役割がある。,,探究の貢献の種類。,,,,最終確認待ち
exp26-world-0532,科学・研究,3,1,decision_maker,research_careers,長く成果が出ない研究を支えるか、何を見て継続を判断したい？,仮の助成。期待だけでなく学べた条件も材料になる。,,未完の研究の価値の判断。,,,,最終確認待ち
exp26-world-0533,科学・研究,3,1,observer,research_careers,若手が先輩の結果へ疑問を出す研究室に、どんな仕組みが必要だと思う？,仮の組織。立場の差と結果の検証を分ける。,,科学の内側の問いの自由。,,,,最終確認待ち
exp26-world-0534,科学・研究,3,1,decision_maker,research_careers,共同研究の名前の順番は、時間と責任と発案のどれを中心に決めたい？,仮の発表。異なる貢献を一列の表示にする問題。,,科学の功績の示し方。,,,,最終確認待ち
exp26-world-0535,科学・研究,3,1,observer,research_careers,研究者が失敗を話せる場は、成功した発表と同じように支援したい？,架空の制度。評価を得る場と学びを共有する場が異なる。,,失敗を語る科学の価値。,,,,最終確認待ち
exp26-world-0536,科学・研究,3,1,observer,research_careers,個人のひらめきと共同で磨いた問いは、研究の功績としてどう分けたい？,仮の成果。最初の着想だけで完成した説明ではない条件。,,問いを共同で育てる貢献。,,,,最終確認待ち
exp26-world-0537,科学・研究,3,1,decision_maker,research_careers,終えた研究の資料を保管する作業は、次の研究より優先する時期があると思う？,仮の資源配分。新しい発見と後から確かめられる責任を比べる。,,研究の終了後の維持。,,,,最終確認待ち
exp26-world-0538,科学・研究,3,1,observer,research_careers,興味の変わった研究者が分野を移ることを、継続した専門性とどう評価したい？,仮の選考。蓄積の深さと違う問いへ進む幅を分ける。,,研究する人の変化への評価。,,,,最終確認待ち
exp26-world-0539,科学・研究,3,1,decision_maker,research_careers,研究で結論を出さず、重要な疑問を残すことも成果と認めたい？,仮の評価。答えの数と次に問えることの価値は異なる。,,未解決を残す科学の成果。,,,,最終確認待ち
exp26-world-0540,科学・研究,3,1,observer,public_knowledge,研究を公共の場で紹介する時、役立つ理由を説明できない問いも扱いたい？,仮の展示。実用と知る喜びは別の価値になる。,,科学を知る実用外の意味。,,,,最終確認待ち
exp26-world-0541,科学・研究,3,1,decision_maker,public_knowledge,科学の展示で、答えよりまだ分からないことを中心にする場は必要？,仮の展示設計。確定した知識と探究の余地の紹介を分ける。,,科学の未知を見せる目的。,,,,最終確認待ち
exp26-world-0542,科学・研究,3,1,actor,public_knowledge,市民が集めた観察記録を研究に使う時、参加者へどんな成果を戻したい？,架空の調査。データ提供と本人が学ぶ機会が関わる。,,市民科学の参加の意味。,,,,最終確認待ち
exp26-world-0543,科学・研究,3,1,observer,public_knowledge,研究の説明を短くする時、条件と結論のどちらを削りにくいと感じる？,仮の紹介。分かりやすさと説明が成り立つ範囲を考える。,,科学説明に残す前提。,,,,最終確認待ち
exp26-world-0544,科学・研究,3,1,decision_maker,public_knowledge,科学の催しで詳しい人も知らない人も楽しむには、どんな問いを置きたい？,架空の企画。知識を示す場と疑問を出す場を分ける。,,科学への参加を広げる問い。,,,,最終確認待ち
exp26-world-0545,科学・研究,3,1,actor,public_knowledge,研究者の失敗を展示するとき、笑える話と確かめ方の学びをどう残したい？,仮の展示。人物の評価と研究過程の理解は別の目的。,,科学の失敗を紹介する距離。,,,,最終確認待ち
exp26-world-0546,科学・研究,3,1,observer,public_knowledge,科学に詳しくない人の疑問を研究の出発点として扱う意味は何だと思う？,仮の企画。専門的な新規性と日常から生じる問いを比べる。,,専門知の外から問う価値。,,,,最終確認待ち
exp26-world-0547,科学・研究,3,1,observer,public_knowledge,科学の説明に例え話を使う時、どこで例えが終わるかも伝えてほしい？,仮の教材。理解の助けと対象そのものの違いを分ける。,,科学の比喩の限界。,,,,最終確認待ち
exp26-world-0548,科学・研究,3,1,observer,public_knowledge,研究の結論を使う人に、方法まで読んでもらう責任はどこまである？,架空の利用。確認する役割と必要な知識の負担を考える。,,科学を使う側の理解の範囲。,,,,最終確認待ち
exp26-world-0549,科学・研究,3,1,decision_maker,public_knowledge,学校で科学の答えを教える時間と、分からない問いを作る時間をどう配分したい？,仮の授業。知識の習得と探究を始める力は違う目標になる。,,科学教育の問いの時間。,,,,最終確認待ち
exp26-world-0550,科学・研究,4,3,affected,consent_over_time,長期研究で、参加をやめても既提供の記録は説明された目的に使う条件に同意した。今は残る情報が不安だ。一度選んだ条件を今の自分はどう受け止める？,架空の長期研究です。新しい記録を渡す判断ではなく、過去に説明を受け同意した利用条件を、現在の自分がどう受け止めるかを考えます。既提供記録の扱いは研究ごとの説明や条件を確認する必要があり、ここでの条件を全研究に共通する法的規則とはしません。資料は2010年の米国の指針で、日本の一律のルールを示すものではありません。,privacy_and_surveillance,CS-S1の過去の同意と現在の自己。,https://www.hhs.gov/ohrp/regulations-and-policy/guidance/guidance-on-withdrawal-of-subject/index.html,r6-08-04-l3 / r6-08-04-l4,,最終確認待ち
exp26-world-0551,科学・研究,4,3,affected,consent_over_time,子どものころ参加した研究に、今の自分には残したくない記録がある。昔の自分の言葉を、誰のものと感じる？,仮の長期研究。幼い時の選択と現在の自己像を分ける。,privacy_and_surveillance,成長で変わる記録への所有感。,,,,最終確認待ち
exp26-world-0552,科学・研究,4,3,affected,research_self_image,性格を調べる研究で、自分の思う自分と違う説明が返った。確定した評価ではないとしても、何を大切に自分を捉える？,架空の研究結果。診断でなく解釈の一つとして自己理解を考える。,,測定に揺らぐ自己の理解。,,,,最終確認待ち
exp26-world-0553,科学・研究,4,3,affected,research_self_image,自分の人生の話が研究で、典型的な一例としてまとめられた。正確でも違和感があるなら、何が失われたと思う？,仮の分析。事実の一致と本人にとっての生の意味を分ける。,,研究の分類に入る自己の意味。,,,,最終確認待ち
exp26-world-0554,科学・研究,4,3,affected,research_self_image,研究に答えた言葉から、普段意識しない自分の偏りを指摘された。望んだ自己像と違う部分をどう持ちたい？,仮の結果返却。評価の正しさを固定せず問い直す材料として扱う。,,探究で知る望まない自己。,,,,最終確認待ち
exp26-world-0555,科学・研究,4,3,affected,research_participation,亡くなった家族と参加した調査が続いている。自分の記録を残すことは、その人と続くつながりに感じる？,架空の長期調査。データの貢献と本人が感じる記憶の意味がある。,,研究参加に残る他者の記憶。,,,,最終確認待ち
exp26-world-0556,科学・研究,4,2,affected,research_participation,研究を支えたいと長く協力したが、結果には自分の生活が見えない。何が伝われば、参加した意味を感じられる？,仮の成果報告。集団の知識と個人が語った経験を分ける。,,協力者が求める人生の反映。,,,,最終確認待ち
exp26-world-0557,科学・研究,4,3,affected,consent_over_time,昔の自分の記録が新しい研究の大切な材料になった。今は同じ自分ではないと感じるなら、どこまで託したい？,仮の用途の相談。新しい利用への希望を聞く場面で許可は前提にしない。,privacy_and_surveillance,変わる自己と残る研究記録。,,,,最終確認待ち
exp26-world-0558,科学・研究,4,3,affected,research_self_image,自分が経験したことを、研究者は記憶の違いとして説明する。自分にとって確かだった経験をどう受け止める？,架空の解釈。本人の記憶と説明の双方を無条件に正解とはしない。,,科学の説明と生きた実感。,,,,最終確認待ち
exp26-world-0559,科学・研究,4,3,affected,measurement_identity,長年記録した数値で、人生が良くなったと言われた。自分の実感は違うとき、何を回復したいと思う？,仮の生活研究。指標の改善と本人の充実は別の評価になる。,,改善の数値に収まらない人生。,,,,最終確認待ち
exp26-world-0560,科学・研究,4,3,affected,consent_over_time,研究で家族との関係を語ったが、後から家族の見方も分かった。過去の自分の語りをどんな形で残したい？,仮の聞き取り。昔の受け止めと現在の理解は両方ありうる。,family_conflict,変わる家族理解と研究の語り。,,,,最終確認待ち
exp26-world-0561,科学・研究,4,2,affected,research_participation,自分の地域の歴史を研究へ話す役になったが、覚えていないことも多い。代表として語れる範囲をどう感じる？,架空の地域研究。本人の記憶と地域全体の説明を分ける。,,自分の記憶が集団を代表する重さ。,,,,最終確認待ち
exp26-world-0562,科学・研究,4,2,affected,research_self_image,調査で自分の暮らしが少数の例だと知った。孤独と特別さのどんな感覚が生まれそう？,仮の調査結果。頻度の少なさを良し悪しの評価とはしない。,,科学の比較で知る自己の位置。,,,,最終確認待ち
exp26-world-0563,科学・研究,4,3,affected,research_participation,本人を特定しにくくした語りでも、自分には自分の話だと分かる。公開して残ることを何で選びたい？,架空の公開相談。社会的な識別の危険と本人の私的な感覚を分ける。,privacy_and_surveillance,匿名でも残る自己への距離。,,,,最終確認待ち
exp26-world-0564,科学・研究,4,2,affected,research_participation,自分の記録が役立つと期待して協力したが、分析から外れた。参加の意味を成果以外にも感じられる？,仮の研究終了。除外は本人の価値への評価ではない条件。,,使われなかった協力の自己評価。,,,,最終確認待ち
exp26-world-0565,科学・研究,4,3,affected,knowledge_burden,自分の将来について参考になりそうな研究結果を知れるが、確かさは低い。知る前の自由を残したいと思う？,架空の結果。具体的な診断や予測能力を主張せず情報との距離を扱う。,,不確かな自己情報を受け取る意味。,,,,最終確認待ち
exp26-world-0566,科学・研究,4,3,affected,knowledge_burden,人生の選択を説明する調査に参加し、偶然の影響が大きかったと知った。自分の努力の意味をどう考え直す？,仮の解釈。調査が本人の人生の原因を確定したとはしない。,,科学の説明と努力の自己像。,,,,最終確認待ち
exp26-world-0567,科学・研究,4,3,affected,research_participation,研究者に話すことで整理できた人生を、その研究者は別の目的で読んでいた。自分にとって話した時間とは何？,架空の聞き取り。支えられた実感と分析する役割が異なる。,,研究の場に生まれた個人的な意味。,,,,最終確認待ち
exp26-world-0568,科学・研究,4,3,affected,consent_over_time,長く協力した研究をやめたいが、自分の記録が途切れるのは研究者へ申し訳ない。どんな責任まで自分は持つ？,仮の追跡調査。参加者に継続の義務は設定しない。,,継続協力を終える本人の恩義。,,,,最終確認待ち
exp26-world-0569,科学・研究,4,3,affected,research_self_image,自分の生活が研究で改善例として紹介された。まだ苦しい部分があるなら、その説明と自分をどう分ける？,架空の報告。成果の物語と本人の日々の実感を比べる。,,研究の成功例にされる自己。,,,,最終確認待ち
exp26-world-0570,科学・研究,4,2,affected,measurement_identity,生活を測る研究で、良い数値を出すことが自分の目標になった。記録を終えたら何を大切に暮らしたい？,仮の参加経験。測定の目的と本人の暮らしの目的がずれた条件。,,測ることで変わる人生の基準。,,,,最終確認待ち
exp26-world-0571,科学・研究,4,3,affected,research_participation,自分と似た人のために調査へ協力したが、結果が偏見にも使われそうだ。期待した貢献をどう捉え直す？,架空の利用懸念。具体的な偏見の正当化でなく参加者の責任感を扱う。,discrimination_and_hate,貢献が別の意味に使われる不安。,,,,最終確認待ち
exp26-world-0572,科学・研究,4,2,affected,research_self_image,調査の結果では自分の選択が一般的だった。大切に悩んだ選択が、ありふれていることをどう感じる？,仮の調査。頻度と本人にとっての重さは異なる。,,一般化されても残る人生の意味。,,,,最終確認待ち
exp26-world-0573,科学・研究,4,3,affected,consent_over_time,研究へ提供した創作の記録を、今の自分は作品として残したくない。過去の自分が選んだ公開をどう扱いたい？,架空の研究条件。記録の価値と変わる表現者の希望を分ける。,privacy_and_surveillance,研究に残る過去の自己表現。,,,,最終確認待ち
exp26-world-0574,科学・研究,4,3,affected,research_participation,調査に参加した自分より、研究で語られる集団像の方が世間に知られた。自分は何を個人の言葉で返したい？,架空の報告。集団の説明を一人の人格へ当てはめない。,,集団像の中にある個人の声。,,,,最終確認待ち
exp26-world-0575,科学・研究,4,2,affected,knowledge_burden,大切にしてきた習慣の由来を研究で知り、以前のように楽しめなくなった。知った後も何を残したい？,仮の発見。特定の習慣の事実を断定せず理解による意味の変化。,,知ることで変わる愛着。,,,,最終確認待ち
exp26-world-0576,科学・研究,4,2,affected,research_self_image,自分の得意さは特別だと思っていたが、研究では環境との組合せだと説明された。自分の力をどう受け止めたい？,仮の説明。本人の能力を確定せず自己の意味づけを考える。,,科学の説明で変わる才能観。,,,,最終確認待ち
exp26-world-0577,科学・研究,4,3,affected,research_participation,研究の記録に家族の私的な話も含まれる。自分の経験として語ったことでも、どこまで自分が決めてよい？,架空の聞き取り。本人の語りと他者の生活の範囲が重なる。,family_conflict / privacy_and_surveillance,自己の語りに含まれる他者の領域。,,,,最終確認待ち
exp26-world-0578,科学・研究,4,2,affected,consent_over_time,参加してきた研究の目的が変わり、新しい目的にも価値は感じる。最初の自分の期待を何として残したい？,仮の変更。追加利用の同意は前提にせず目的との関係を考える。,,協力した目的が変わる自己の意味。,,,,最終確認待ち
exp26-world-0579,科学・研究,4,3,affected,measurement_identity,自分の悲しみが調査で点数になった。比較に役立つとして、その数字では言えないことは何だと思う？,架空の測定。心理状態の診断でなく経験を表す尺度との距離。,,測られた感情と自己の語り。,,,,最終確認待ち
exp26-world-0580,科学・研究,4,2,affected,research_participation,忘れていた過去の自分の回答が長期研究で返ってきた。今の自分とは違う願いを、どう受け止めたい？,仮の記録返却。過去の回答を現在の義務にしない。,,研究で出会う過去の自分。,,,,最終確認待ち
exp26-world-0581,科学・研究,4,2,affected,research_self_image,自分の考えが変わった理由を研究者は一つにまとめた。複雑なまま残したい部分があるなら、何？,仮の解釈。説明の簡潔さと本人の迷いの過程を分ける。,,科学の説明に残らない人生の複雑さ。,,,,最終確認待ち
exp26-world-0582,科学・研究,4,3,affected,research_participation,自分の暮らしを知る研究が終わり、話を聞いてくれる人もいなくなった。参加で得ていたものは何だった？,仮の研究終了。相談の代わりとせず継続した関係の意味を考える。,,研究参加の終わりの関係の喪失。,,,,最終確認待ち
exp26-world-0583,科学・研究,4,3,affected,knowledge_burden,研究結果から昔の自分の選択を考え直したくなった。後から得た知識で、当時の自分をどう評価したい？,仮の知識更新。当時に知らなかった条件を今の評価と区別する。,,知識更新と過去の自己への判断。,,,,最終確認待ち
exp26-world-0584,科学・研究,4,3,affected,research_participation,自分が長く提供した記録を他の人も研究する。会ったことのない人へ人生の一部を託すことをどう感じる？,架空の共同分析。説明された利用の範囲で知る相手との距離を扱う。,privacy_and_surveillance,研究を介して託す私的な人生。,,,,最終確認待ち
exp26-world-0585,科学・研究,4,2,affected,measurement_identity,数値では平穏だった期間を、自分は大きな変化の時期として覚えている。何を人生の節目と呼びたい？,仮の生活記録。測定の変化と本人の意味の変化を分ける。,,記録外にある自己の転機。,,,,最終確認待ち
exp26-world-0586,科学・研究,4,2,affected,research_participation,研究に残った自分の言葉が、未来の誰かに読まれる。何を分かってもらえたら残してよかったと思える？,仮の保存。実際の保存期間の規則でなく自分の声の継承を考える。,,研究を通して後世へ残る自己。,,,,最終確認待ち
exp26-world-0587,科学・研究,4,2,affected,research_self_image,人生の選択を予測する研究で、自分が大切に決めた進路も予測通りだったとする。自分で選んだという感覚をどう持ちたい？,架空の予測結果。現実の研究に個人の決定を確実に予測する能力があるとは主張しない。予測の的中と、本人が理由を考えて選んだ経験を別々に扱う。,,予測通りだった進路と、自分で理由を考えて選んだという人生の感覚。,,,,最終確認待ち
exp26-world-0588,科学・研究,4,3,affected,consent_over_time,参加を続けると昔のつらい経験を何度も答える。役立つと感じても、自分はどこで語るのを終えたい？,仮の調査。経験の開示を義務にせず継続の希望を考える。,,科学へ語り続ける本人の限界。,,,,最終確認待ち
exp26-world-0589,科学・研究,4,2,affected,research_participation,自分は研究に協力しただけだが、成果の共同発表へ呼ばれた。知識を作る側になったと感じられる？,仮の発表。提供者としての役割と知を担う自己像を分ける。,,参加者から知の担い手になる意味。,,,,最終確認待ち
exp26-world-0590,科学・研究,4,2,affected,knowledge_burden,自然の不思議に救われて研究者になったが、仕組みを説明できた今は同じ驚きを感じない。自分の人生を支えた不思議を、知った後は何として持ちたい？,架空の研究者の人生。仕組みを知ることが必ず驚きを奪うとは主張しない。問い始める支えだった経験と、理解できた現在の自分の仕事の意味を考える。,,人生の支えから探究へ向かった本人が、理解した後の驚きの意味を持つ。,,,,最終確認待ち
exp26-world-0591,科学・研究,4,3,affected,research_self_image,生まれ育った場所を研究では不利な環境と呼ぶ。大切な自分の故郷を、どんな言葉でも語りたい？,架空の評価。条件の分析と本人の帰属への愛着は別の価値。,,科学の分類と育った場所の自己。,,,,最終確認待ち
exp26-world-0592,科学・研究,4,2,affected,research_participation,自分の匿名の話が研究で共感を集めたが、名前は知られない。誰かへ届いたことだけで満たされると思う？,仮の公開。認められる自己と私的な生活を守る選択が関わる。,privacy_and_surveillance,研究の語りと認められる自己。,,,,最終確認待ち
exp26-world-0593,科学・研究,4,2,affected,knowledge_burden,大切な人と違う結果が出る研究に参加した。比べなければ知らなかった違いを、自分は関係へ持ち込みたい？,架空の比較。結果の確かさを固定せず知る前後の関係を考える。,,科学で知った違いと親密な関係。,,,,最終確認待ち
exp26-world-0594,科学・研究,4,2,actor,research_attachment,自分の過去の結果を別の条件で確かめる研究と、重要な新しい疑問を調べる研究に価値を感じる。次の機会にも関わる限られた時間を、何で選びたい？,架空の研究者の選択です。同じ条件で再現することと、別の条件でも確かめることは異なります。既に発表した結果への責任、新しい重要な疑問を知る喜び、限られた時間、自分の次の機会を別の価値として考えます。新しい研究を利己的、確認だけを正しいとは扱いません。次の研究機会への影響は問いの仮定です。,,CS-S2の責任と探究への人生の選択。,https://www.nationalacademies.org/read/25303/chapter/9,clarity-science_research_and_uncertainty-01-l3 / clarity-science_research_and_uncertainty-03-l2,,最終確認待ち
exp26-world-0595,科学・研究,4,3,actor,research_attachment,十年かけた仮説を支えない結果が出た。誠実に扱いたいとして、自分が過ごした十年にどんな意味を見つけたい？,仮の検証。仮説の不成立と本人の時間の価値は同じではない。,,探究が否定された人生の意味。,,,,最終確認待ち
exp26-world-0596,科学・研究,4,2,actor,evidence_responsibility,自分の研究の小さな誤りを見つけた。結論は変わらなくても、誇りを持ってきた成果をどう説明し直す？,仮の訂正。実際の誤りの重大性を固定せず本人の誠実さを考える。,,誇った知識に残る誤りの責任。,,,,最終確認待ち
exp26-world-0597,科学・研究,4,3,actor,evidence_responsibility,以前の自分の説明が広く使われ、今は条件が違うと分かった。自分の名で何を訂正する責任を感じる？,仮の知識更新。過去に使った人への関わりと現在の材料を扱う。,,自分の知識が他者へ残した影響。,,,,最終確認待ち
exp26-world-0598,科学・研究,4,3,actor,research_independence,恩師の結果を確かめ直すと疑問が出た。恩師への感謝と自分が知ったことを、同じ人生の中でどう持ちたい？,架空の研究。人への忠実さと結果を検討する責任を分ける。,,科学への責任と恩師との関係。,,,,最終確認待ち
exp26-world-0599,科学・研究,4,3,actor,research_attachment,研究の答えが出る前に自分の仕事を終える時が来た。未解決の問いを誰かへ託せれば、やりきったと思える？,仮の引退。結果の達成と問いを残した意味を考える。,,未解決で終わる探究の人生。,,,,最終確認待ち
exp26-world-0600,科学・研究,4,2,actor,research_attachment,多くの人が役立たないと言う問いを、自分は長く追いたい。人生の時間を使う理由を誰へどう話したい？,仮の探究。社会の実用評価と本人の知る意味を分ける。,,実用に認められない探究の意味。,,,,最終確認待ち
exp26-world-0601,科学・研究,4,2,actor,research_collaboration,自分の問いが共同研究で大きく変わった。最初の形が消えても、自分の研究が育ったと感じられる？,架空の協働。問いの所有と他者が加えた新しい意味を考える。,,探究の所有感を手放す。,,,,最終確認待ち
exp26-world-0602,科学・研究,4,2,actor,evidence_responsibility,自分が好んだ結果より、望まなかった結果の根拠が強い。何を失うこととして結論を受け止める？,仮の検証。望む自己像と結果の説明の責任が関わる。,,知ることで失う研究者の期待。,,,,最終確認待ち
exp26-world-0603,科学・研究,4,3,actor,research_independence,支援者の願いと違う結果が出た。自分の次の研究も支えてくれる相手へ、何を率直に伝えたい？,架空の助成。資金への恩義と自分の結果の責任を比べる。,,探究を支えた相手への不一致。,,,,最終確認待ち
exp26-world-0604,科学・研究,4,2,actor,research_collaboration,自分の手間が共同研究の発表にほとんど見えない。知識が残ることと自分が認められることをどう比べる？,仮の共同成果。著者の表示と実際の貢献の意味が異なる。,,科学への貢献と自己の承認。,,,,最終確認待ち
exp26-world-0605,科学・研究,4,3,actor,research_ending,研究を続けるほど別の人生の時間を失ってきた。答えが近いか分からない時、何を終える基準にしたい？,仮の長期探究。続けた時間の重さとこれからの生活を分ける。,,探究に費やした人生の区切り。,,,,最終確認待ち
exp26-world-0606,科学・研究,4,3,actor,research_self_image,誠実な研究者だと思ってきたが、都合のよい結果だけ強く覚えていたと気づいた。自分への信頼を何で取り戻したい？,仮の振り返り。人格の断定でなく確かめる行動と自己像を扱う。,,科学の偏りを自分に見つける。,,,,最終確認待ち
exp26-world-0607,科学・研究,4,2,actor,knowledge_burden,大切な習慣の仕組みを研究したら、人の楽しみが薄れるかもしれない。知る喜びをどこまで共有したい？,仮の発見。説明を受けたい人と未知を残したい人を分ける。,,発見を伝える側の喜びと配慮。,,,,最終確認待ち
exp26-world-0608,科学・研究,4,3,actor,research_independence,家族の経験を出発点に研究したが、結果は家族の思いと違った。自分は何のために問い始めたと感じる？,仮の研究。個人の経験と一般的な説明を同じ答えにはしない。,family_conflict,身近な人生から始めた探究の変化。,,,,最終確認待ち
exp26-world-0609,科学・研究,4,3,actor,evidence_responsibility,調査で聞いた人生を、自分の説明へ短くまとめる。発表後も相手の声への責任をどんな形で持ちたい？,仮の聞き取り。分析する権限と語った人の意味の範囲が関わる。,,他者の人生を知識にする責任。,,,,最終確認待ち
exp26-world-0610,科学・研究,4,2,actor,research_ending,自分が残した研究を、後輩は別の目的で使いたいと言う。問いが続くことと自分の願いをどう分ける？,仮の継承。利用の許可は前提にせず探究の意味の変化を考える。,,探究を他者へ渡す自己の境界。,,,,最終確認待ち
exp26-world-0611,科学・研究,4,3,actor,research_collaboration,親友と研究を続けたが、解釈が分かれた。友情を残しながら別の結論で生きることを選べる？,架空の協働。人格の信頼と知識上の不一致を分ける。,,科学の不一致と親密な関係。,,,,最終確認待ち
exp26-world-0612,科学・研究,4,2,actor,research_attachment,自分より若い人が、追ってきた問いへ先に答えた。自分の探究は何を得た時間だったと思いたい？,仮の発見。先に発表する評価と本人の学びを分ける。,,探究の競争で失う自己の目標。,,,,最終確認待ち
exp26-world-0613,科学・研究,4,3,actor,research_independence,自分の研究に注目が集まり、断言を期待されるようになった。期待された人でいることと分からなさをどう持つ？,仮の発信。本人の評判と示せる根拠の範囲が異なる。,,科学の顔になった自己への期待。,,,,最終確認待ち
exp26-world-0614,科学・研究,4,2,actor,evidence_responsibility,自分の資料を公開すれば誤りを指摘されるかもしれない。知識を他者へ開くことは、自分に何を委ねること？,架空の公開。私的情報は含まない条件で検証を受ける意味を考える。,,確かめられる研究者になる感覚。,,,,最終確認待ち
exp26-world-0615,科学・研究,4,2,actor,research_collaboration,自分一人の着想だったと思う問いに、他の人の会話が深く影響していた。自分の功績をどう語り直したい？,仮の振り返り。発案した瞬間と問いを育てた関係を分ける。,,探究の自己像に戻す他者の存在。,,,,最終確認待ち
exp26-world-0616,科学・研究,4,2,actor,research_ending,結果の出なかった記録を残すと、失敗した自分も後世に見える。何を次の人へ伝えたい？,仮の保存。功績の紹介と試した条件の材料を分ける。,,失敗した自己を知識として残す。,,,,最終確認待ち
exp26-world-0617,科学・研究,4,3,actor,consent_over_time,自分の調査に長く協力した人が、記録を残したくないと言った。研究の穴だけでなく、その人との関係をどう考える？,架空の撤回相談。利用条件は研究ごとに異なるとして希望を聞く場面。,privacy_and_surveillance,研究者が協力者の変化を受ける。,,,,最終確認待ち
exp26-world-0618,科学・研究,4,3,actor,research_self_image,複雑な話を分かりやすくする研究をしてきたが、単純化で消えた人の声に気づいた。自分の仕事をどう見直す？,仮の分析。説明の有用性と省かれた経験を両方残す。,,科学の説明者としての自己の修正。,,,,最終確認待ち
exp26-world-0619,科学・研究,4,2,actor,research_attachment,知ることが好きで研究を始めたが、今は評価のために問いを選ぶ。自分の探究へ何を取り戻したい？,仮の研究生活。評価を得る必要と本人の好奇心の意味を区別する。,,研究者の人生で変わる知る目的。,,,,最終確認待ち
exp26-world-0620,科学・研究,4,3,actor,research_collaboration,自分の研究を理解してくれた仲間が離れた。問いは残っても、一人で続ける意味は変わると思う？,架空の離別。研究対象と一緒に知る関係の価値を分ける。,,探究を支えた関係の喪失。,,,,最終確認待ち
exp26-world-0621,科学・研究,4,3,actor,research_independence,自分が関わる制度を研究し、望んだ評価にはならなかった。当事者としての自分と研究者をどう持ちたい？,仮の調査。制度への愛着と結果を扱う役割が関わる。,,自分の居場所を検証する葛藤。,,,,最終確認待ち
exp26-world-0622,科学・研究,4,3,actor,evidence_responsibility,自分の結果が、異なる立場の人の暮らしを変える根拠になった。発表した後も、どこまで知る責任を持つ？,架空の社会利用。特定の政策の効果は主張せず成果との関係を扱う。,,発見の先に続く社会への責任。,,,,最終確認待ち
exp26-world-0623,科学・研究,4,2,actor,research_ending,研究を辞めても、その問いが頭から離れない。研究者でなくなった自分に、知る時間をどう残したい？,仮の転身。職の役割と探究が支えた自己を分ける。,,役割を離れた後の探究の自己。,,,,最終確認待ち
exp26-world-0624,科学・研究,4,2,actor,research_self_image,他の研究者に自分の解釈を覆された。負けた感覚と世界をもっと知れた感覚を、どう一緒に持ちたい？,仮の検証。人の勝敗と知識が進むことを区別する。,,訂正を受ける本人の自尊と探究。,,,,最終確認待ち
exp26-world-0625,科学・研究,4,3,actor,research_independence,自分が信じる価値観を研究の問いにしたら、違う理由で生きる人が多かった。研究する自分の信念は変わる？,架空の調査。多数の回答を本人の正解としては扱わない。,,探究で出会う自己の信念の外。,,,,最終確認待ち
exp26-world-0626,科学・研究,4,3,actor,research_collaboration,自分の研究は、自分を傷つけた人の仕事にも役立つ。知識を公開する信念と、その人へ力を渡したくない気持ちをどう持ちたい？,架空の研究と関係。資料に私的な情報や危険な方法は含まず、公開すると特定の人の利用だけを区別できない設定。本人の信念と、傷ついた関係を考える。,,知を開く信念が、傷ついた相手の力にもなることへの本人の葛藤。,,,,最終確認待ち
exp26-world-0627,科学・研究,4,3,actor,research_attachment,最後まで解けないかもしれない問いを追っている。人生の終わりに何が残れば、自分はよい時間だったと思える？,仮の長期探究。答え以外にも見方や人との関係が残りうる。,,未完の科学に使う人生の価値。,,,,最終確認待ち
exp26-world-0628,科学・研究,4,3,actor,knowledge_burden,自分が大切にしてきた物語を、研究では確かめられないと分かった。信じる自分と調べる自分をどう持ちたい？,架空の検証。根拠がないことと本人の意味を同一にはしない。,,科学の限界と自己の信念。,,,,最終確認待ち
exp26-world-0629,科学・研究,4,3,actor,evidence_responsibility,自分の研究の誤りを、支えてくれた人へ話す時が来た。謝罪のほかに、使った時間をどう説明したい？,仮の訂正。結果の誤りと協力の時間を失敗だけにまとめない。,,誤った探究に協力した人への責任。,,,,最終確認待ち
exp26-world-0630,科学・研究,4,3,decision_maker,research_legacy,研究室を任され、恩師が長く追った問いを終える案を決める。自分もその問いで育ったとき、何を継いだと思いたい？,架空の継承。計画の維持と教わった探究の姿勢を分ける。,,恩師の探究を終える自己の責任。,,,,最終確認待ち
exp26-world-0631,科学・研究,4,3,decision_maker,evidence_responsibility,自分が責任者の研究で誤りが見つかった。仲間の評価にも関わる時、自分の名で何を引き受けたい？,仮の訂正。誤りの内容とチームへ及ぶ影響を別に考える。,,訂正で仲間も背負う責任。,,,,最終確認待ち
exp26-world-0632,科学・研究,4,3,decision_maker,research_independence,長く支えた研究所を任され、支援者は自分の望む結論を期待する。失うかもしれない居場所と、守るべき探究は何？,架空の委託。事実を曲げる正解を作らず本人が持つ責任を問う。,,探究の独立で失いうる居場所。,,,,最終確認待ち
exp26-world-0633,科学・研究,4,3,decision_maker,consent_over_time,自分が始めた長期研究で、亡くなった参加者の記録を当初と違う目的に使う案が出た。本人へ聞けない時、託された言葉と今の人の利益をどう持つ？,架空の相談。生前には新しい目的への希望を聞いていないとする。利用の可否を一律の法律として答えるのではなく、再確認できない本人の意思と今の研究へ期待する人への責任を考える。,privacy_and_surveillance,本人へ再確認できない記録の新しい用途と、託された意思を読む責任。,,,,最終確認待ち
exp26-world-0634,科学・研究,4,2,decision_maker,research_legacy,一生かけて集めた資料の保管先を決める。使いやすくするには自分の分け方を変える必要がある。何を残したい？,仮の寄託。本人の知の形と後の人が利用する形が異なる。,,人生の知を他者へ渡す決定。,,,,最終確認待ち
exp26-world-0635,科学・研究,4,2,decision_maker,research_collaboration,自分が代表の共同研究で、若い仲間が別の結論を出した。皆をまとめる役と違いを残す責任をどう持ちたい？,仮の協働。合意させることと検討を続ける場を守ることを分ける。,,研究の代表が不一致を引き受ける。,,,,最終確認待ち
exp26-world-0636,科学・研究,4,3,decision_maker,research_independence,家族に利益がある研究と、家族以外の人に利益がある研究のどちらかへ研究所の時間を向ける役になった。家族も自分たちのために研究してほしいと言う時、自分は誰への責任をどう比べたい？,架空の研究計画。どちらの効果も確定したとは置かず、限られた時間は同時に配れないとする。家族への思いと、研究所を任された本人の社会への責任を分けて考える。,family_conflict,家族に利益を向けたい思いと、研究所を担う本人の社会への責任。,,,,最終確認待ち
exp26-world-0637,科学・研究,4,3,decision_maker,research_ending,自分が始めた研究を終える決定が、仲間の将来も変える。問いへの思いだけでは決められない時、何を背負う？,架空の終了。結果の見通しと一緒に過ごした人への責任を考える。,,探究を終える代表の人生の責任。,,,,最終確認待ち
exp26-world-0638,科学・研究,4,3,decision_maker,knowledge_burden,自分たちの研究が、人の大切な信念を揺らす結果を示した。公表を決める時、知ることの価値をどう説明したい？,仮の発見。具体的な信念の誤りを断定せず公開の意味を考える。,,発見を世へ渡す本人の価値観。,,,,最終確認待ち
exp26-world-0639,科学・研究,4,2,decision_maker,research_legacy,引退後も自分の名を残す研究基金を作れる。自分の問いに限るか、未知の問いへ開くか何を託したい？,架空の基金。功績の継承と次の世代の自由を分ける。,,科学へ残す名と未来の問い。,,,,最終確認待ち
exp26-world-0640,科学・研究,4,2,decision_maker,research_self_image,自分の研究所が成功例ばかり紹介され、地道な失敗は消えている。何を自分たちの歩みとして残したい？,仮の広報。組織の誇りと学びが起きた実際の過程を扱う。,,科学の組織の自己像の選択。,,,,最終確認待ち
exp26-world-0641,科学・研究,4,3,decision_maker,evidence_responsibility,聞かれなかった人の人生を伝えるため研究してきた。一人を深く紹介すると、他の協力者はまた自分の声が届かないと感じる。自分が守りたかった全員の尊厳と、一人を知る責任をどう持ちたい？,架空の聞き取り。誰かの記録を除外する場面ではなく、全員の記録は残るが限られた発表で均等な広さと一人を深く知ることを両立しにくい条件。語りを託された本人の責任を考える。,,全員の声を託された研究者が、一人を深く知る発表の責任を持つ。,,,,最終確認待ち
exp26-world-0642,科学・研究,4,2,decision_maker,research_collaboration,研究チームを任され、自分だけが代表として評価された。嬉しさがある時、功績をどう語りたい？,架空の表彰。本人の感情と見えない貢献を同時に考える。,,科学の代表として受ける承認。,,,,最終確認待ち
exp26-world-0643,科学・研究,4,2,decision_maker,research_independence,自分の研究が世間の期待と違う方向へ進んだ。説明の分かりやすさより、何を自分の問いとして守りたい？,仮の目的更新。期待に応える役割と変わった探究の価値を比べる。,,公共の期待と探究の自己。,,,,最終確認待ち
exp26-world-0644,科学・研究,4,3,decision_maker,consent_over_time,自分の研究を信じていた参加者が不安を話した。説明した条件が同じでも、その信頼へどんな責任を持ちたい？,仮の相談。同意の文面と続く人間関係を別の条件として扱う。,,研究者へ託された信頼の継続。,,,,最終確認待ち
exp26-world-0645,科学・研究,4,2,decision_maker,research_ending,何も確かな答えを残せないまま予算の終了が来た。責任者として、自分の研究を何の時間だったと語る？,架空の事業終了。答えと見つけた限界や疑問は別の成果になる。,,未完の研究を代表して語る意味。,,,,最終確認待ち
exp26-world-0646,科学・研究,4,2,decision_maker,research_legacy,自分が育てた研究分野が別の名に変わる。知識が進むと分かっても、自分の人生の仕事は何として残ると思う？,仮の分野再編。名前の継続と発見の利用を分ける。,,科学の継承で変わる生涯の仕事。,,,,最終確認待ち
exp26-world-0647,科学・研究,4,3,decision_maker,knowledge_burden,自分が公表を決めた結果で、協力者が望まない分類で知られた。何を本人へ返せたら責任を果たしたと思える？,仮の成果公開。研究の意図と相手へ届いた意味が異なる。,,研究公開が本人へ残した結果。,,,,最終確認待ち
exp26-world-0648,科学・研究,4,2,decision_maker,research_independence,自分の信念に近い研究を支える役を任された。違う立場の問いを選ぶ時、何を自分の公平さの条件にしたい？,架空の選考。信念を持つ本人と他者の探究を支える役割を考える。,,科学の資源を選ぶ自己の信念。,,,,最終確認待ち
exp26-world-0649,科学・研究,4,3,decision_maker,evidence_responsibility,自分が指導した人の結果へ疑問が出た。守りたい相手と確かめる責任を、どんな関係として持つ？,仮の検証。人を支えることと結論を保証することを分ける。,,指導した相手の成果の責任。,,,,最終確認待ち
exp26-world-0650,科学・研究,4,2,decision_maker,research_legacy,自分の発見を確かめる最後の試料を、仲間の新しい研究で使い切れば前に進めるとする。後から同じ試料で再確認できなくなる時、自分は何を未来へ残したい？,架空の試料配分。新しい実験で試料を消費し、記録を残しても同じ試料そのものは再び調べられない設定。既に発表した知識の検証手段と、新しい問いの機会を比べる。,,自分の発見を確かめる最後の試料を失う責任と、新しい研究へ託す機会。,,,,最終確認待ち
exp26-world-0651,科学・研究,4,3,decision_maker,research_collaboration,一緒に研究した仲間が亡くなり、自分は続きを決める役になった。本人の願いと今の問いをどう引き継ぐ？,架空の継承。本人へ再確認できない時の研究の目的を考える。,,亡き仲間の探究を継ぐ責任。,,,,最終確認待ち
exp26-world-0652,科学・研究,4,3,decision_maker,research_ending,自分の研究を続けるため、後輩の新しい問いを止める必要があるとする。何を自分の役割として優先したい？,仮の資源不足。本人の探究と次の人の機会を同じ重さで考える。,,科学の世代交代を決める自己。,,,,最終確認待ち
exp26-world-0653,科学・研究,4,2,decision_maker,research_self_image,自分が誇る研究所の創設者は重要な仕事を残したが、研究に参加した人の功績を消していたと知った。創設者の名を掲げる責任を任された時、知への感謝と受け継ぐ組織の姿をどう持つ？,架空の研究所と人物。創設者の発見の価値と、功績を認められなかった協力者への責任は別の論点。具体的な実在人物の事実は示さず、本人が誇ってきた科学の居場所をどう受け継ぐかを考える。,,誇ってきた科学の居場所で、創設者への感謝と消された協力者の功績を受け継ぐ。,,,,最終確認待ち
exp26-world-0654,科学・研究,4,3,decision_maker,research_independence,自分の問いを理解する人が少なくなり、研究を代表して説明する役も苦しい。何を語り続ける理由にしたい？,仮の研究生活。認められることと探究の意味は同一ではない。,,理解されない探究を背負う自己。,,,,最終確認待ち
exp26-world-0655,科学・研究,4,2,decision_maker,evidence_responsibility,自分の研究は後に否定されるかもしれない。責任者として、どんな言葉なら今の結論を未来へ渡せる？,仮の公表。確かめた範囲と更新される余地を両方残す。,,変わりうる知を託す自己の責任。,,,,最終確認待ち
exp26-world-0656,科学・研究,4,3,decision_maker,research_legacy,研究資料を残すため、自分の私的な日記も必要だと言われた。人生の仕事と自分だけの領域をどこで分ける？,架空の保存相談。研究の検証と本人の私生活は異なる利益。,privacy_and_surveillance,科学の人生を残す私的な境界。,,,,最終確認待ち
exp26-world-0657,科学・研究,4,3,decision_maker,consent_over_time,自分が守ると約束した匿名性に限界が見つかった。研究を続けたい気持ちと、協力者へ話す責任をどう持つ？,仮の再評価。危険の実行方法を扱わず約束の説明の場面とする。,privacy_and_surveillance,同意の約束を考え直す自己の責任。,,,,最終確認待ち
exp26-world-0658,科学・研究,4,3,decision_maker,research_ending,自分が任された研究の問いは、答えるほど相手の人生を狭めそうだと感じた。問いそのものを変えることを選べる？,架空の企画。害の確定でなく問いの枠が人へ及ぼす意味を考える。,,研究する問いを手放す倫理。,,,,最終確認待ち
exp26-world-0659,科学・研究,4,3,observer,research_attachment,親しい人が一生追った研究は、答えが出ないまま終わった。自分はその人の人生を何の時間として受け取りたい？,仮の関係。実績の評価と身近に見た探究の意味を分ける。,,未完の探究を近くから受ける。,,,,最終確認待ち
exp26-world-0660,科学・研究,4,3,observer,evidence_responsibility,大切な人の研究を役立たないと長く見てきたが、後から問いの意味を知った。自分が見ていなかった相手へ何を伝えたい？,仮の再理解。成果の価値より親しい人の人生を受け止め直す場面。,,探究する他者を理解しなかった自己の後悔。,,,,最終確認待ち
exp26-world-0661,科学・研究,4,3,observer,research_collaboration,家族が研究を優先して長く不在だった。成果が出なくても、自分は支えた時間へどんな意味を見つけたい？,仮の家族生活。探究者だけでなく支えた人の人生を考える。,family_conflict,研究を支えた自己の時間。,,,,最終確認待ち
exp26-world-0662,科学・研究,4,3,affected,knowledge_burden,大切な人と共に生きる支えにしてきた、人や自然についての考え方が、研究を読んで変わった。もう同じ意味で世界を見られない自分を、相手へどう伝えたい？,架空の知識の変化。相手の信じ方を誤りと決めるのではなく、同じ世界観で人生を過ごした関係と、知った後の本人の意味の違いを考える。,,長く共有した世界観が変わる本人が、大切な相手との意味の違いを伝える。,,,,最終確認待ち
exp26-world-0663,科学・研究,4,3,observer,research_legacy,亡くなった親の研究資料を託された。仕事の成果と家族としての記憶が重なるなら、何を後の人へ残したい？,架空の寄託。自分の愛着と研究の利用の範囲を分ける。,,科学の遺産を家族として受ける。,,,,最終確認待ち
